-173.17 -15.45 60 -4.92 4.30 0.63 -0.56 3.99 -2.63 25 X Y 010490A        
124.85 9.79 16 1.54 -1.07 -0.47 0.43 0.19 -0.56 26 X Y 020890A        
124.86 9.71 15 7.99 -5.53 -2.46 2.51 2.19 -3.96 25 X Y 020890B        
166.19 -15.54 15 -0.20 -0.24 0.44 0.92 -1.14 0.87 26 X Y 021990B        
175.35 -22.05 25 0.54 -3.06 2.52 0.83 -0.71 0.27 27 X Y 030390B        
168.04 -18.35 37 2.76 -0.32 -2.43 1.07 -1.65 0.77 26 X Y 030590A        
-179.38 -30.71 157 3.07 -1.96 -1.11 -5.96 4.75 2.27 25 X Y 032190A        
-84.58 9.95 18 4.09 -3.44 -0.65 9.70 -3.13 1.71 26 X Y 032590D        
-86.64 11.24 32 1.00 -0.76 -0.23 1.32 -0.56 0.53 26 X Y 040390C        
148.08 15.57 15 -1.44 0.18 1.26 -0.53 -0.68 0.30 27 X Y 040590C        
123.35 1.31 33 2.73 -2.47 -0.25 -1.76 -1.10 0.32 27 X Y 041890B        
122.95 1.19 22 5.40 -4.13 -1.27 -4.46 -0.45 0.27 25 X Y 041890C        
-157.05 58.83 224 -3.75 -0.66 4.41 -6.13 2.69 4.43 25 X Y 050190B        
141.38 48.94 612 -3.57 -0.87 4.43 -6.12 -2.66 2.47 26 X Y 051290A        
32.29 5.32 15 -1.50 5.50 -4.00 -2.73 0.49 -0.17 26 X Y 052090A        
31.64 5.93 15 -5.58 5.51 0.07 -1.59 0.09 3.06 25 X Y 052490A        
31.67 5.70 15 -3.55 4.41 -0.86 -1.61 1.53 1.21 26 X Y 052490B        
120.95 -7.30 580 -3.69 2.16 1.53 2.94 0.98 1.18 26 X Y 052490C        
-77.01 -6.22 23 5.08 -0.12 -4.96 -3.32 4.71 0.64 25 X Y 053090A        
26.81 45.92 74 2.56 -1.20 -1.35 -1.63 -0.70 -1.03 26 X Y 053090C        
121.86 11.70 15 -0.83 4.92 -4.09 -0.13 1.07 0.31 26 X Y 061490B        
85.19 47.88 36 3.33 -7.97 4.64 -3.82 2.13 -5.44 25 X Y 061490C        
49.52 36.95 15 2.42 6.99 -9.41 -8.73 -1.22 6.40 26 X Y 062090B        
-176.22 -21.29 195 -0.34 0.20 0.13 -0.69 -1.98 0.49 26 X Y 062390B        
-17.26 0.27 23 -0.58 2.97 -2.39 1.35 -2.80 -7.56 25 X Y 071490B        
121.23 15.97 15 -0.28 3.40 -3.12 -0.27 0.20 -2.41 27 X Y 071690A        
121.19 16.36 15 6.14 -2.40 -3.74 1.11 0.42 -2.97 25 X Y 071790D        
167.26 -15.50 129 5.80 0.93 -6.73 -2.29 -2.57 0.96 26 X Y 072790B        
169.05 -19.58 165 2.21 -0.13 -2.08 0.86 -3.56 1.00 26 X Y 081290C        
162.08 -11.14 16 0.51 -0.35 -0.16 0.33 -1.08 0.54 26 X Y 081790A        
138.34 33.19 17 0.49 -6.93 6.44 -0.49 0.19 -2.29 25 X Y 092390C        
166.84 -13.47 185 1.17 -0.06 -1.12 0.14 -0.32 0.02 26 X Y 092890B        
-66.60 -19.43 275 -2.66 -1.47 4.13 1.08 -5.18 2.53 25 X Y 101090A        
92.29 -2.20 23 0.61 -8.46 7.85 -4.63 0.67 -9.72 25 X Y 101590A        
-70.73 -10.95 616 -3.02 0.24 2.78 -0.21 1.17 -0.45 26 X Y 101790B        
55.25 28.06 15 7.71 -7.79 0.08 2.28 1.81 -0.90 25 X Y 110690C        
169.41 53.77 27 1.32 -3.00 1.68 4.33 2.89 -0.02 26 X Y 110690D        
97.52 4.02 15 0.10 -1.03 0.94 -0.26 -0.38 -0.49 26 X Y 111590A        
150.73 -5.23 205 0.47 -1.00 0.53 1.27 -0.24 -0.84 27 X Y 123090D        
96.18 23.61 21 0.49 0.18 -0.67 1.18 0.55 2.76 26 X Y 010591A        
70.23 36.01 126 1.25 -1.07 -0.17 1.85 -0.09 -0.24 26 X Y 013191B        
159.42 -9.95 15 -2.63 2.39 0.23 -1.05 0.12 -0.34 26 X Y 020991C        
126.79 9.15 28 1.12 -0.01 -1.11 0.18 1.10 -0.15 26 X Y 021891A        
-175.15 58.43 15 -0.72 1.12 -0.40 -0.02 -0.47 -0.06 26 X Y 022191A        
167.35 60.94 15 8.99 -3.72 -5.27 -2.88 -2.47 -5.21 25 X Y 030891B        
-76.84 -5.93 40 2.70 -0.17 -2.53 -0.68 1.17 0.24 26 X Y 040591A        
-175.36 -14.86 15 0.18 6.58 -6.76 0.57 -4.04 7.97 25 X Y 040691B        
-82.77 10.10 15 2.14 -1.70 -0.43 -1.41 1.99 1.07 27 X Y 042291A        
43.61 42.60 22 3.49 -2.80 -0.69 0.89 0.70 0.33 26 X Y 042991B        
139.65 28.14 453 -0.70 0.46 0.24 0.42 -1.02 -0.45 26 X Y 050391A        
123.21 1.57 33 1.77 -1.75 -0.02 -1.54 0.74 0.36 26 X Y 051991A        
126.55 -7.27 35 6.83 -8.44 1.61 -3.68 1.71 -0.07 25 X Y 052191A        
-70.68 -16.69 127 -1.93 0.81 1.13 0.16 -0.96 -0.87 26 X Y 052491B        
-161.64 54.41 24 1.05 -0.77 -0.28 2.03 2.03 -0.52 26 X Y 053091B        
122.43 -7.07 535 0.19 -1.38 1.19 -1.10 1.66 0.23 26 X Y 060791C        
-175.90 -20.15 292 -2.48 1.47 1.01 1.24 1.59 0.94 26 X Y 060991C        
-23.58 -58.63 17 0.89 -5.88 4.98 -0.66 5.85 0.89 25 X Y 061591B        
123.23 1.04 15 0.55 -0.54 -0.01 -2.23 0.24 0.12 27 X Y 062091C        
-63.25 -27.23 570 -5.91 -0.48 6.39 -2.64 5.45 -0.17 26 X Y 062391G        
124.73 -8.02 17 1.06 -1.05 -0.01 -0.74 -0.61 -0.41 26 X Y 070491F        
-71.88 -13.41 106 -1.21 2.09 -0.87 -0.02 -0.36 -0.25 26 X Y 070691A        
-125.86 42.09 16 -0.06 -1.98 2.04 0.35 0.27 0.01 26 X Y 071391A        
70.74 36.12 228 0.91 -1.14 0.23 0.22 0.26 -0.03 26 X Y 071491A        
122.63 1.54 33 6.62 -7.81 1.19 -6.07 0.40 0.14 25 X Y 080891A        
167.83 -13.71 15 3.81 -0.12 -3.68 -0.73 1.66 6.12 25 X Y 081491D        
-125.63 41.71 15 0.10 -3.95 3.85 1.20 1.73 0.01 26 X Y 081791H        
151.21 -6.03 36 5.85 -5.82 -0.04 5.37 1.05 -1.83 25 X Y 092891E        
-178.52 -20.67 590 -1.50 1.03 0.47 -1.95 -2.22 -0.30 26 X Y 093091A        
158.36 -9.17 30 4.91 -1.38 -3.52 0.88 -5.29 3.73 26 X Y 101491C        
78.24 30.22 15 0.68 -0.54 -0.14 1.49 -0.57 0.44 26 X Y 101991G        
-177.53 -30.15 46 7.86 -0.20 -7.66 0.55 4.67 -2.38 25 X Y 110191B        
65.70 -17.34 15 -0.60 -4.98 5.58 -2.45 -1.78 3.04 25 X Y 110591F        
126.85 8.30 43 9.02 -0.05 -8.96 2.61 3.14 -1.74 25 X Y 111391C        
-77.18 4.80 19 3.12 0.10 -3.22 -0.94 -6.50 -0.65 26 X Y 111991G        
171.12 -23.50 15 -5.41 6.75 -1.34 1.95 0.04 0.75 25 X Y 121191E        
151.99 45.66 35 5.83 -2.54 -3.29 2.74 4.68 -3.34 25 X Y 121391B        
151.07 45.39 15 0.54 -0.25 -0.28 0.82 1.16 -0.32 26 X Y 121991A        
151.55 45.58 31 1.40 -0.59 -0.81 1.40 1.90 -0.79 27 X Y 122291B        
-24.48 -55.91 15 -4.57 1.42 3.15 -1.81 2.26 -3.61 26 X Y 122791C        
-24.18 -55.98 18 -6.61 3.23 3.38 -1.46 6.13 -5.08 25 X Y 122891A        
139.38 28.02 523 -4.19 8.56 -4.36 5.67 -5.59 1.91 25 X Y 012092C        
166.36 -16.14 15 1.57 -0.40 -1.17 -0.22 0.44 0.97 26 X Y 021392A        
147.73 -6.43 39 9.78 -9.88 0.10 5.02 0.19 2.19 25 X Y 022792D        
160.36 52.85 50 2.01 -0.74 -1.26 0.88 0.94 -0.82 26 X Y 030292E        
-84.09 10.23 73 1.91 2.19 -4.10 4.61 2.69 -1.34 25 X Y 030792B        
39.57 39.94 15 -0.12 -0.99 1.12 0.04 -0.15 -0.46 26 X Y 031392D        
151.51 -5.66 34 4.44 -4.58 0.13 4.32 0.72 -1.83 25 X Y 040392A        
-130.52 50.86 15 -0.18 -0.88 1.06 0.37 0.00 0.56 26 X Y 040692C        
102.93 -5.88 17 2.84 -2.21 -0.62 7.77 -3.83 1.52 25 X Y 041892A        
-124.31 40.25 15 2.21 -0.79 -1.42 0.62 -6.39 0.45 26 X Y 042592E        
-124.61 40.37 15 2.40 -6.56 4.16 -0.70 -0.81 -2.29 25 X Y 042692C        
-124.69 40.42 15 0.97 -9.64 8.67 3.22 -2.22 -0.88 25 X Y 042692D        
-172.09 -16.71 38 -2.30 -0.40 2.70 -2.45 9.48 6.96 25 X Y 051292D        
147.59 -6.35 40 7.56 -7.12 -0.44 2.87 -0.80 1.62 26 X Y 051592D        
126.96 7.27 34 3.44 0.17 -3.61 2.41 2.30 -0.91 26 X Y 051792B        
127.18 7.33 24 5.79 0.22 -6.01 2.51 5.21 -0.90 26 X Y 051792C        
-77.70 19.84 15 0.04 -0.85 0.81 0.81 -1.27 1.09 26 X Y 052592D        
165.06 -11.20 19 -3.42 -0.10 3.52 0.60 -1.28 -1.15 26 X Y 052792A        
-176.22 -28.17 48 3.96 -1.30 -2.66 0.09 5.18 -1.89 25 X Y 062592C        
-116.65 34.65 15 -0.88 -6.12 7.00 3.81 0.10 7.34 26 X Y 062892C        
-117.24 34.27 15 0.14 -6.81 6.67 0.04 0.36 0.62 25 X Y 062892H        
149.68 44.69 31 5.19 -2.33 -2.86 3.49 3.54 -3.16 25 X Y 071092A        
-177.96 -22.45 394 -3.83 0.07 3.76 -3.82 -5.64 0.13 26 X Y 071192A        
143.54 39.47 15 0.94 -0.05 -0.89 1.05 2.34 -0.20 26 X Y 071892F        
3.80 78.79 15 -0.12 -1.17 1.29 0.04 -0.38 -0.37 26 X Y 072092B        
121.83 -7.27 498 0.17 -8.67 8.50 -3.16 4.05 -0.42 25 X Y 080292B        
-142.92 57.59 15 -0.06 -0.33 0.39 -0.15 -0.68 1.59 26 X Y 080792E        
73.32 42.19 17 6.73 -6.33 -0.40 3.81 -0.56 -1.23 26 X Y 081992B        
-13.54 -0.71 15 -0.16 1.04 -0.87 -0.09 0.29 -1.73 26 X Y 082892G        
-87.81 11.20 15 1.45 -0.93 -0.53 2.65 -1.66 0.44 27 X Y 090292A        
112.21 -6.11 636 -0.99 1.02 -0.03 -0.44 -0.01 -0.27 26 X Y 090292M        
129.38 1.45 33 -0.74 -1.48 2.22 -1.23 2.31 7.57 25 X Y 092692E        
-178.01 51.20 15 4.46 -4.14 -0.32 7.16 4.10 -1.74 25 X Y 093092C        
168.83 -19.17 141 0.51 0.07 -0.58 -0.34 -1.10 0.73 27 X Y 101192C        
166.72 -14.44 52 0.73 -0.54 -0.19 -1.10 -0.83 1.36 26 X Y 101592D        
-76.39 7.22 15 7.44 -6.31 -1.13 1.28 3.45 -8.99 25 X Y 101792E        
-76.34 7.27 15 1.57 -0.99 -0.58 1.01 3.62 -4.25 26 X Y 101892G        
-176.73 -29.74 15 4.24 -0.12 -4.12 1.33 6.29 -1.20 25 X Y 102292B        
-177.02 -29.74 20 5.69 -0.10 -5.59 1.49 6.22 -1.98 25 X Y 102492B        
141.46 -2.16 15 -5.89 6.04 -0.15 1.03 -1.40 0.51 25 X Y 103192C        
-179.54 -15.50 15 0.02 -1.02 1.00 -0.39 -0.19 0.43 26 X Y 110892B        
-25.35 -56.42 15 6.12 -0.27 -5.85 -2.34 4.01 2.39 25 X Y 112192H        
122.49 -8.34 20 4.94 -4.74 -0.20 -0.72 -0.48 -1.17 27 X Y 121292B        
130.52 -6.60 70 4.88 -5.03 0.16 1.43 4.10 5.34 26 X Y 122092I        
-18.76 -0.09 15 0.04 0.58 -0.62 0.00 0.00 -1.63 26 X Y 122692I        
-25.78 -59.42 61 0.51 -1.05 0.54 0.04 -0.65 0.62 26 X Y 011093A        
144.29 43.06 100 -0.19 0.56 -0.38 2.64 0.49 -0.07 27 X Y 011593C        
133.96 38.70 462 -1.53 5.77 -4.25 1.51 -2.98 -1.38 25 X Y 011993D        
164.02 -10.73 15 1.06 -3.13 2.08 1.27 -2.52 3.46 26 X Y 030693B        
-177.29 -26.57 15 -0.69 1.08 -0.38 -1.75 0.76 6.34 25 X Y 030693G        
163.44 -10.89 15 1.49 -4.95 3.46 2.57 -6.30 7.15 25 X Y 030693K        
-71.16 -26.55 60 -2.26 0.73 1.53 0.78 -5.93 1.25 25 X Y 031593F        
-178.76 -17.54 592 -0.10 0.55 -0.45 -0.09 -1.90 1.72 26 X Y 041693E        
128.37 4.09 41 0.77 0.48 -1.24 -0.45 -0.93 0.59 26 X Y 041993A        
127.00 7.07 46 3.01 0.12 -3.13 1.12 0.12 -0.77 26 X Y 051193E        
-159.95 54.70 41 1.64 -1.29 -0.35 1.57 0.91 -0.71 26 X Y 051393C        
-178.45 51.16 26 1.27 -1.22 -0.05 1.69 1.18 -0.51 26 X Y 051593M        
-173.12 -15.27 32 3.07 -0.65 -2.42 -7.59 1.44 3.47 25 X Y 051693I        
122.65 19.97 188 -8.17 4.41 3.76 -6.39 2.92 7.76 25 X Y 051893F        
-66.88 -23.45 232 -1.59 -0.04 1.64 0.19 -2.90 -0.29 26 X Y 052493E        
158.75 51.36 46 1.67 -0.46 -1.21 0.74 0.78 -0.84 27 X Y 060893D        
-176.40 -28.50 15 5.60 0.14 -5.75 2.08 6.24 -1.41 25 X Y 061893E        
-176.27 -28.37 15 4.30 0.70 -5.00 1.23 4.91 -1.59 25 X Y 061893H        
173.05 -20.72 15 -0.09 -1.04 1.12 0.08 -0.33 0.56 26 X Y 063093A        
-70.56 -25.31 49 6.42 0.47 -6.89 1.24 -7.41 0.85 25 X Y 071193A        
139.28 42.71 16 4.52 -0.29 -4.23 0.04 -1.58 0.02 27 X Y 071293B        
179.99 -23.91 547 -0.10 -0.06 0.16 -0.11 -1.14 -0.62 26 X Y 080793E        
145.31 13.06 59 2.35 -1.51 -0.84 4.37 2.09 1.22 27 X Y 080893B        
70.47 36.48 214 2.71 -2.38 -0.32 2.26 -1.06 0.31 26 X Y 080993G        
166.73 -45.04 15 2.23 -0.15 -2.08 0.21 -2.21 -1.15 26 X Y 081093A        
-93.14 14.40 27 1.11 -0.82 -0.30 0.88 -0.58 0.35 26 X Y 090393C        
153.13 -4.78 59 7.81 -9.21 1.40 5.02 2.84 1.60 25 X Y 090693A        
-92.99 14.41 29 6.39 -4.86 -1.53 4.48 -3.52 2.01 26 X Y 091093F        
-51.08 -53.77 17 -0.71 -1.39 2.11 0.29 7.59 4.90 25 X Y 092793C        
-94.83 15.08 15 4.28 -2.97 -1.30 4.38 -1.29 1.05 25 X Y 093093C        
138.02 32.12 364 -0.04 0.04 0.00 -0.09 -2.42 -0.39 26 X Y 101193D        
146.11 -6.04 15 0.60 -0.51 -0.09 2.27 -0.82 0.34 26 X Y 101393C        
146.08 -6.08 24 2.29 -2.70 0.41 6.44 -2.04 0.64 25 X Y 101393D        
-98.61 16.77 22 5.53 -4.95 -0.57 7.20 -4.60 1.47 25 X Y 102493C        
145.99 -5.87 20 7.38 -6.04 -1.34 7.80 -5.26 3.23 25 X Y 102593F        
159.27 52.00 54 3.56 -0.89 -2.67 1.19 1.49 -1.54 26 X Y 111393B        
125.81 0.53 18 0.93 0.15 -1.08 0.38 -2.61 -0.39 26 X Y 120993A        
125.71 0.63 17 0.44 0.05 -0.49 -0.06 -1.43 -0.18 26 X Y 120993C        
169.94 -20.39 15 -1.34 -1.70 3.04 1.71 -0.28 -1.94 26 X Y 122993A        
-69.27 -13.28 604 -1.33 0.98 0.35 -2.17 0.48 0.17 26 X Y 011094C        
-118.64 34.44 17 1.08 -0.94 -0.14 0.05 -0.40 0.44 26 X Y 011794B        
135.91 -3.05 33 1.10 -1.13 0.03 -0.82 0.23 -0.40 26 X Y 011994B        
127.80 1.20 15 -0.34 0.97 -0.63 -0.04 -1.30 -2.85 26 X Y 012194A        
169.08 -18.89 223 1.40 0.17 -1.56 0.77 -1.21 -0.54 26 X Y 021194C        
-129.02 -10.83 15 -1.04 0.35 0.69 -0.13 0.06 0.53 26 X Y 021294B        
169.04 -20.45 42 3.20 -0.46 -2.74 0.25 -0.53 1.35 26 X Y 021294F        
104.27 -5.15 16 -0.07 -2.07 2.14 0.36 0.68 0.07 26 X Y 021594E        
-178.11 -17.69 568 -1.22 0.20 1.02 -0.13 -2.50 1.39 27 X Y 030994E        
-23.03 -0.88 15 -0.16 1.10 -0.94 -0.15 1.96 -3.46 26 X Y 031494A        
-92.64 15.98 168 0.51 -1.31 0.80 0.99 -1.71 0.07 26 X Y 031494C        
-179.30 -22.05 607 -0.67 -1.00 1.67 -1.98 -5.92 -1.40 25 X Y 033194A        
154.92 -6.61 52 1.31 -0.75 -0.56 -0.01 0.03 0.74 26 X Y 041894B        
153.95 -5.77 46 1.12 -0.57 -0.55 -0.07 0.16 0.63 26 X Y 042194B        
-63.22 -28.51 566 -1.50 -0.11 1.61 -0.49 1.95 0.12 26 X Y 042994A        
-63.02 -28.62 603 -0.42 0.95 -0.53 -0.56 2.68 -0.10 26 X Y 051094C        
122.43 23.94 15 -0.96 -1.68 2.64 5.76 1.87 1.52 25 X Y 052494D        
94.17 20.45 49 -0.73 -3.15 3.88 3.48 -4.18 -0.74 25 X Y 052994C        
113.04 -11.03 15 1.38 -1.18 -0.20 5.13 -0.78 0.14 27 X Y 060294C        
113.14 -10.75 15 -8.64 8.42 0.22 -2.14 -0.50 0.24 25 X Y 060394F        
-75.94 2.93 15 -0.05 1.46 -1.41 -0.61 -0.10 1.00 26 X Y 060694J        
-67.25 -13.82 647 -0.76 0.77 -0.02 -2.50 0.04 -0.25 28 X Y 060994A        
171.47 -42.94 15 0.71 0.27 -0.98 0.39 -0.26 -1.09 26 X Y 061894B        
167.35 -16.50 25 0.04 -0.23 0.19 -0.93 -4.96 4.39 26 X Y 071394B        
167.79 -16.47 28 -0.07 -0.04 0.11 0.13 -1.08 0.28 26 X Y 071394D        
127.90 -7.63 179 4.73 -4.92 0.19 2.39 2.30 1.92 25 X Y 071394G        
133.04 42.30 489 0.27 5.32 -5.59 2.59 -8.83 -2.99 26 X Y 072194D        
150.31 44.75 15 2.90 -1.42 -1.48 3.92 5.74 -1.59 25 X Y 081894F        
150.37 44.91 22 5.30 -2.61 -2.69 3.65 5.35 -2.85 25 X Y 082894H        
-125.78 40.59 15 -0.20 -0.61 0.82 -0.41 1.75 -3.39 26 X Y 090194F        
118.72 22.48 15 -1.06 1.15 -0.09 -0.48 0.34 -0.03 26 X Y 091694A        
110.28 -5.75 653 -8.33 5.99 2.34 -0.55 -2.57 -4.38 25 X Y 092894B        
167.65 -17.70 16 4.07 -0.15 -3.92 4.20 -1.73 3.09 25 X Y 100194E        
147.63 43.60 68 1.21 1.09 -2.30 1.78 0.98 -0.94 28 X Y 100494B        
127.87 -1.19 15 -0.29 0.12 0.17 0.07 0.51 1.62 26 X Y 100894E        
147.96 43.87 33 5.42 -2.01 -3.41 3.73 6.50 -3.06 26 X Y 100994B        
149.32 45.78 121 0.10 1.01 -1.12 0.37 -0.61 -0.48 26 X Y 101694C        
179.39 -25.75 541 3.10 -3.70 0.60 -3.20 -9.80 -3.25 25 X Y 102794C        
121.32 13.44 15 -1.07 -2.63 3.70 1.41 1.00 3.65 26 X Y 111494C        
110.29 -5.61 571 -5.86 5.24 0.63 -1.13 -2.07 -2.29 25 X Y 111594D        
142.99 40.56 28 1.73 0.13 -1.87 1.78 4.16 -0.43 27 X Y 122894C        
142.41 40.33 48 2.06 0.05 -2.11 1.07 2.33 -0.43 26 X Y 010695F        
134.99 34.78 20 0.61 1.90 -2.51 -0.69 -0.22 -0.57 26 X Y 011695D        
-72.85 5.16 16 6.43 -2.15 -4.28 -1.35 -2.56 -3.07 25 X Y 011995F        
134.39 -4.37 15 -0.41 -0.76 1.17 0.89 -0.87 0.79 26 X Y 012795G        
179.40 -37.61 15 -4.77 1.23 3.54 1.49 2.15 3.09 26 X Y 020595D        
179.17 -37.89 15 -5.82 1.52 4.30 0.19 -1.25 2.82 25 X Y 021095B        
127.57 -1.31 15 -8.95 3.41 5.54 4.68 3.27 7.79 25 X Y 021395K        
-125.74 40.43 15 -0.05 -8.98 9.04 2.23 2.10 -2.91 25 X Y 021995C        
135.10 -4.18 19 0.31 -1.11 0.80 0.34 -0.38 1.98 26 X Y 031995G        
-173.15 -15.37 88 0.32 0.12 -0.44 -1.09 0.48 0.24 27 X Y 040795E        
151.46 45.80 42 1.03 -0.47 -0.56 0.41 0.96 -0.61 26 X Y 041795F        
125.77 12.08 15 1.16 -0.03 -1.12 0.03 2.01 0.34 26 X Y 042195B        
126.03 12.17 15 1.11 0.18 -1.30 0.61 1.44 0.32 26 X Y 042195C        
125.69 12.27 22 4.08 0.02 -4.10 0.74 5.01 0.95 26 X Y 042195D        
126.24 12.20 15 1.13 -0.15 -0.98 -0.17 1.68 0.27 26 X Y 042195K        
179.95 51.26 24 4.07 -3.85 -0.22 3.33 2.93 -1.79 25 X Y 042395A        
125.61 12.42 15 0.85 0.02 -0.87 0.09 1.18 0.45 26 X Y 042395C        
148.25 43.98 34 1.76 -0.57 -1.19 0.90 1.85 -1.01 26 X Y 042895D        
-77.07 -3.77 113 -1.17 0.17 1.00 -0.30 0.29 -0.49 26 X Y 050295B        
125.30 12.67 18 2.18 -0.22 -1.96 -0.50 3.90 0.85 26 X Y 050595A        
21.90 39.89 15 -7.37 6.68 0.69 0.13 0.68 2.89 25 X Y 051395B        
125.26 -8.60 16 -1.76 -0.64 2.41 -0.09 1.09 -0.04 26 X Y 051495A        
170.00 -23.05 25 -3.19 3.69 -0.50 -1.31 0.62 -1.27 27 X Y 051695F        
-21.87 -0.63 15 -0.03 0.55 -0.52 -0.04 0.55 -1.65 26 X Y 051895A        
-2.14 -55.89 15 -0.04 -0.41 0.44 0.43 -0.30 1.32 26 X Y 052395D        
57.55 11.75 15 0.16 -4.83 4.68 2.32 -1.27 -2.72 25 X Y 052695A        
142.65 53.03 24 0.87 1.88 -2.75 -0.57 -0.53 3.54 26 X Y 052795A        
-88.81 11.82 15 -7.84 4.22 3.62 1.47 -2.62 -2.08 25 X Y 061495B        
22.46 38.10 15 -5.69 6.12 -0.43 -0.49 0.85 -0.38 25 X Y 061595A        
154.46 -61.85 15 -0.08 1.07 -0.99 0.03 -0.04 -0.83 26 X Y 062195A        
153.93 -3.83 387 -1.65 0.18 1.47 0.38 0.80 -0.44 26 X Y 062495A        
168.95 -19.42 143 1.89 -0.55 -1.34 0.96 -8.88 2.10 25 X Y 062995D        
-177.22 -29.13 45 4.81 0.28 -5.08 0.59 3.48 -1.44 26 X Y 070395D        
99.22 21.89 15 -0.09 -1.59 1.68 -0.04 0.17 0.97 26 X Y 071195A        
-70.74 -24.17 29 8.26 0.43 -8.69 0.30 -8.67 0.64 27 X Y 073095A        
151.80 -4.90 140 0.89 -0.57 -0.32 0.43 1.05 -0.31 26 X Y 081495A        
153.64 -5.51 46 4.61 -2.04 -2.57 -0.22 0.47 2.26 27 X Y 081695D        
153.57 -5.46 39 7.51 -0.74 -6.77 2.80 -1.77 2.75 25 X Y 081695L        
154.19 -6.08 45 6.87 -3.83 -3.04 -0.14 -0.01 3.63 26 X Y 081695P        
-75.69 5.22 129 -7.68 2.84 4.85 -2.79 -2.97 1.29 25 X Y 081995C        
145.30 18.88 599 -4.00 0.75 3.25 -1.01 -1.37 -1.70 26 X Y 082395A        
-110.27 26.13 15 0.03 -5.90 5.87 0.27 1.44 -0.68 25 X Y 082895A        
-98.54 16.73 22 0.67 -0.54 -0.13 1.03 -0.49 0.20 27 X Y 091495C        
66.06 -17.27 15 -1.61 -4.90 6.51 -1.17 -0.43 2.55 25 X Y 091795C        
-77.53 -2.55 25 3.06 -0.67 -2.39 0.00 1.51 -2.38 26 X Y 100395B        
101.31 -1.93 17 -0.05 -1.30 1.35 0.37 0.17 0.50 26 X Y 100695F        
-104.80 19.34 15 3.62 -2.53 -1.09 9.44 -5.49 1.40 27 X Y 100995C        
130.18 28.06 18 -3.92 -0.30 4.22 2.26 2.83 1.63 26 X Y 101895B        
130.16 28.21 17 -1.00 0.23 0.76 0.23 1.14 0.43 26 X Y 101995B        
-93.42 16.67 164 0.38 -1.87 1.49 4.76 -4.95 -0.78 26 X Y 102195C        
-71.68 -29.11 22 7.87 0.83 -8.70 2.83 -7.20 1.02 25 X Y 110195A        
94.77 2.00 30 -0.56 -0.72 1.28 0.53 -0.32 -2.39 26 X Y 110895A        
34.73 29.07 18 -1.36 -3.26 4.62 3.89 0.09 -4.49 26 X Y 112295A        
149.35 44.52 34 6.06 -2.31 -3.75 2.47 3.91 -4.20 25 X Y 112495D        
-103.88 10.38 15 -0.24 -3.26 3.50 2.48 -0.61 7.62 25 X Y 120195A        
149.94 44.49 16 6.12 -1.49 -4.63 3.05 4.73 -3.92 25 X Y 120295A        
150.17 44.82 26 3.11 -1.39 -1.72 4.87 5.79 -1.87 27 X Y 120395E        
129.65 -6.93 161 2.76 -3.23 0.47 -0.30 3.09 -1.98 26 X Y 122595E        
119.93 0.74 15 1.35 -0.99 -0.36 -7.27 -2.36 -0.86 27 X Y 010196C        
100.28 27.15 15 -8.62 -0.10 8.72 -3.06 2.96 -2.35 25 X Y 020396B        
150.45 45.29 49 4.82 -2.13 -2.68 1.48 3.61 -2.83 26 X Y 020796G        
-15.25 -1.11 15 -0.42 3.20 -2.78 0.76 2.87 -7.20 25 X Y 021696A        
142.31 37.32 40 -0.34 4.22 -3.88 9.74 8.03 -0.86 25 X Y 021696C        
136.62 -0.67 15 0.85 -0.71 -0.13 -1.83 1.31 0.31 28 X Y 021796B        
135.89 -0.64 15 2.96 -2.32 -0.64 -4.87 3.36 1.25 25 X Y 021796N        
135.99 -1.01 15 -4.96 6.76 -1.79 2.75 -1.03 3.10 25 X Y 021796R        
-14.00 -0.77 15 -0.78 4.23 -3.45 -2.07 3.08 -8.14 25 X Y 021896K        
-80.23 -9.95 15 1.08 -0.24 -0.85 0.77 -1.82 0.35 27 X Y 022196B        
-97.98 15.88 15 3.08 -2.56 -0.51 4.11 -2.25 0.66 26 X Y 022596A        
-87.13 11.55 36 6.83 -4.61 -2.21 5.08 -2.21 3.71 25 X Y 030396B        
-87.31 11.76 39 1.02 -0.73 -0.29 0.65 -0.34 0.49 26 X Y 030396D        
139.12 29.12 478 -2.66 4.98 -2.32 4.82 -8.35 -1.05 25 X Y 031696C        
167.19 -14.57 171 9.98 -0.13 -9.85 -4.69 -2.19 5.58 25 X Y 031796A        
178.72 51.24 19 8.70 -9.34 0.64 9.96 4.00 -1.84 25 X Y 032296A        
-176.47 -23.98 116 2.55 -4.99 2.45 -3.26 3.28 1.29 26 X Y 041696A        
-70.58 -23.95 50 4.75 0.65 -5.40 1.32 -6.59 0.02 25 X Y 041996A        
155.07 -6.65 54 7.39 -4.21 -3.18 -0.73 -0.48 3.88 26 X Y 042996A        
155.02 -4.42 511 -4.75 7.28 -2.53 7.14 3.14 -0.68 25 X Y 050296F        
-42.06 10.91 15 -0.04 -0.46 0.50 0.01 0.77 -2.83 26 X Y 060296D        
-177.79 51.33 34 4.45 -4.16 -0.29 3.82 3.05 -1.83 25 X Y 060896E        
145.98 17.36 160 1.21 4.07 -5.28 -4.79 2.52 -0.19 25 X Y 060996A        
166.99 -13.54 197 1.22 -0.04 -1.18 0.14 -0.19 0.19 26 X Y 061096A        
-177.41 51.10 29 4.12 -4.10 -0.02 6.51 1.82 -1.55 27 X Y 061096B        
-176.49 51.38 36 6.08 -5.74 -0.35 4.81 2.99 -2.34 26 X Y 061096S        
125.41 12.74 28 3.07 -0.21 -2.86 0.13 3.68 1.13 26 X Y 061196J        
123.02 -7.38 584 -5.53 6.01 -0.48 -1.59 3.43 2.48 27 X Y 061796A        
159.72 51.49 24 1.10 -0.35 -0.75 0.62 0.73 -0.53 26 X Y 062196C        
-101.12 17.50 22 6.73 -5.30 -1.43 6.90 -2.88 2.36 25 X Y 071596D        
164.98 56.16 15 -0.38 -6.36 6.74 -0.93 1.23 -2.57 25 X Y 071696A        
120.35 1.27 21 3.70 -3.72 0.03 -7.38 -0.89 -1.23 25 X Y 071696C        
120.65 1.34 28 1.46 -1.50 0.03 -3.23 -0.25 -0.56 26 X Y 072296F        
161.46 -10.78 47 1.83 -2.64 0.81 -0.77 -0.81 1.26 26 X Y 080296C        
-172.76 -15.27 54 -8.10 9.08 -0.98 -4.36 4.91 -2.71 25 X Y 080596B        
-178.16 -20.72 555 -9.19 3.68 5.50 -7.45 -7.40 3.32 26 X Y 080596G        
-113.28 -22.32 16 1.76 -2.17 0.41 -0.04 0.33 0.96 26 X Y 090596B        
121.45 21.78 31 1.74 -0.10 -1.64 -0.18 0.47 -0.75 26 X Y 090596L        
126.66 9.53 22 5.01 0.67 -5.68 1.81 4.91 0.43 25 X Y 092096E        
126.33 9.45 15 -0.51 0.88 -0.37 -2.22 -9.75 -0.42 25 X Y 092096F        
32.09 34.50 23 -0.51 1.97 -1.46 0.78 -0.08 -0.25 26 X Y 100996B        
155.51 -7.23 19 1.43 -1.08 -0.36 0.64 -0.41 0.74 26 X Y 101496B        
131.29 30.47 22 5.31 -1.82 -3.50 6.64 5.37 -2.33 25 X Y 101896F        
131.78 31.78 22 8.14 -2.84 -5.30 8.05 8.69 -3.59 25 X Y 101996D        
-178.24 -20.47 606 -1.93 0.16 1.77 -0.72 -1.63 -0.14 26 X Y 101996E        
-179.73 -30.95 367 -1.14 -0.24 1.38 -0.67 0.33 0.34 26 X Y 110596B        
143.72 28.11 15 -7.68 1.62 6.05 0.09 1.03 -3.53 25 X Y 110696M        
-75.37 -15.04 37 3.39 -0.46 -2.93 -0.29 -2.69 1.86 27 X Y 111296D        
77.86 35.45 15 -0.24 0.28 -0.05 -0.90 -0.60 2.16 26 X Y 111996B        
131.72 31.76 33 7.65 -2.17 -5.48 6.05 7.58 -3.14 25 X Y 120296D        
-29.65 0.86 15 -0.00 0.16 -0.16 0.00 0.31 -1.04 26 X Y 121096B        
138.78 43.29 245 -3.32 4.34 -1.02 5.01 1.98 -1.27 25 X Y 122296B        
-102.58 18.34 40 -1.44 0.50 0.94 5.17 -2.05 -2.14 26 X Y 011197D        
-65.92 -22.04 282 -0.01 0.03 -0.02 0.95 -5.70 -0.37 26 X Y 012397B        
57.50 37.82 15 -0.18 -5.87 6.05 1.49 -0.29 2.71 25 X Y 020497C        
68.13 29.74 15 2.24 -2.41 0.17 4.58 0.54 0.53 26 X Y 022797E        
127.63 7.64 15 -2.12 -0.06 2.17 -0.00 0.55 -0.30 26 X Y 031197I        
179.54 51.23 31 7.72 -7.89 0.17 6.94 4.20 -2.99 25 X Y 032697A        
166.20 -13.21 51 2.74 -0.07 -2.66 -0.75 -2.50 2.27 27 X Y 042197B        
-61.05 11.28 15 -6.26 9.30 -3.04 -3.00 6.74 -2.40 25 X Y 042297C        
145.05 13.83 95 -4.65 2.78 1.87 2.06 1.02 -4.49 25 X Y 042397G        
42.75 -42.03 15 -0.04 0.49 -0.45 -0.03 -0.04 1.39 26 X Y 042897C        
-107.15 18.96 15 -0.17 -1.58 1.75 -0.16 0.76 -2.09 26 X Y 050197D        
-179.06 -31.70 119 -0.91 -1.35 2.26 -1.57 -1.12 0.50 26 X Y 050397C        
60.02 33.58 15 0.33 -5.27 4.94 0.46 -0.80 5.20 26 X Y 051097C        
-98.23 -36.46 15 -0.40 -0.68 1.07 0.78 -1.63 -5.73 25 X Y 051197F        
169.03 -20.34 64 0.07 -0.17 0.10 0.01 -0.98 1.05 26 X Y 052197D        
-101.73 18.76 56 -5.29 5.39 -0.10 3.69 0.38 -0.53 25 X Y 052297B        
-179.95 -32.02 345 1.86 1.41 -3.27 -2.47 2.86 -2.17 26 X Y 052597D        
-107.96 -35.92 15 -0.35 4.24 -3.89 0.43 -1.00 -6.02 25 X Y 061097B        
-72.21 -30.22 15 1.32 -0.09 -1.23 0.06 -1.45 0.02 26 X Y 070697A        
-63.63 10.70 15 -0.25 0.57 -0.32 -0.12 1.43 -2.69 26 X Y 070997C        
-98.26 15.86 15 5.93 -4.92 -1.01 9.39 -4.63 1.38 25 X Y 071997D        
-178.76 -15.48 17 0.06 -7.34 7.28 0.75 0.05 6.09 25 X Y 080897C        
144.51 -3.34 15 -0.53 0.52 0.01 -1.01 0.17 7.43 25 X Y 082997C        
-75.57 4.00 213 1.16 -2.00 0.84 0.01 -0.13 0.28 26 X Y 090297B        
178.52 -26.45 621 -0.93 0.57 0.36 -0.84 -1.74 0.16 26 X Y 090497A        
-176.99 -28.83 46 2.88 -0.06 -2.82 0.49 1.74 -0.81 26 X Y 092097E        
-176.15 -21.94 166 -1.29 0.74 0.56 -0.98 -4.03 1.30 27 X Y 101497A        
-71.42 -31.06 70 -1.59 0.17 1.42 -0.45 4.59 -0.80 26 X Y 101597A        
-76.55 -4.44 119 -6.82 0.60 6.21 -0.71 1.52 -2.64 26 X Y 102897A        
86.96 35.33 16 -0.24 -0.74 0.97 0.06 0.85 1.89 27 X Y 110897A        
167.21 -14.92 122 3.92 0.21 -4.13 -0.74 -0.45 -0.57 26 X Y 111597D        
20.84 37.33 23 2.23 0.79 -3.02 6.72 -2.96 4.59 25 X Y 111897B        
122.71 1.37 29 2.62 -2.82 0.20 -3.08 0.23 0.33 26 X Y 112597C        
-68.90 -13.70 600 -1.11 1.89 -0.78 -9.09 5.20 1.14 25 X Y 112897C        
161.91 54.31 34 3.61 -0.87 -2.74 2.57 2.80 -1.79 27 X Y 120597C        
178.92 51.25 22 6.68 -7.13 0.45 6.60 2.21 -1.51 25 X Y 121797A        
148.05 -5.56 196 -0.44 -5.16 5.60 3.26 0.55 -0.20 26 X Y 122297A        
171.08 -22.31 114 0.52 -0.32 -0.20 1.23 0.59 1.16 27 X Y 010498A        
-91.93 14.37 55 -2.15 -1.19 3.34 6.02 -5.43 -2.95 25 X Y 011098D        
-71.87 -31.25 35 6.91 0.09 -7.00 0.56 -5.18 0.68 25 X Y 011298G        
-179.19 -15.78 15 0.10 -0.64 0.54 -0.04 0.00 1.03 26 X Y 011298J        
-179.15 -15.49 15 0.45 -5.08 4.63 2.10 -0.13 5.21 25 X Y 011498E        
-70.62 -24.02 41 2.26 0.31 -2.57 0.56 -3.67 0.05 26 X Y 013098B        
-33.78 52.76 15 -0.09 -0.23 0.33 0.55 0.24 -1.31 26 X Y 021698C        
129.05 -4.54 15 5.92 -5.38 -0.55 1.85 1.55 2.96 25 X Y 021998C        
57.60 29.95 15 -2.34 -5.15 7.50 -3.67 -3.25 5.07 25 X Y 031498F        
162.89 -50.06 15 0.10 1.21 -1.30 0.29 -0.12 -0.16 26 X Y 032098D        
148.64 -62.99 29 -0.66 0.92 -0.26 -0.69 -0.40 1.46 28 X Y 032598B        
-178.85 -17.57 554 2.47 -0.19 -2.28 3.52 0.74 4.73 26 X Y 032998D        
98.84 -0.78 42 2.16 -1.21 -0.95 2.12 -1.30 1.15 26 X Y 040198A        
-75.37 -40.64 15 -1.18 0.08 1.10 0.01 -0.04 0.37 26 X Y 040198D        
-74.48 -7.96 154 1.16 0.30 -1.46 1.57 -9.08 -1.93 25 X Y 040398E        
125.53 22.37 23 -0.00 1.80 -1.80 0.21 0.16 -0.24 27 X Y 050398D        
152.24 -5.27 42 7.84 -7.39 -0.45 5.35 0.79 -3.51 25 X Y 051398C        
-179.35 -22.27 609 -0.41 -0.12 0.54 -0.83 -2.09 -0.01 26 X Y 051698B        
119.63 0.33 28 3.13 -7.80 4.67 0.50 -4.41 -6.30 25 X Y 052198B        
-65.20 -17.60 15 0.37 1.44 -1.81 -1.56 0.58 8.11 25 X Y 052298A        
70.08 37.38 24 0.56 -5.32 4.76 2.06 0.57 -5.74 25 X Y 053098A        
-178.71 -30.51 154 -1.29 0.39 0.90 -0.43 -2.02 0.47 26 X Y 070998D        
166.09 -10.91 100 4.14 -1.17 -2.97 0.21 -1.36 -1.36 26 X Y 071698C        
142.07 -2.50 15 1.95 -1.15 -0.80 -3.05 0.62 0.97 26 X Y 071798D        
138.99 -2.72 25 0.11 -0.17 0.06 -1.04 0.60 -0.03 26 X Y 072998C        
-80.48 -0.57 26 2.59 0.16 -2.76 0.98 -5.67 -0.52 26 X Y 080498H        
139.47 28.99 426 -1.33 2.02 -0.69 0.95 -4.10 -1.41 26 X Y 082098B        
-88.55 11.58 15 -1.19 0.68 0.51 -0.12 -0.22 -0.62 26 X Y 082398C        
126.95 5.43 40 1.81 -1.46 -0.35 0.05 0.63 -1.10 26 X Y 090298A        
-71.97 -29.56 34 3.39 0.90 -4.29 -2.59 -6.11 0.35 25 X Y 090398F        
112.40 -8.36 153 0.39 0.58 -0.97 7.36 1.29 1.91 25 X Y 092898D        
125.98 1.00 15 0.71 5.58 -6.30 1.24 -0.91 -2.77 25 X Y 102898C        
128.75 -7.05 15 0.89 -1.60 0.71 -0.12 -0.24 0.47 26 X Y 110998B        
128.95 -6.94 25 3.41 -3.74 0.33 1.38 0.66 0.44 26 X Y 110998C        
125.00 -2.03 16 -0.90 1.47 -0.57 -2.00 2.91 2.93 27 X Y 112998B        
126.54 1.50 34 8.07 -1.85 -6.22 2.26 1.57 -3.43 25 X Y 120698A        
-175.86 -21.69 160 -0.44 0.52 -0.09 -0.59 -1.76 0.68 26 X Y 122798A        
153.66 -4.72 88 3.12 -0.95 -2.17 -0.95 1.50 1.72 26 X Y 011999A        
-169.10 52.86 51 5.23 -4.47 -0.76 -7.53 0.34 2.91 25 X Y 012899B        
166.58 -12.78 98 7.02 -1.33 -5.69 -2.23 -7.69 4.36 26 X Y 020699C        
57.49 27.91 26 4.40 -5.67 1.27 8.66 -0.50 -0.79 25 X Y 030499A        
122.03 5.38 18 4.76 -0.50 -4.26 0.10 -1.47 1.23 26 X Y 030499H        
159.87 51.75 15 2.18 -1.46 -0.73 1.01 1.06 -0.88 26 X Y 030899C        
-177.30 51.67 43 2.09 -2.20 0.11 1.25 0.97 -0.56 26 X Y 032099A        
79.21 30.38 15 1.58 -1.83 0.25 6.84 -3.18 0.84 25 X Y 032899F        
-72.54 -16.38 89 -1.20 1.15 0.05 1.43 -0.48 -0.48 26 X Y 040399C        
149.71 -5.65 149 0.81 -0.75 -0.05 1.28 -0.15 -0.14 27 X Y 040599A        
130.47 43.66 575 1.49 -1.16 -0.33 -0.07 -4.55 -1.89 26 X Y 040899B        
-175.89 -21.54 173 -0.23 0.26 -0.04 -0.47 -1.76 0.46 26 X Y 041399B        
150.97 -5.38 145 -3.89 1.96 1.93 -1.91 1.17 2.39 26 X Y 051099C        
152.76 -4.99 42 3.60 -3.60 0.00 2.42 0.76 -0.77 26 X Y 051699A        
152.82 -5.43 26 3.83 -4.23 0.40 7.43 1.55 0.45 25 X Y 051799B        
-97.38 18.44 61 -3.11 2.08 1.03 -0.64 0.11 -1.30 26 X Y 061599F        
-88.53 16.04 15 0.06 -0.58 0.52 0.32 -0.18 1.03 26 X Y 071199B        
-177.32 -30.34 18 4.25 -0.36 -3.89 1.12 4.73 -1.91 25 X Y 080199B        
29.97 41.01 17 -0.14 -0.06 0.20 0.82 -0.24 -2.75 27 X Y 081799A        
-84.10 9.28 24 2.05 -1.56 -0.49 1.52 -0.50 0.88 26 X Y 082099C        
168.19 -16.08 15 6.15 0.35 -6.50 0.72 4.36 -0.39 25 X Y 082299C        
120.80 24.15 21 2.67 -0.93 -1.74 -1.06 -1.92 -1.06 27 X Y 092099D        
120.87 23.88 17 3.74 0.12 -3.86 -0.52 -4.58 -0.68 25 X Y 092599E        
-96.96 16.20 47 -1.75 1.42 0.32 0.08 -0.36 -0.50 27 X Y 093099E        
-116.27 34.71 15 -0.09 -4.27 4.35 0.69 0.98 3.98 26 X Y 101699C        
70.81 36.48 237 5.05 -0.52 -4.53 0.87 3.75 -1.59 25 X Y 110899D        
31.25 40.93 18 -1.60 1.78 -0.17 0.03 3.66 -5.30 26 X Y 111299D        
88.89 -1.21 15 -0.13 -1.35 1.49 -0.93 -0.41 -2.80 26 X Y 111599D        
149.03 -6.27 38 2.48 -2.88 0.39 1.09 0.31 0.04 26 X Y 111799A        
148.98 -6.49 33 2.84 -3.16 0.32 2.59 0.39 -0.09 26 X Y 111999E        
168.31 -16.08 15 1.31 0.12 -1.42 0.46 0.82 -0.20 27 X Y 112699G        
-69.37 -19.01 138 -1.99 -1.25 3.24 0.64 -6.91 1.88 25 X Y 113099A        
-154.35 57.35 54 -0.32 -0.05 0.36 1.57 0.34 3.09 26 X Y 120699B        
-97.52 -36.38 15 -0.52 0.05 0.47 1.44 -1.36 -6.55 25 X Y 121099D        
119.64 15.87 35 -0.98 -0.23 1.21 -1.86 -8.45 -1.82 26 X Y 121199G        
165.19 -11.14 15 1.57 -0.36 -1.21 1.41 -1.07 0.55 26 X Y 122999C        
-173.81 -16.84 162 -0.12 -0.60 0.72 0.37 6.78 1.01 26 X Y 010800G        
146.81 43.08 50 0.51 0.60 -1.10 1.34 0.63 -0.91 26 X Y 012800B        
151.19 -6.06 45 6.65 -4.72 -1.92 6.00 2.87 -3.10 25 X Y 020600C        
174.17 -19.55 17 0.45 -5.03 4.58 0.38 1.52 0.18 26 X Y 022500B        
143.85 -6.92 16 7.68 -5.19 -2.49 3.10 -0.62 4.07 25 X Y 030300D        
143.76 22.32 100 -0.02 0.88 -0.86 -2.94 1.13 -0.58 27 X Y 032800C        
-63.04 -28.41 608 -0.22 0.04 0.18 -0.49 3.03 -0.25 26 X Y 042300B        
123.59 -1.29 19 0.81 1.84 -2.65 -0.46 0.84 -0.05 27 X Y 050400A        
-66.85 -23.72 227 -2.15 -0.15 2.30 -0.49 -6.16 0.87 26 X Y 051200C        
101.94 -4.73 44 3.85 -3.96 0.11 0.04 -2.72 -5.99 27 X Y 060400D        
101.82 -4.63 17 1.20 -0.09 -1.11 -0.23 -0.49 -0.09 26 X Y 060700D        
139.38 -50.80 15 -0.02 -0.19 0.21 1.99 0.13 -7.67 25 X Y 061100C        
-20.47 63.99 15 -0.94 1.19 -0.25 -0.16 -1.92 6.73 25 X Y 061700B        
97.17 -13.47 15 1.58 2.77 -4.35 2.97 3.47 -5.89 27 X Y 061800A        
-154.22 57.54 52 -2.32 -0.37 2.68 3.87 0.54 4.59 25 X Y 071100A        
150.96 -7.54 15 -8.79 8.27 0.51 -0.70 -3.73 1.61 25 X Y 071600B        
139.44 33.92 15 -0.09 -2.24 2.34 -0.41 0.96 -5.50 25 X Y 073000D        
166.17 -11.93 51 8.56 0.10 -8.66 0.02 1.48 1.50 25 X Y 080300A        
142.03 48.77 15 1.51 0.20 -1.72 -0.30 -0.86 0.50 26 X Y 080400G        
139.68 28.89 411 -6.19 3.47 2.71 0.82 -9.32 -4.56 26 X Y 080600B        
123.53 -6.95 648 -4.48 4.96 -0.48 -3.52 1.04 0.67 25 X Y 080700E        
-102.39 18.13 33 7.00 -6.33 -0.67 0.49 -0.12 2.42 25 X Y 080900C        
-179.95 -31.42 367 -4.00 -2.83 6.83 -3.36 -5.71 -1.86 25 X Y 081500C        
127.59 -4.18 15 1.40 -1.43 0.03 0.91 0.33 0.21 26 X Y 082800E        
166.77 -15.51 15 2.80 -0.04 -2.76 0.15 -0.10 1.24 26 X Y 100400G        
133.20 35.33 15 -0.12 1.07 -0.94 -0.15 -0.04 -0.62 26 X Y 100600A        
105.43 -7.28 46 1.38 -1.16 -0.22 1.03 -0.20 0.47 26 X Y 102500D        
153.95 -5.21 92 2.39 -0.89 -1.51 -1.07 1.38 1.27 26 X Y 102900C        
-29.24 -55.34 16 1.18 -1.16 -0.03 -1.10 0.10 0.33 26 X Y 110700A        
-77.99 7.12 17 3.62 0.67 -4.29 0.11 -5.59 1.82 25 X Y 110800A        
152.79 -4.56 24 0.30 7.78 -8.08 -8.54 -3.62 -2.60 27 X Y 111600B        
153.17 -5.03 31 3.25 -2.84 -0.41 5.27 1.96 -0.93 27 X Y 111600C        
152.34 -5.26 17 3.63 -3.43 -0.20 3.96 0.53 -1.87 27 X Y 111700Q        
153.52 -5.24 19 6.85 1.88 -8.73 6.07 -0.10 -1.66 25 X Y 111800F        
151.85 -5.43 50 1.42 -1.40 -0.01 0.51 -0.07 -0.50 26 X Y 111800H        
49.95 40.24 15 -0.10 0.09 0.00 0.95 -1.54 -0.03 26 X Y 112500D        
50.27 40.41 26 -5.65 3.47 2.18 3.75 -2.66 -0.98 25 X Y 112500E        
54.87 39.60 33 2.61 -2.32 -0.28 2.57 0.92 1.35 26 X Y 120600C        
152.87 -4.37 30 4.80 2.10 -6.90 3.75 0.47 1.94 25 X Y 120600E        
-178.98 -21.11 656 -2.50 -0.51 3.02 -5.24 -4.54 1.50 25 X Y 121800A        
154.71 -9.29 15 -0.74 2.27 -1.53 -0.26 0.55 9.35 25 X Y 122000H        
127.07 6.73 44 1.48 0.19 -1.67 0.57 0.09 -0.37 27 X Y 010101B        
127.13 7.12 44 1.00 0.26 -1.26 1.10 -0.96 -0.27 26 X Y 010101D        
167.11 -14.90 114 1.39 0.46 -1.84 -2.98 -0.12 2.45 26 X Y 010901G        
-153.56 56.99 21 0.81 -0.57 -0.24 2.75 1.56 -0.54 26 X Y 011001E        
-89.13 12.97 56 -4.24 2.92 1.32 1.20 -1.12 -2.01 27 X Y 011301C        
101.42 -4.38 20 0.85 -0.51 -0.33 1.57 -0.81 0.46 26 X Y 011601D        
70.24 23.63 20 2.34 -3.16 0.82 1.34 1.39 0.11 27 X Y 012601A        
-88.97 13.98 15 -0.39 -1.61 2.00 -0.63 2.41 -7.50 25 X Y 021301B        
102.36 -5.40 21 5.97 -3.77 -2.20 8.62 -4.96 3.05 26 X Y 021301D        
126.42 1.55 43 4.42 -0.80 -3.62 0.81 0.25 -1.65 26 X Y 022401A        
169.87 -22.11 17 9.20 -3.91 -5.29 4.34 -4.42 5.04 25 X Y 022801E        
-122.53 47.14 47 -0.96 -0.05 1.01 -0.06 -1.45 -0.02 26 X Y 022801L        
128.12 -4.01 17 -0.30 -5.26 5.56 3.87 -0.24 0.79 25 X Y 031901A        
132.52 33.97 47 -1.44 -0.50 1.94 0.13 0.70 -0.80 26 X Y 032401C        
-73.23 -32.88 15 -1.06 0.30 0.76 0.02 -0.05 0.71 26 X Y 040901A        
155.79 -7.56 16 8.64 -5.75 -2.89 6.64 -1.65 4.40 25 X Y 041901I        
-176.68 -18.07 367 0.15 -0.40 0.25 -1.23 -1.54 -0.67 26 X Y 042801B        
148.61 44.18 32 8.29 -2.79 -5.51 3.83 9.49 -4.84 25 X Y 052501B        
-178.23 -29.37 199 3.98 1.00 -4.98 -1.73 2.96 -2.26 26 X Y 060301A        
-179.87 51.19 18 3.96 -4.07 0.11 4.58 2.22 -1.21 25 X Y 061401G        
-72.71 -17.28 30 2.24 -0.55 -1.70 1.34 -3.73 1.44 28 X Y 062301E        
-72.02 -17.87 24 8.31 -2.96 -5.36 5.19 -9.80 4.43 25 X Y 062601D        
-176.31 -21.81 186 -1.25 1.42 -0.17 -2.19 -5.25 2.44 25 X Y 070401B        
-73.60 -16.07 69 -5.12 4.52 0.60 5.11 -2.58 -2.80 25 X Y 070501K        
-72.45 -17.45 25 1.14 -0.21 -0.93 0.68 -2.85 0.77 27 X Y 070701F        
-154.97 58.82 147 3.80 -9.89 6.09 0.53 4.82 3.68 25 X Y 072801A        
-123.05 -55.67 15 -1.32 1.51 -0.19 0.04 0.09 -0.28 26 X Y 080601B        
-179.08 -36.70 59 4.66 -1.75 -2.91 0.64 -1.67 -2.62 26 X Y 082101B        
133.18 -0.47 20 1.14 -3.02 1.88 2.16 2.80 4.99 25 X Y 091101D        
145.08 12.88 42 1.77 0.27 -2.04 1.31 2.68 1.12 26 X Y 101201E        
124.11 -4.31 19 0.02 -0.12 0.10 0.42 0.16 1.80 27 X Y 101901A        
179.82 -37.03 15 -2.15 -1.41 3.56 -1.73 4.91 9.09 25 X Y 102101A        
150.33 -6.27 35 2.19 -2.36 0.17 1.86 0.33 -0.30 26 X Y 103101C        
92.91 35.80 15 -0.58 1.65 -1.07 -0.82 3.09 4.78 27 X Y 111401B        
124.67 -42.69 16 2.42 0.54 -2.96 -0.32 -0.14 -4.39 26 X Y 121201C        
122.79 24.00 16 -1.46 -0.68 2.13 0.76 0.46 -0.16 26 X Y 121801C        
159.50 -9.63 18 1.13 -0.11 -1.02 0.19 -1.60 0.70 26 X Y 122301F        
167.85 -17.78 40 2.24 -0.77 -1.48 -1.97 -7.03 2.08 26 X Y 010202F        
167.82 -17.84 20 8.48 0.20 -8.68 1.04 -4.79 0.75 25 X Y 010302H        
142.68 -3.21 18 0.71 -0.34 -0.38 -0.07 1.04 0.75 26 X Y 011002D        
31.21 38.62 15 -4.80 6.05 -1.25 -1.58 -1.13 1.82 25 X Y 020302A        
151.39 -5.74 48 7.41 -7.76 0.35 3.80 -0.57 -2.95 25 X Y 020502B        
70.42 36.57 228 9.00 -8.16 -0.84 8.62 -2.96 2.05 26 X Y 030302C        
124.25 5.92 29 1.33 -0.36 -0.97 0.45 -1.26 0.77 27 X Y 030502H        
121.96 24.19 39 3.99 -4.83 0.84 2.86 1.25 0.33 26 X Y 033102A        
-101.22 16.79 15 0.53 -0.41 -0.12 1.33 -0.55 0.14 26 X Y 041802B        
-70.73 -27.44 53 3.42 2.46 -5.88 0.63 4.22 -6.35 25 X Y 041802F        
144.67 13.15 69 0.29 0.20 -0.50 4.07 1.36 0.00 26 X Y 042602G        
99.65 -47.55 15 -0.17 7.18 -7.01 0.54 -0.10 3.16 25 X Y 061302A        
166.25 -12.49 44 1.32 0.02 -1.34 0.05 0.37 0.28 26 X Y 061702H        
48.97 35.82 15 5.90 -5.12 -0.78 3.78 -0.66 1.77 25 X Y 062202B        
103.76 -7.23 15 6.46 -4.99 -1.47 1.35 0.16 2.66 25 X Y 062702C        
130.45 43.74 582 5.73 -2.19 -3.54 -1.69 -9.87 -0.97 26 X Y 062802B        
-82.92 8.11 17 1.25 -2.62 1.37 1.05 -1.70 5.64 25 X Y 073102A        
146.43 13.98 38 1.44 -3.14 1.71 5.33 3.32 2.07 25 X Y 081402E        
-179.08 -21.74 631 -1.70 -0.15 1.85 -1.48 -2.57 -0.39 27 X Y 081902A        
178.49 -24.16 699 0.58 -0.25 -0.33 -3.55 -2.32 0.04 27 X Y 081902C        
143.38 -3.27 20 1.82 -1.01 -0.81 -0.27 1.89 1.58 27 X Y 090802H        
93.17 13.33 22 4.42 1.15 -5.57 -3.10 2.16 -0.63 25 X Y 091302C        
-108.27 23.22 15 -0.31 -5.67 5.97 0.85 0.80 -1.84 25 X Y 100302C        
134.30 -1.79 15 -0.46 -2.01 2.46 0.05 0.48 1.24 27 X Y 101002E        
-71.66 -8.30 539 -2.49 0.53 1.96 -0.64 0.27 -0.47 26 X Y 101202H        
-148.13 63.58 16 -0.04 0.31 -0.28 -0.02 0.02 -1.05 26 X Y 102302E        
95.99 2.65 23 4.54 -3.01 -1.53 5.35 -5.63 2.20 26 X Y 110202B        
-144.89 63.23 15 0.51 -6.04 5.53 0.18 2.62 -3.94 27 X Y 110302J        
179.29 51.20 28 6.06 -6.47 0.41 6.38 3.23 -1.85 25 X Y 110702B        
-35.51 -55.91 15 9.16 -9.25 0.09 1.41 -2.79 4.01 25 X Y 111502B        
146.45 47.81 480 1.00 1.68 -2.69 -2.90 -9.90 0.23 26 X Y 111702C        
153.21 -4.81 45 6.62 2.86 -9.48 -4.07 -3.42 1.29 25 X Y 121202C        
-177.32 -20.72 395 -3.55 0.36 3.20 -2.43 -3.98 1.54 25 X Y 010403A        
153.61 -5.44 41 0.84 -0.38 -0.46 0.05 0.11 0.46 26 X Y 011003C        
160.63 -10.43 31 0.55 -0.04 -0.51 -0.38 -0.24 0.62 27 X Y 012003B        
-103.90 18.86 26 0.79 -0.62 -0.18 1.81 -0.54 0.34 27 X Y 012203A        
-164.53 53.41 28 0.64 -0.56 -0.09 0.68 0.37 -0.28 26 X Y 021903C        
153.08 -4.52 37 0.56 1.26 -1.82 -0.92 -0.23 -0.21 26 X Y 031103A        
177.58 51.33 27 1.90 -2.58 0.68 2.90 1.94 -0.46 26 X Y 031703E        
2.49 -54.32 15 -0.08 0.74 -0.66 0.07 -0.02 -0.01 26 X Y 041703C        
-177.73 -30.65 41 0.92 0.03 -0.95 0.11 0.67 -0.30 26 X Y 050403A        
-58.72 18.29 40 0.28 -0.85 0.57 0.13 -0.48 -0.41 26 X Y 051403B        
3.58 36.93 15 1.90 -1.74 -0.16 -0.34 0.35 -0.68 26 X Y 052103H        
141.57 38.94 61 2.06 0.49 -2.55 -0.75 -3.02 -0.21 26 X Y 052603A        
128.88 2.61 34 2.48 0.22 -2.69 -0.49 -1.38 0.88 26 X Y 052603D        
123.85 6.90 580 -0.64 -0.37 1.01 1.16 -1.69 0.51 26 X Y 052603E        
152.64 -5.33 30 5.06 -4.89 -0.17 6.14 2.42 -1.66 25 X Y 060703A        
176.72 51.57 22 3.74 -5.03 1.29 4.47 2.95 -0.63 25 X Y 061503B        
160.25 55.48 181 -0.77 -0.24 1.00 -1.17 -1.72 -0.95 26 X Y 061603C        
-71.89 -7.37 556 -4.04 0.46 3.57 -1.28 -0.41 -1.74 26 X Y 062003D        
-71.97 -30.88 35 1.42 0.02 -1.44 0.07 -1.01 0.03 26 X Y 062003G        
176.60 51.55 29 1.19 -1.72 0.54 1.77 1.13 -0.05 26 X Y 062303A        
152.30 -3.79 15 -0.17 6.24 -6.08 0.10 -0.18 0.86 25 X Y 071503E        
69.47 -1.42 15 -0.45 2.44 -1.99 -0.81 -0.54 0.74 27 X Y 071503F        
-176.12 -21.09 216 -0.56 3.17 -2.61 -3.41 -7.72 1.81 25 X Y 072703A        
139.23 46.99 477 0.58 0.47 -1.05 0.29 -0.86 -0.72 26 X Y 072703C        
-43.21 -60.80 15 -1.04 1.55 -0.51 0.65 1.96 1.15 27 X Y 080403C        
166.87 -45.01 32 4.99 -1.07 -3.92 -2.49 -4.64 -2.80 26 X Y 082103D        
95.72 19.86 16 1.81 1.51 -3.32 2.58 -0.06 7.71 25 X Y 092103B        
143.84 42.21 28 0.78 -0.41 -0.37 1.32 2.59 -0.66 28 X Y 092503C        
143.62 41.75 47 0.81 -0.25 -0.56 0.58 0.86 -0.27 27 X Y 092503K        
87.86 50.02 15 0.22 -0.94 0.73 0.02 -0.39 -0.01 27 X Y 092703F        
87.59 50.24 15 0.24 -1.16 0.92 0.33 -0.24 -0.16 26 X Y 100103B        
144.82 42.48 36 0.59 -0.35 -0.24 0.48 0.86 -0.40 26 X Y 100803A        
142.68 37.89 15 1.08 -0.14 -0.95 1.51 3.02 -0.36 26 X Y 103103A        
168.82 -19.41 114 0.38 0.16 -0.55 0.12 -0.63 0.41 26 X Y 110603C        
-19.26 -0.27 15 -0.42 3.48 -3.07 0.97 -2.02 -8.41 25 X Y 110903F        
177.86 51.14 22 2.59 -3.08 0.49 4.00 1.88 -0.51 27 X Y 111703B        
125.58 12.11 37 6.47 -1.72 -4.75 -0.79 -1.70 -3.25 25 X Y 111803F        
151.02 -5.92 43 0.64 -0.68 0.04 0.39 0.05 -0.20 26 X Y 112503E        
165.53 55.68 18 0.67 -0.80 0.13 -0.02 -0.35 -0.86 26 X Y 120503F        
121.43 22.94 25 1.76 -0.13 -1.64 -0.31 0.41 -0.94 26 X Y 121003B        
-20.13 -0.39 15 -0.99 2.91 -1.92 0.33 -0.89 -7.36 25 X Y 122103B        
-121.15 35.75 15 0.74 -0.61 -0.13 0.31 -0.18 0.34 26 X Y 122203C        
-82.81 8.38 30 1.28 2.12 -3.39 0.51 0.24 5.97 25 X Y 122503A        
169.42 -22.29 15 -5.92 3.88 2.04 -0.35 1.44 -3.25 25 X Y 122503C        
58.24 29.10 15 0.98 -1.41 0.43 -4.76 -2.55 7.59 25 X Y 122603B        
169.39 -22.33 15 -1.63 0.84 0.79 0.10 -0.22 -0.79 26 X Y 122603I        
169.81 -21.99 23 0.79 -0.30 -0.49 0.35 -0.38 0.41 27 X Y 122703G        
169.75 -21.71 24 1.22 -0.37 -0.85 0.25 -0.63 0.62 26 X Y 122703K        
169.72 -22.41 15 -5.80 3.76 2.04 -1.61 0.04 -2.60 26 X Y 010304J        
-173.79 -16.75 143 0.61 -0.47 -0.14 -0.08 0.81 -0.60 26 X Y 012504B        
127.30 -3.11 17 -0.17 0.38 -0.22 0.09 0.75 0.73 26 X Y 012804H        
135.53 -3.62 13 -0.65 -1.99 2.64 -1.57 1.84 0.13 26 X Y 020504B        
134.78 -4.03 12 -0.18 -0.16 0.34 0.08 -0.34 0.87 27 X Y 020704A        
135.40 -3.72 12 -0.40 -0.80 1.20 -0.43 0.40 0.05 26 X Y 020804C        
-14.90 -58.62 17 -0.50 -2.26 2.76 2.27 0.41 8.92 25 X Y 022104A        
70.84 36.52 183 3.41 -4.41 1.00 3.66 3.19 -0.54 25 X Y 040504J        
123.01 -9.69 52 -0.36 0.56 -0.20 0.92 0.39 -0.26 26 X Y 042304A        
-73.75 -37.95 24 0.48 0.00 -0.49 0.47 -0.79 0.13 26 X Y 050304A        
160.32 55.79 190 -0.85 0.27 0.58 -1.20 -1.89 -0.16 26 X Y 061004H        
-134.46 55.02 12 -0.03 -1.14 1.17 1.01 0.64 0.91 26 X Y 062804C        
-178.52 -17.68 577 3.28 -1.42 -1.87 2.49 0.54 2.90 26 X Y 071504C        
104.38 -2.68 600 -0.80 0.46 0.34 -0.18 -0.45 -0.57 27 X Y 072504B        
133.09 -0.36 15 4.13 -2.87 -1.26 -3.64 3.12 1.93 25 X Y 072804A        
-70.36 -35.21 16 -0.20 4.19 -3.99 3.18 -1.36 4.78 25 X Y 082804C        
137.00 32.94 16 0.67 -0.83 0.16 0.20 0.06 0.01 27 X Y 090504A        
137.22 33.13 12 1.11 -1.77 0.66 -0.01 0.11 0.04 27 X Y 090504D        
-28.79 -55.43 12 0.63 -0.63 0.00 -0.94 1.06 0.68 26 X Y 090604C        
137.28 33.14 12 0.81 -1.12 0.31 -0.12 0.04 -0.08 26 X Y 090604M        
162.27 -10.87 40 0.55 0.05 -0.60 0.63 0.92 1.05 26 X Y 100804B        
-87.02 11.25 39 2.32 -1.51 -0.81 1.65 -0.94 1.15 26 X Y 100904E        
122.74 24.48 102 0.47 -1.73 1.27 8.01 -2.08 -2.00 25 X Y 101504A        
138.83 37.31 13 0.78 -0.15 -0.63 -0.22 -0.25 -0.36 26 X Y 102304D        
-129.13 49.17 19 -0.06 -0.82 0.87 0.11 0.04 -0.09 26 X Y 110204F        
163.70 -11.35 12 -1.61 0.79 0.82 -1.25 0.12 2.10 26 X Y 110904F        
162.17 -11.20 12 0.48 -0.41 -0.07 0.39 -0.65 0.53 26 X Y 111104I        
125.12 -7.87 17 1.60 -1.59 -0.00 -1.34 0.06 -0.38 27 X Y 111104M        
-77.57 4.72 16 2.80 -0.13 -2.67 0.53 -7.03 -0.46 26 X Y 111504C        
-178.40 -19.87 629 1.68 -1.46 -0.22 -5.37 -4.47 -0.87 25 X Y 111704G        
164.91 -46.36 40 5.07 -1.58 -3.49 -0.42 -1.83 -2.71 26 X Y 112204C        
135.54 -3.55 12 -0.03 -0.84 0.86 -4.58 -0.10 -2.95 26 X Y 112604A        
-114.00 -26.82 12 -0.21 -0.32 0.53 0.00 -0.30 -0.74 26 X Y 112804B        
145.36 42.88 47 2.43 -1.20 -1.23 0.89 2.41 -1.52 26 X Y 112804I        
145.41 42.82 36 0.94 -0.49 -0.44 0.49 1.12 -0.64 26 X Y 120604A        
-81.52 19.05 12 -0.12 -0.64 0.76 0.08 -0.18 1.63 26 X Y 121404B        
161.25 -49.91 27 0.11 0.87 -0.98 0.49 -0.32 -1.21 28 X Y 122304A        
94.26 3.09 29 1.04 -0.43 -0.61 2.98 -2.40 0.43 29 X Y 122604A        
92.79 6.61 14 5.26 -0.84 -4.41 3.95 -2.91 2.10 26 X Y 122604B        
92.45 8.58 12 0.94 -0.12 -0.81 0.02 -0.27 0.32 26 X Y 122604C        
92.22 4.97 12 -0.05 -0.67 0.72 -0.29 -0.38 -0.85 26 X Y 200501010625A  
-20.53 -0.47 12 -0.09 0.63 -0.54 -0.05 0.16 -1.77 26 X Y 200501120840A  
140.86 10.88 12 -0.73 0.83 -0.10 0.53 0.06 -0.19 26 X Y 200501162017A  
141.95 34.01 15 5.59 -0.16 -5.44 -0.91 5.87 0.26 25 X Y 200501190611A  
146.19 15.88 132 -0.55 0.63 -0.09 -0.05 0.50 -0.52 26 X Y 200502050334A  
123.67 5.47 531 -2.35 0.09 2.26 -0.38 -4.66 -0.42 26 X Y 200502051223A  
167.13 -14.18 197 1.23 -0.03 -1.20 -0.34 0.06 0.28 26 X Y 200502081448A  
126.66 4.80 57 2.31 -0.59 -1.72 1.12 5.97 -2.91 25 X Y 200502151442A  
-16.00 -35.39 13 0.03 -0.47 0.44 0.09 0.05 0.89 26 X Y 200502162027A  
95.40 2.80 12 0.27 -0.18 -0.09 0.93 -1.06 0.17 26 X Y 200502261256A  
129.99 -6.54 196 0.34 -3.43 3.10 2.97 3.60 -0.60 26 X Y 200503021042A  
130.15 33.72 12 -0.03 0.82 -0.78 0.18 -0.14 0.39 26 X Y 200503200153A  
-63.54 -24.88 572 -0.20 -0.37 0.56 -0.74 2.04 0.50 26 X Y 200503211223A  
97.07 1.67 26 0.27 -0.11 -0.15 0.84 -0.57 0.15 29 X Y 200503281609A  
99.54 -1.68 12 1.29 -0.50 -0.78 -0.28 0.40 0.52 26 X Y 200504101029A  
99.64 -1.77 15 6.03 -6.87 0.84 -0.37 1.12 1.64 25 X Y 200504101114A  
146.18 -3.33 14 -0.05 -0.08 0.14 0.03 -0.23 1.07 26 X Y 200504111220A  
170.50 -22.01 78 -0.69 -0.24 0.93 0.89 0.45 0.74 26 X Y 200504111708A  
-82.48 5.34 24 -0.27 1.86 -1.59 0.53 0.12 6.08 25 X Y 200505051912A  
-138.91 -57.57 12 0.47 -4.34 3.87 0.42 0.72 -4.48 25 X Y 200505121115A  
98.24 0.42 39 1.01 -0.26 -0.74 0.57 -0.96 0.50 26 X Y 200505140505A  
-178.78 -32.78 46 6.17 -0.34 -5.83 -0.02 3.32 -1.58 25 X Y 200505160354A  
96.74 1.88 12 0.56 -0.41 -0.15 1.60 -1.63 0.32 26 X Y 200505190154A  
-69.23 -20.02 94 -3.70 -0.27 3.97 0.62 -3.63 -0.24 27 X Y 200506132244A  
179.52 51.15 18 1.00 -1.03 0.03 1.20 0.73 -0.34 26 X Y 200506141710A  
-126.42 41.15 20 0.01 -0.83 0.81 0.03 0.11 0.05 27 X Y 200506150250A  
-126.76 40.64 16 -0.01 -0.77 0.78 0.09 0.14 -0.82 26 X Y 200506170621A  
-86.70 11.06 28 0.65 -0.44 -0.21 0.61 -0.41 0.42 26 X Y 200507020216A  
96.93 1.56 16 0.27 -0.11 -0.16 0.85 -0.74 0.17 26 X Y 200507050152A  
91.88 7.92 12 0.02 -0.72 0.70 -0.31 0.13 -0.41 27 X Y 200507241542A  
142.05 38.24 37 3.96 -0.28 -3.68 2.68 5.90 -1.32 26 X Y 200508160246A  
153.95 -5.20 84 3.13 -1.32 -1.82 -1.25 1.38 1.60 27 X Y 200509090726A  
-76.20 -5.60 108 -2.02 -0.12 2.15 -0.05 0.45 -0.50 27 X Y 200509260155A  
152.08 -5.69 30 0.75 -0.62 -0.13 0.60 0.37 -0.34 26 X Y 200509291550A  
73.47 34.38 12 2.61 -1.27 -1.33 1.43 0.36 1.26 27 X Y 200510080350A  
97.12 -45.24 12 -5.86 6.71 -0.85 -0.08 -1.50 -1.00 25 X Y 200510290405A  
144.97 38.22 18 -3.49 -0.17 3.66 -0.60 -0.30 0.70 26 X Y 200511142138A  
-68.13 -22.46 155 -0.70 -0.37 1.07 -0.24 -1.56 -0.58 26 X Y 200511171926A  
142.38 38.11 34 3.81 -0.10 -3.71 1.92 4.40 -1.52 25 X Y 200512021313A  
29.60 -6.23 18 -1.56 -0.14 1.69 -0.74 -0.12 -0.29 26 X Y 200512051219A  
152.36 -6.73 12 -1.02 0.88 0.15 0.08 -0.15 0.16 26 X Y 200512111420A  
71.06 36.45 210 0.76 -0.82 0.06 0.17 0.13 -0.01 26 X Y 200512122147A  
-178.43 -15.04 15 -0.17 0.11 0.06 -0.06 -0.10 1.25 26 X Y 200512130316A  
-21.39 -61.12 20 -0.24 -0.04 0.28 0.27 -0.21 1.31 27 X Y 200601020610A  
-177.72 -19.80 590 -3.93 3.71 0.23 -3.53 -5.00 -0.28 26 X Y 200601022213A  
-112.51 28.38 15 -0.03 -0.92 0.95 -0.00 -0.04 -0.20 26 X Y 200601040832A  
23.29 35.93 64 1.13 -0.54 -0.59 0.45 -0.02 -1.12 26 X Y 200601081134A  
128.20 -5.61 397 -2.42 -0.62 3.04 -1.17 1.49 1.12 27 X Y 200601271658A  
-178.13 -17.77 612 -0.89 0.16 0.74 0.15 -0.92 0.80 26 X Y 200602021248A  
33.33 -21.20 12 -2.83 -0.21 3.04 -0.19 2.64 -1.38 26 X Y 200602222219A  
127.31 -3.35 13 -0.36 0.67 -0.31 -0.70 -0.54 1.18 26 X Y 200603140657A  
-176.41 -29.49 12 4.92 -0.25 -4.67 1.24 5.97 -1.69 25 X Y 200603311321A  
177.00 -16.51 15 0.21 -0.31 0.10 0.50 -0.17 6.21 25 X Y 200604070830A  
167.05 60.89 12 2.80 -0.87 -1.93 0.66 0.20 -1.52 27 X Y 200604202325A  
167.60 60.51 12 0.74 -0.18 -0.56 -0.16 0.34 -0.56 26 X Y 200604291658A  
-71.52 -27.17 15 0.46 0.03 -0.49 0.10 -0.89 -0.02 26 X Y 200604301917A  
-71.55 -27.28 13 3.44 0.50 -3.94 1.01 -5.28 -0.12 25 X Y 200604302141A  
-173.47 -20.39 68 0.66 -0.12 -0.54 0.09 0.88 -0.33 28 X Y 200605031527A  
-178.91 -31.41 151 1.07 -0.50 -0.57 -0.31 1.46 0.37 27 X Y 200605161039A  
96.98 0.01 14 -1.09 0.31 0.78 0.66 -0.79 -1.93 26 X Y 200605161528A  
165.81 60.86 12 0.20 -0.67 0.47 0.10 -0.07 0.87 26 X Y 200605221112A  
151.36 -5.99 38 5.04 -5.44 0.41 2.57 -0.18 -1.84 25 X Y 200605280312A  
177.07 51.96 13 -1.16 -5.73 6.89 -0.01 1.10 0.23 25 X Y 200606140418A  
-179.12 51.04 28 0.62 -0.65 0.03 0.62 0.43 -0.21 26 X Y 200607082039A  
107.78 -10.28 20 1.63 -1.32 -0.31 4.31 -0.58 0.31 27 X Y 200607170819A  
167.63 -15.76 158 -1.10 1.32 -0.22 -0.40 -0.93 1.27 26 X Y 200608072218A  
-34.52 -61.27 17 -1.36 1.17 0.19 0.40 0.02 3.68 26 X Y 200608200341A  
158.17 50.92 50 5.61 -1.21 -4.40 0.62 2.01 -2.50 25 X Y 200608242150A  
-67.18 -24.44 186 -0.62 -0.16 0.78 0.39 -0.34 -0.19 26 X Y 200608250044A  
155.42 -7.01 46 1.52 -0.95 -0.57 0.03 -0.28 0.87 26 X Y 200609011018A  
-171.66 -16.63 15 -2.54 -0.06 2.59 0.38 0.41 0.61 26 X Y 200609280622A  
153.45 46.29 13 0.67 -0.29 -0.38 0.25 0.45 -0.42 26 X Y 200609301750A  
153.64 46.38 13 0.67 -0.24 -0.43 0.22 0.40 -0.38 26 X Y 200610010906A  
-155.94 19.83 48 -0.82 0.87 -0.05 0.06 -0.82 -0.85 26 X Y 200610151707A  
151.26 -6.09 32 1.39 -0.54 -0.85 -0.02 -0.53 -0.45 26 X Y 200610170125A  
-76.98 -13.46 23 0.69 -0.07 -0.61 0.26 -1.13 0.28 26 X Y 200610201048A  
151.58 -6.57 12 -0.76 0.55 0.21 -0.23 -0.21 0.41 26 X Y 200611071738A  
-63.47 -26.10 573 -0.41 -0.22 0.63 -0.74 2.06 -0.33 26 X Y 200611130126A  
154.33 46.71 14 1.74 -0.56 -1.18 1.64 2.58 -0.77 28 X Y 200611151114A  
154.83 46.47 23 -1.47 0.72 0.75 -0.19 0.27 0.44 26 X Y 200611151140A  
120.52 21.81 20 -3.16 0.42 2.74 1.23 -1.55 -1.23 26 X Y 200612261226A  
120.40 22.02 33 -0.38 2.21 -1.83 2.11 0.14 -0.81 26 X Y 200612261234A  
51.44 13.67 16 -0.14 0.91 -0.77 0.18 0.13 0.61 26 X Y 200612300830A  
154.80 46.17 12 -1.38 1.33 0.05 -0.27 -0.78 0.80 28 X Y 200701130423A  
126.21 1.10 22 1.75 -0.21 -1.54 0.04 -0.80 -0.72 27 X Y 200701211127A  
146.26 -55.12 13 -0.20 0.80 -0.60 0.52 0.10 -2.24 26 X Y 200701300454A  
145.10 20.99 22 -0.35 0.73 -0.38 0.51 0.43 -0.02 26 X Y 200701302137A  
-177.40 -29.54 56 6.27 0.05 -6.32 0.68 2.80 -1.51 25 X Y 200701310315A  
127.17 -0.91 12 -0.35 0.71 -0.36 0.31 -1.15 0.80 26 X Y 200702200804A  
169.12 -20.60 41 5.83 -1.02 -4.80 0.79 -1.75 2.49 26 X Y 200703250040A  
136.61 37.28 12 1.01 0.19 -1.20 0.01 -0.30 -0.68 26 X Y 200703250041A  
168.99 -20.89 31 2.31 -0.26 -2.05 0.38 -1.21 1.05 26 X Y 200703250108A  
156.34 -7.79 14 1.34 -0.66 -0.69 0.76 0.01 0.74 28 X Y 200704012039A  
155.80 -7.46 30 1.98 -1.03 -0.95 -0.29 -1.41 1.26 26 X Y 200704012111A  
168.84 -20.79 21 5.23 -0.93 -4.30 1.58 -2.80 2.30 25 X Y 200704041102A  
-179.04 -19.44 691 5.28 -2.26 -3.02 1.35 -2.40 -2.94 25 X Y 200705062111A  
-91.22 13.43 32 1.07 -0.92 -0.15 0.48 -0.43 0.46 26 X Y 200706131929A  
-1.72 -55.78 15 -0.46 -1.56 2.02 2.31 -1.71 5.82 25 X Y 200706240025A  
154.70 -7.95 18 -0.01 1.14 -1.13 0.54 -0.39 0.16 26 X Y 200706280252A  
138.47 37.50 12 0.92 -0.40 -0.53 -0.42 -0.36 -0.45 26 X Y 200707160113A  
135.03 36.84 375 -0.33 1.27 -0.94 -0.39 -1.40 1.00 26 X Y 200707161417A  
127.47 2.95 42 2.83 -0.44 -2.39 -0.93 -0.56 -1.39 26 X Y 200707260540A  
167.41 -15.41 126 6.06 0.17 -6.23 -0.99 -3.94 -0.29 26 X Y 200708011708A  
-179.73 51.10 32 1.05 -1.08 0.03 0.81 0.75 -0.40 26 X Y 200708020321A  
107.58 -6.03 305 0.96 -1.15 0.19 2.00 0.65 1.00 27 X Y 200708081704A  
-177.69 50.28 12 -5.87 6.40 -0.53 -1.13 0.46 0.15 25 X Y 200708152022A  
-77.04 -13.73 34 0.85 -0.13 -0.72 -0.02 -0.72 0.34 28 X Y 200708152340A  
159.55 -9.88 16 -2.33 3.03 -0.70 3.84 -2.62 2.98 25 X Y 200708160839A  
-39.17 8.19 12 0.03 -0.22 0.19 -0.56 1.91 -7.91 25 X Y 200708202242A  
165.68 -11.74 18 0.66 -0.16 -0.50 0.37 -0.51 0.24 27 X Y 200709020105A  
-78.12 3.08 19 -1.13 0.84 0.29 1.01 0.58 0.62 26 X Y 200709100149A  
100.99 -3.78 24 1.80 -0.89 -0.92 5.45 -3.46 0.97 28 X Y 200709121110A  
100.13 -2.46 43 4.93 -2.80 -2.12 5.41 -3.53 2.47 27 X Y 200709122348A  
99.54 -1.94 35 0.84 -0.59 -0.25 0.22 -0.23 0.15 26 X Y 200709130230A  
99.39 -2.31 17 1.50 -0.85 -0.65 3.32 -2.96 0.90 26 X Y 200709130335A  
99.85 -2.24 32 0.79 -0.52 -0.27 0.89 -0.56 0.47 26 X Y 200709200831A  
153.52 -5.20 47 1.58 -0.57 -1.00 0.03 0.08 0.92 26 X Y 200709261236A  
143.07 21.94 276 1.53 -1.88 0.35 -0.05 0.92 0.36 27 X Y 200709281338A  
145.68 10.51 14 0.84 1.39 -2.22 0.72 0.27 2.62 26 X Y 200709300208A  
164.10 -49.26 13 1.33 -0.02 -1.32 0.49 -0.72 -0.26 27 X Y 200709300523A  
164.01 -49.36 31 0.56 0.37 -0.93 0.55 -0.11 0.23 26 X Y 200709300947A  
179.50 -25.27 541 3.54 -4.61 1.07 -0.25 -4.07 -3.46 25 X Y 200710050717A  
167.24 -44.71 19 1.24 -0.15 -1.09 0.07 -1.34 -0.82 26 X Y 200710151229A  
179.72 -25.70 512 0.26 -0.46 0.20 -0.18 -0.73 -0.50 26 X Y 200710162105A  
100.81 -4.40 20 0.88 -0.48 -0.39 1.77 -1.13 0.45 26 X Y 200710242102A  
145.59 18.83 211 0.38 0.34 -0.72 -0.46 -0.10 0.50 27 X Y 200710310330A  
161.23 -51.38 28 0.11 0.76 -0.87 -0.22 0.05 0.23 26 X Y 200711100113A  
-70.62 -22.64 38 2.96 0.04 -3.00 0.74 -3.63 0.34 27 X Y 200711141540A  
-70.94 -22.98 21 1.04 0.02 -1.06 0.27 -1.71 0.08 26 X Y 200711151506A  
-78.00 -2.50 114 -1.02 0.05 0.97 1.13 -0.63 -0.75 26 X Y 200711160312A  
147.05 -5.96 56 1.65 -1.60 -0.05 -0.07 0.11 0.45 26 X Y 200711220848A  
118.47 -8.21 26 4.03 -4.51 0.48 -4.08 -1.34 -0.89 25 X Y 200711251602A  
118.53 -8.20 20 4.43 -4.75 0.32 -3.83 -1.16 -0.86 25 X Y 200711251953A  
162.20 -11.13 26 3.74 -3.39 -0.35 1.77 -6.20 4.71 25 X Y 200711271150A  
-61.41 15.06 148 -0.49 0.99 -0.50 -0.36 1.42 0.44 27 X Y 200711291900A  
-177.22 -25.75 150 2.52 -4.34 1.83 -5.69 -0.53 -2.71 27 X Y 200712090728A  
-70.41 -23.02 31 0.13 -0.03 -0.10 -0.09 1.45 -0.14 26 X Y 200712160809A  
-179.27 51.02 28 4.15 -4.41 0.26 4.96 2.82 -1.02 26 X Y 200712190930A  
178.40 -38.92 30 -0.76 0.57 0.19 -0.06 0.21 0.56 26 X Y 200712200755A  
-131.24 51.11 12 -0.07 -0.83 0.90 0.19 -0.00 0.38 26 X Y 200801051101A  
-179.34 -22.05 603 0.95 -2.02 1.07 -2.66 -6.29 -1.92 25 X Y 200801151752A  
-41.71 10.85 17 0.23 -0.57 0.35 0.15 0.68 -3.09 26 X Y 200802080938A  
-25.01 -61.05 12 -0.71 0.77 -0.06 0.12 -0.03 0.38 26 X Y 200802101222A  
-94.51 16.35 87 -4.47 -0.22 4.69 2.73 -1.81 -2.84 25 X Y 200802121250A  
21.79 36.24 20 0.44 -0.21 -0.23 1.99 -1.20 0.26 26 X Y 200802141009A  
21.67 36.29 15 1.19 -0.51 -0.68 6.95 -3.95 0.76 25 X Y 200802141208A  
95.98 2.69 15 0.43 -0.29 -0.14 0.79 -0.66 0.20 27 X Y 200802200808A  
-23.13 -57.12 12 -0.97 -0.88 1.85 -0.30 0.42 -0.69 26 X Y 200802231557A  
99.73 -2.63 15 1.28 -0.71 -0.57 5.54 -3.86 0.80 25 X Y 200802241446A  
99.95 -2.66 14 1.52 -0.89 -0.63 6.30 -4.28 0.80 26 X Y 200802250836A  
99.73 -2.58 15 0.21 -0.12 -0.09 0.81 -0.57 0.13 26 X Y 200802251806A  
99.70 -2.46 17 0.38 -0.22 -0.16 1.17 -0.78 0.22 26 X Y 200802252102A  
153.38 46.26 14 4.99 -2.01 -2.97 1.75 3.25 -3.18 25 X Y 200803030931A  
125.59 13.52 18 -2.13 1.58 0.55 0.06 0.57 -1.70 26 X Y 200803031411A  
81.37 35.43 12 -4.92 -0.36 5.29 1.25 0.82 1.09 26 X Y 200803202233A  
168.80 -20.12 35 0.94 -0.16 -0.78 0.36 -0.47 0.40 27 X Y 200804091246A  
158.49 -55.56 22 5.42 0.00 -5.42 0.86 -0.36 0.49 26 X Y 200804120030A  
-179.17 51.81 12 -0.11 0.65 -0.54 0.22 -0.22 -0.72 26 X Y 200804160554A  
-23.87 -1.14 15 0.37 0.76 -1.13 1.43 1.91 -5.87 25 X Y 200804241214A  
-177.54 51.96 12 -0.03 0.34 -0.31 0.13 -0.25 -0.87 26 X Y 200805020133A  
141.61 36.18 26 1.12 -0.11 -1.01 0.78 1.91 -0.47 26 X Y 200805071645A  
143.28 12.36 83 -0.79 -0.85 1.64 0.87 0.08 0.02 26 X Y 200805092151A  
104.10 31.44 13 0.57 0.01 -0.58 -0.20 0.56 -0.35 28 X Y 200805120628A  
-35.01 7.51 13 -0.12 0.02 0.10 -0.19 -0.75 -6.39 25 X Y 200805231935A  
149.97 -59.82 12 -0.08 4.26 -4.18 -0.19 0.08 -5.42 25 X Y 200806011431A  
140.85 39.03 12 2.46 -0.10 -2.37 -0.16 -0.26 -0.88 26 X Y 200806132343A  
91.82 10.92 17 -0.56 -0.41 0.97 -0.19 0.16 0.24 26 X Y 200806271140A  
-21.77 -58.33 26 0.06 -3.31 3.25 -0.39 -0.20 0.93 26 X Y 200806300617A  
153.37 54.12 611 -3.26 -0.77 4.03 -2.18 -1.00 -0.85 27 X Y 200807050212A  
142.42 37.47 22 1.53 -0.17 -1.35 0.96 2.31 -0.53 26 X Y 200807190239A  
164.47 -11.12 13 -0.85 0.34 0.51 -0.11 0.16 0.50 26 X Y 200807190927A  
141.51 39.73 99 -1.35 0.49 0.86 -0.18 1.57 0.13 26 X Y 200807231526A  
83.51 30.61 17 -1.02 -0.38 1.40 -0.56 0.20 0.11 26 X Y 200808251322A  
166.75 -13.37 125 3.21 -0.42 -2.79 -0.16 -0.59 -0.10 26 X Y 200809081852A  
-38.54 8.18 15 0.03 -0.12 0.09 0.04 0.25 -1.01 26 X Y 200809101308A  
127.34 1.91 120 0.29 0.25 -0.54 -0.70 -0.40 -0.17 26 X Y 200809110000A  
144.11 41.79 20 0.79 -0.33 -0.47 0.70 1.41 -0.48 26 X Y 200809110020A  
-177.46 -29.85 51 3.95 -0.23 -3.72 0.46 1.93 -1.10 26 X Y 200809291519A  
73.64 39.50 12 1.27 -1.30 0.03 0.38 -0.06 -0.41 26 X Y 200810051552A  
-92.90 14.28 30 0.87 -0.71 -0.16 0.57 -0.51 0.43 26 X Y 200810161941A  
-173.56 -21.82 43 2.75 -0.03 -2.72 0.31 0.05 -0.77 26 X Y 200810190510A  
122.05 1.50 29 0.83 -0.86 0.03 -0.99 0.15 0.08 27 X Y 200811161702A  
154.71 54.27 502 -0.39 0.45 -0.06 -0.47 -0.91 0.17 27 X Y 200811240902A  
-176.54 -31.03 19 -1.29 -0.23 1.52 -0.19 -0.35 0.08 26 X Y 200812090624A  
132.83 -0.38 15 2.20 -1.81 -0.39 -1.52 2.79 1.17 27 X Y 200901031943A  
70.36 36.44 206 0.79 -0.71 -0.07 0.51 -0.15 0.01 26 X Y 200901032023A  
133.48 -0.58 18 1.04 -0.95 -0.10 -0.76 0.54 0.38 27 X Y 200901032233A  
170.46 -22.58 27 0.78 -0.64 -0.14 0.48 -0.18 0.37 26 X Y 200901150727A  
155.39 46.97 45 1.41 0.04 -1.45 -0.11 -0.05 -0.45 27 X Y 200901151749A  
170.72 -22.76 19 0.73 -0.67 -0.06 0.42 -0.11 0.25 26 X Y 200901190335A  
126.81 3.92 24 5.76 -0.18 -5.58 0.53 1.50 -0.11 26 X Y 200902111734A  
-175.90 -27.27 37 0.01 -0.48 0.47 -0.05 2.75 -2.09 26 X Y 200902182153A  
-2.32 80.33 13 -1.16 -4.63 5.80 -1.50 -2.06 -2.32 25 X Y 200903061050A  
-174.23 -23.08 49 3.28 -0.20 -3.09 -0.25 0.19 -1.15 27 X Y 200903191817A  
151.99 46.00 43 2.08 -0.80 -1.28 0.41 1.24 -1.19 26 X Y 200904070423A  
-26.55 -60.71 24 1.06 -0.24 -0.82 0.09 0.64 -0.62 26 X Y 200904161457A  
151.74 45.96 50 0.86 -0.34 -0.52 0.13 0.46 -0.47 26 X Y 200904181917A  
-178.12 -31.56 48 6.10 0.20 -6.31 0.53 3.08 -1.99 25 X Y 200905160053A  
-87.17 16.50 12 -0.03 -0.81 0.84 -0.46 0.51 0.72 27 X Y 200905280824A  
153.74 -5.22 70 1.34 -0.49 -0.85 -0.31 0.50 0.75 26 X Y 200906231419A  
166.26 -45.85 23 3.14 0.76 -3.90 2.59 -3.75 -0.03 27 X Y 200907150922A  
-113.53 29.22 12 -0.03 -2.50 2.54 -0.04 -0.16 -0.33 26 X Y 200908031800A  
138.19 33.05 302 0.34 0.16 -0.50 -0.77 -4.57 -1.58 26 X Y 200908091055A  
165.93 -11.60 44 0.82 -0.03 -0.78 -0.00 0.03 0.23 26 X Y 200908100406A  
92.94 14.16 22 -1.51 0.49 1.03 0.38 0.43 1.43 27 X Y 200908101955A  
140.68 32.74 55 0.39 -0.05 -0.34 -0.17 -0.80 -0.28 26 X Y 200908122248A  
99.45 -1.56 12 1.10 -0.16 -0.94 -0.22 0.52 0.34 26 X Y 200908160738A  
123.57 23.29 24 -0.04 1.17 -1.13 0.35 0.08 0.07 26 X Y 200908170005A  
123.46 -7.09 634 -1.70 1.96 -0.26 -0.89 1.58 -0.90 26 X Y 200908280151A  
-172.28 -15.12 18 -0.92 0.76 0.16 0.09 -0.12 -0.56 26 X Y 200908301451A  
107.33 -8.12 53 3.82 -1.68 -2.14 1.43 -1.28 -0.82 26 X Y 200909020755A  
-171.97 -15.13 12 -1.30 0.52 0.77 -0.30 -0.97 -0.73 28 X Y 200909291748A  
99.67 -0.79 78 1.76 -0.76 -0.99 0.66 -0.99 -1.94 27 X Y 200909301016A  
101.59 -2.45 15 -0.01 -0.88 0.89 0.30 0.17 0.25 26 X Y 200910010152A  
123.56 6.77 626 0.08 -0.01 -0.07 -0.72 -0.79 -0.15 26 X Y 200910041058A  
122.51 4.11 580 -0.63 0.07 0.55 -0.64 -1.56 0.06 26 X Y 200910072141A  
166.27 -12.59 44 3.25 -0.23 -3.02 0.01 -0.51 0.76 27 X Y 200910072203A  
166.01 -11.86 42 6.22 -0.48 -5.75 0.11 -2.24 1.85 27 X Y 200910072218A  
165.89 -12.59 18 1.72 -0.26 -1.46 0.25 -1.13 0.35 26 X Y 200910072250A  
166.37 -13.12 43 1.70 -0.23 -1.48 -0.12 -0.17 0.34 27 X Y 200910072313A  
166.09 -13.14 14 1.27 -0.11 -1.16 0.46 -0.86 0.37 26 X Y 200910080828A  
130.57 -6.10 155 0.53 -2.10 1.58 1.08 2.05 0.61 26 X Y 200910241440A  
130.22 28.97 38 1.50 -0.47 -1.04 0.74 0.69 -0.76 26 X Y 200910300703A  
118.72 -8.23 21 0.77 -0.82 0.05 -0.65 -0.29 -0.17 26 X Y 200911081941A  
178.53 -17.11 604 0.54 0.16 -0.70 0.51 0.22 -0.56 27 X Y 200911091044A  
-71.01 -19.60 36 5.28 -0.12 -5.16 1.78 -4.82 2.00 25 X Y 200911130306A  
-131.67 51.93 16 0.98 -2.99 2.01 2.14 -2.55 8.32 25 X Y 200911171530A  
-173.55 -20.85 26 -0.07 0.44 -0.37 0.14 1.11 1.14 26 X Y 200911241247A  
157.45 -9.12 12 0.72 -0.32 -0.40 0.62 -0.58 0.37 26 X Y 201001032148A  
157.21 -8.88 12 3.72 -1.87 -1.85 3.46 -2.61 2.04 26 X Y 201001032236A  
-14.85 -58.50 15 -0.24 -0.28 0.52 0.31 0.08 1.72 26 X Y 201001050455A  
157.77 -9.11 12 1.44 -0.96 -0.48 0.75 -1.29 1.08 26 X Y 201001051215A  
-124.81 40.53 19 -0.03 -0.69 0.73 0.04 -0.06 0.21 26 X Y 201001100027A  
-72.62 18.61 12 1.74 -3.87 2.13 -0.53 -1.06 2.74 26 X Y 201001122153A  
130.66 42.48 579 0.27 0.19 -0.46 0.23 -2.50 -0.59 26 X Y 201002180113A  
128.61 25.86 18 -0.75 0.41 0.34 0.79 0.80 3.36 26 X Y 201002262031A  
-73.15 -35.98 23 1.04 -0.04 -1.00 0.30 -1.52 -0.12 29 X Y 201002270634A  
-75.41 -38.09 20 -1.40 0.16 1.24 0.23 -0.04 0.23 27 X Y 201002270801A  
-73.75 -36.89 15 0.52 0.01 -0.53 0.00 -0.86 -0.04 26 X Y 201003051147A  
100.52 -4.04 20 0.50 -0.26 -0.24 0.96 -0.63 0.27 26 X Y 201003051606A  
-72.11 -34.54 13 -2.33 0.86 1.47 -0.47 0.64 -0.95 26 X Y 201003111439A  
-72.13 -34.53 16 -0.59 0.02 0.57 -1.27 3.20 0.03 26 X Y 201003111455A  
141.98 37.70 46 5.55 -0.28 -5.27 1.83 4.97 -2.07 25 X Y 201003140808A  
-73.63 -36.49 13 0.49 0.03 -0.52 0.11 -1.03 -0.03 26 X Y 201003160221A  
152.33 -3.32 414 -0.81 0.65 0.17 0.45 0.16 0.26 26 X Y 201003201400A  
92.76 13.58 30 -0.50 -0.13 0.62 0.10 -0.38 0.93 26 X Y 201003301654A  
-115.39 32.31 13 -0.23 -0.64 0.87 0.04 -0.06 -0.05 27 X Y 201004042240A  
96.74 2.07 18 1.72 -1.06 -0.66 4.97 -3.98 0.77 27 X Y 201004062215A  
161.18 -11.04 36 1.98 -2.03 0.04 0.27 -0.27 1.41 26 X Y 201004110940A  
96.79 33.05 16 -0.38 2.24 -1.86 -1.05 0.19 1.10 26 X Y 201004132349A  
123.73 22.23 24 -0.94 6.59 -5.65 -0.89 0.19 -3.02 25 X Y 201004260259A  
-177.71 60.45 15 0.13 6.19 -6.32 0.34 -1.46 -1.87 25 X Y 201004302311A  
100.77 -4.28 12 2.47 -1.25 -1.22 6.32 -4.26 1.46 25 X Y 201005051629A  
95.78 3.36 37 0.45 -0.28 -0.18 0.63 -0.53 0.23 27 X Y 201005090559A  
166.65 -13.81 43 6.89 -0.53 -6.35 0.54 -0.17 2.00 26 X Y 201005271714A  
93.70 11.16 128 2.33 -4.03 1.70 -4.21 -1.88 2.66 25 X Y 201005311951A  
91.65 7.85 33 0.77 -1.76 0.99 0.23 -1.00 -0.63 27 X Y 201006121926A  
136.36 -1.87 12 -0.27 -3.16 3.44 0.79 -0.13 2.10 26 X Y 201006160316A  
136.56 -2.10 15 -0.08 -0.79 0.87 -0.08 0.13 -0.10 26 X Y 201006160358A  
161.43 -10.54 41 1.23 -0.02 -1.21 -0.62 -0.16 0.77 26 X Y 201006260530A  
-73.89 -38.35 15 0.31 0.01 -0.33 0.01 -1.03 -0.02 26 X Y 201007140832A  
-169.64 52.66 12 -0.66 0.13 0.53 0.33 0.16 -1.08 26 X Y 201007180556A  
150.68 -6.32 35 2.92 0.06 -2.98 -0.05 -0.39 -0.71 26 X Y 201007181304A  
150.33 -6.22 37 1.02 -1.03 0.01 0.63 -0.01 -0.15 27 X Y 201007181335A  
123.59 6.54 597 -0.39 0.32 0.07 -0.32 -0.99 0.32 27 X Y 201007232208A  
123.90 6.62 577 -1.55 0.46 1.09 0.40 -3.27 0.86 27 X Y 201007232251A  
123.48 6.83 641 -1.38 1.04 0.33 -0.51 -1.50 0.03 27 X Y 201007232315A  
123.56 6.23 556 -4.31 1.94 2.37 -0.73 -7.72 2.31 25 X Y 201007240535A  
123.41 6.69 614 -0.21 0.23 -0.02 -0.56 -0.83 0.12 26 X Y 201007290731A  
146.90 -5.59 218 3.59 -5.72 2.12 3.10 -2.53 -0.78 25 X Y 201008040715A  
150.80 -6.26 35 2.21 -2.42 0.21 1.29 -0.01 -0.44 26 X Y 201008042201A  
167.81 -17.57 32 0.74 -0.08 -0.66 0.53 -0.29 0.42 27 X Y 201008100523A  
-77.51 -1.51 198 -2.71 1.09 1.61 3.16 -2.48 -2.35 26 X Y 201008121154A  
141.52 12.46 12 -2.51 2.42 0.09 0.99 0.41 0.60 26 X Y 201008132119A  
-175.97 51.41 39 4.59 -4.27 -0.32 3.11 2.52 -1.76 25 X Y 201009031116A  
172.12 -43.56 12 0.38 0.01 -0.39 0.49 0.01 -3.60 26 X Y 201009031635A  
133.78 -4.92 18 -3.18 -0.48 3.66 0.53 -0.29 -0.38 26 X Y 201009291711A  
-109.29 24.83 14 0.04 -1.32 1.27 -0.11 0.05 -0.20 26 X Y 201010211753A  
99.32 -3.71 12 1.91 -1.01 -0.91 5.03 -4.15 0.80 27 X Y 201010251442A  
139.26 28.69 461 -0.67 1.07 -0.40 0.64 -1.42 -0.58 26 X Y 201011300324A  
149.90 -6.30 49 0.96 -1.03 0.08 0.24 -0.01 -0.07 26 X Y 201012020312A  
59.11 28.10 15 -0.00 0.78 -0.78 0.04 -0.02 0.27 26 X Y 201012201841A  
143.76 27.10 16 -1.17 0.47 0.70 -0.14 -0.98 -1.04 27 X Y 201012211719A  
168.04 -19.67 17 -1.02 0.07 0.95 -0.42 -0.12 -0.35 27 X Y 201012251316A  
-63.21 -27.02 586 -2.47 -0.12 2.59 -1.76 2.98 -0.77 26 X Y 201101010956A  
-73.84 -38.71 19 2.84 -0.05 -2.79 0.27 -5.66 -0.06 26 X Y 201101022020A  
168.13 -19.20 13 -6.57 6.55 0.02 -1.62 -1.98 -1.34 25 X Y 201101091003A  
139.94 26.94 511 -3.56 4.17 -0.61 2.32 -5.22 -2.61 25 X Y 201101122132A  
168.34 -20.68 17 -2.98 0.45 2.53 -0.63 0.58 -1.27 26 X Y 201101131616A  
63.90 28.61 52 -0.64 0.54 0.10 0.29 0.42 0.41 27 X Y 201101182023A  
155.34 -7.04 425 0.92 2.94 -3.86 2.23 -4.63 0.69 25 X Y 201102071953A  
122.91 4.14 521 -5.05 1.49 3.56 -2.21 -5.52 2.00 25 X Y 201102101439A  
123.28 4.22 518 0.62 0.83 -1.45 -1.47 -7.01 -0.12 25 X Y 201102101441A  
-73.56 -36.63 18 1.00 -0.03 -0.97 0.03 -2.09 -0.13 26 X Y 201102112005A  
-73.61 -35.67 12 0.56 -0.02 -0.54 -0.13 -0.91 -0.17 26 X Y 201102140340A  
178.47 -25.95 567 -2.61 1.50 1.11 -1.95 6.71 -2.87 25 X Y 201102211057A  
-26.68 -56.41 101 2.86 1.57 -4.44 -4.96 4.83 1.31 25 X Y 201103061432A  
142.78 38.56 14 0.49 -0.02 -0.47 0.42 1.05 -0.13 27 X Y 201103090245A  
142.82 38.27 23 3.79 -0.28 -3.51 1.90 4.42 -1.04 25 X Y 201103092124B  
116.71 -6.95 517 -0.92 0.94 -0.03 -0.19 -0.18 -0.10 26 X Y 201103101708A  
143.05 37.52 20 1.73 -0.28 -1.45 2.12 4.55 -0.66 29 X Y 201103110546A  
141.38 35.92 29 4.39 -0.31 -4.07 3.17 6.34 -1.97 27 X Y 201103110615A  
144.63 38.27 21 -3.03 0.03 3.00 -0.41 -0.34 0.47 27 X Y 201103110625A  
142.84 37.57 14 -4.95 1.21 3.74 -3.62 -2.70 2.37 25 X Y 201103120147A  
100.02 20.62 13 0.11 -1.50 1.39 0.34 0.32 1.67 26 X Y 201103241355A  
107.72 -10.10 21 -1.18 1.42 -0.24 0.27 -0.30 -0.89 26 X Y 201104032006A  
-94.12 17.28 154 -0.56 -0.29 0.86 0.91 -0.62 -0.57 26 X Y 201104071311A  
141.85 38.32 53 5.99 -1.43 -4.55 -1.11 -1.25 -1.65 26 X Y 201104071432A  
140.54 37.00 12 -1.27 0.76 0.51 -0.01 0.44 -0.33 26 X Y 201104110816A  
-179.83 -34.40 100 -3.04 -1.31 4.35 2.05 6.56 0.99 25 X Y 201104181303A  
161.32 -10.47 77 0.37 -1.00 0.62 -1.39 -0.23 1.37 26 X Y 201104230416A  
168.15 -20.29 18 -1.71 -0.17 1.88 -0.34 0.21 -0.66 26 X Y 201105100855A  
154.44 -6.22 53 5.94 -3.01 -2.93 -0.75 0.60 3.22 25 X Y 201105151837A  
-68.63 -21.89 131 -0.30 -0.36 0.66 -0.02 -7.58 1.50 25 X Y 201106201635A  
142.51 39.99 41 1.05 0.05 -1.09 0.12 1.12 -0.03 26 X Y 201106222150A  
-171.77 52.09 74 -0.27 1.71 -1.44 9.22 1.11 1.84 26 X Y 201106240309A  
-175.83 -29.22 22 -2.56 -0.28 2.84 -0.64 -1.07 -0.14 27 X Y 201107061903A  
143.33 37.98 22 0.49 -3.25 2.76 0.41 1.36 2.12 26 X Y 201107100057A  
122.11 9.65 17 4.13 0.12 -4.25 -0.29 -5.55 -0.25 25 X Y 201107112047A  
179.92 -23.78 539 1.19 -1.36 0.17 -0.64 -0.51 -0.22 26 X Y 201107290742A  
144.63 -3.39 12 -0.05 -0.09 0.13 0.06 0.09 1.03 26 X Y 201107312338A  
167.94 -18.52 33 5.28 -0.45 -4.83 1.27 -3.06 1.77 26 X Y 201108201655A  
167.88 -18.31 34 0.71 -0.01 -0.70 0.09 -0.36 0.21 26 X Y 201108201713A  
167.94 -18.26 36 4.08 -0.28 -3.80 0.79 -1.75 1.43 26 X Y 201108201819A  
-74.66 -7.68 144 -3.31 -1.03 4.34 1.22 -1.20 -0.41 26 X Y 201108241746A  
126.68 -6.47 469 -0.94 0.32 0.62 0.71 2.44 -0.09 26 X Y 201108300657A  
-171.56 51.91 39 1.21 0.70 -1.90 0.65 1.43 0.74 26 X Y 201109021055A  
-63.08 -28.56 597 -1.08 0.74 0.34 -0.25 1.06 0.34 26 X Y 201109021347A  
169.72 -20.79 152 1.21 1.08 -2.29 3.03 -2.08 1.34 26 X Y 201109032255A  
97.86 2.88 95 -0.28 0.24 0.04 0.86 -0.98 -0.39 26 X Y 201109051755A  
-127.17 49.27 25 -0.62 -1.61 2.22 0.20 -2.78 5.14 25 X Y 201109091941A  
-179.21 -21.61 625 -0.14 0.79 -0.65 -0.59 -0.74 -0.05 27 X Y 201109151931A  
143.22 40.20 22 0.71 -0.00 -0.71 0.44 0.94 -0.13 26 X Y 201109161926A  
88.35 27.44 46 -0.41 -2.32 2.73 0.90 -0.12 -0.63 26 X Y 201109181240A  
148.15 -6.90 33 4.26 -2.49 -1.77 3.69 2.51 -2.38 25 X Y 201110140335A  
-175.72 -28.83 48 1.32 -0.16 -1.17 0.27 0.31 -0.69 27 X Y 201110211757A  
43.40 38.64 12 5.27 -5.86 0.59 2.13 -1.78 -0.61 26 X Y 201110231041A  
-76.12 -14.52 25 1.55 -0.19 -1.37 0.52 -2.87 0.61 26 X Y 201110281854A  
125.77 27.13 231 -2.65 0.12 2.53 -0.84 -1.07 -0.55 26 X Y 201111080259A  
-65.18 -15.40 554 3.18 -0.22 -2.97 -4.01 7.18 1.51 25 X Y 201111221848A  
-99.84 17.89 55 -5.61 5.37 0.24 -2.35 0.07 -1.02 25 X Y 201112110147A  
146.83 -7.49 133 -0.09 -1.78 1.88 -1.17 4.72 1.32 26 X Y 201112140504A  
95.91 51.78 19 0.40 -0.83 0.43 0.45 0.12 1.12 26 X Y 201112271521A  
138.17 31.61 352 -0.37 -0.11 0.48 -0.26 -1.77 -0.52 26 X Y 201201010527A  
92.98 2.59 24 -0.51 -2.96 3.47 -1.07 -0.90 -6.68 26 X Y 201201101837A  
-56.47 -60.62 14 -0.04 0.81 -0.77 0.03 0.26 0.14 26 X Y 201201151340A  
167.11 -17.69 21 -2.92 -1.20 4.13 -0.92 0.90 2.36 26 X Y 201202021334A  
123.26 10.03 12 1.05 0.07 -1.13 -0.09 -0.06 -0.70 26 X Y 201202060349A  
96.00 51.69 20 0.84 -0.70 -0.13 0.13 -0.26 0.97 26 X Y 201202260617A  
170.22 -22.33 24 0.00 -0.36 0.35 0.19 -0.03 0.86 26 X Y 201203031219A  
169.60 -19.06 12 -1.05 0.39 0.65 -0.02 -0.10 -0.63 26 X Y 201203090709A  
144.93 40.88 13 -3.50 3.11 0.38 -0.04 0.57 -0.13 26 X Y 201203140908A  
-98.39 16.60 15 0.68 -0.56 -0.12 1.74 -0.66 0.24 27 X Y 201203201802A  
145.96 -6.26 127 -0.66 0.89 -0.23 -0.39 -0.11 -0.54 26 X Y 201203212215A  
-72.41 -35.31 34 2.92 -0.04 -2.88 0.41 -5.19 -0.47 26 X Y 201203252237A  
92.82 2.35 46 0.13 -0.62 0.49 -0.18 0.10 -0.69 29 X Y 201204110838A  
92.31 0.90 55 0.55 -1.90 1.35 -0.34 -0.29 -2.36 28 X Y 201204111043A  
-102.97 18.10 21 0.86 -0.82 -0.04 0.70 -0.39 0.31 26 X Y 201204112255A  
-112.76 28.57 16 -0.21 -4.22 4.43 -0.93 -0.84 -0.64 26 X Y 201204120715A  
-71.69 -32.77 40 0.97 0.02 -0.99 0.09 -0.91 0.03 26 X Y 201204170350A  
147.16 -5.66 209 1.85 -2.27 0.42 0.39 -0.93 0.70 26 X Y 201204170713A  
134.33 -1.57 18 -0.19 -0.25 0.44 0.04 0.14 1.19 26 X Y 201204210116A  
-174.26 -18.79 141 -0.76 0.79 -0.03 0.85 0.41 0.25 26 X Y 201204281008A  
-63.07 -28.25 592 -0.70 -0.07 0.78 -0.50 0.96 0.11 26 X Y 201205280507A  
65.88 -17.47 25 -0.09 -0.90 1.00 -0.15 0.02 0.44 26 X Y 201207260533A  
153.07 -4.85 58 0.60 -0.70 0.10 0.33 0.18 0.13 26 X Y 201207282004A  
46.80 38.31 15 1.04 0.51 -1.55 0.88 -0.37 -5.85 25 X Y 201208111223A  
145.70 49.97 598 3.84 -1.87 -1.97 -2.74 -0.51 -2.15 27 X Y 201208140259A  
126.81 2.16 91 0.33 0.49 -0.83 -0.51 -0.07 0.19 26 X Y 201208261505A  
-89.17 12.02 12 0.62 -0.53 -0.09 0.98 -0.52 0.18 27 X Y 201208270437A  
-9.84 71.44 24 -0.01 1.10 -1.09 -0.05 0.23 1.19 26 X Y 201208301343A  
126.97 10.85 45 2.97 0.53 -3.50 -0.75 -0.43 -0.15 27 X Y 201208311247A  
-85.64 10.00 30 1.85 -1.37 -0.48 2.61 -1.16 0.86 27 X Y 201209051442A  
-178.08 51.56 15 -3.07 -1.91 4.98 4.04 1.97 -2.73 25 X Y 201209262339A  
-76.22 1.89 159 -0.75 0.76 -0.00 -0.28 0.06 0.42 27 X Y 201209301631A  
153.39 -60.65 21 -0.12 0.73 -0.61 0.10 0.11 -0.59 26 X Y 201210091232A  
133.97 -4.84 20 -0.77 -0.08 0.84 -0.13 0.35 0.17 26 X Y 201210120031A  
-132.06 52.61 12 4.08 -2.53 -1.56 3.26 -1.78 2.40 27 X Y 201210280304A  
-92.43 14.11 21 1.11 -0.88 -0.23 0.79 -0.53 0.41 27 X Y 201211071635A  
96.03 22.73 17 -0.04 0.12 -0.09 1.36 0.18 1.93 26 X Y 201211110112A  
155.87 49.22 41 5.80 -1.68 -4.12 1.44 2.51 -2.83 25 X Y 201211161812A  
144.09 38.01 58 0.51 0.44 -0.95 0.08 -0.14 -0.16 27 X Y 201212070818A  
143.83 37.77 20 -0.65 -0.12 0.76 0.04 0.12 0.31 27 X Y 201212070818B  
129.83 -6.65 159 1.03 -4.45 3.42 1.81 3.51 0.13 26 X Y 201212101653A  
167.17 -14.31 199 1.30 -0.11 -1.19 -0.35 0.09 0.29 26 X Y 201212212228A  
-134.97 55.69 14 0.01 -1.70 1.69 1.09 0.60 1.29 27 X Y 201301050858A  
-71.18 -28.09 46 1.35 0.06 -1.42 0.23 -1.09 -0.39 26 X Y 201301302015A  
143.24 42.85 105 -0.33 0.67 -0.35 3.06 -0.16 0.21 26 X Y 201302021417A  
165.21 -11.18 20 0.62 -0.24 -0.37 0.44 -0.56 0.30 28 X Y 201302060112A  
164.86 -11.32 23 -5.42 0.63 4.79 -0.04 1.39 -1.51 26 X Y 201302060123A  
165.56 -10.44 14 -0.17 2.50 -2.33 0.32 -0.41 -2.77 26 X Y 201302060154A  
165.59 -10.94 15 -0.27 0.37 -0.11 -0.44 0.82 -1.29 26 X Y 201302071859A  
165.81 -10.91 12 -0.12 1.50 -1.38 0.03 0.05 -1.76 26 X Y 201302081112A  
165.92 -10.72 24 0.03 0.43 -0.46 -0.49 0.65 -4.62 26 X Y 201302081526A  
-77.40 1.16 152 -0.12 -0.73 0.86 -0.97 -1.07 3.30 26 X Y 201302091416A  
165.64 -10.93 19 -0.23 0.50 -0.28 -0.16 0.32 -0.81 26 X Y 201302092102A  
142.51 67.65 12 1.11 -0.67 -0.43 0.24 0.07 0.80 26 X Y 201302141313A  
157.93 50.83 45 1.88 -0.58 -1.30 0.59 0.73 -0.88 26 X Y 201302281405A  
157.90 50.68 41 0.72 -0.23 -0.48 0.22 0.27 -0.35 26 X Y 201303011320A  
148.37 -6.71 12 -0.22 -1.18 1.39 -2.58 1.35 7.33 25 X Y 201303102251A  
138.49 -3.33 74 -2.30 -1.48 3.78 1.14 -0.18 1.03 26 X Y 201304060442A  
154.56 -6.74 29 6.37 -3.54 -2.83 3.36 -3.20 3.47 25 X Y 201304140132A  
62.21 27.89 51 -4.32 4.28 0.04 1.40 1.39 1.95 27 X Y 201304161044A  
142.61 -3.13 18 0.53 -0.24 -0.29 -0.07 0.72 0.52 26 X Y 201304162255A  
150.92 46.00 104 -0.19 0.45 -0.26 0.79 0.38 -0.06 27 X Y 201304190305A  
103.12 30.22 22 0.95 -0.11 -0.84 -0.04 0.16 -0.45 26 X Y 201304200002A  
152.32 -3.82 14 0.11 6.57 -6.68 -0.08 -0.52 1.27 25 X Y 201304232314A  
145.35 18.67 605 -1.04 -0.58 1.62 -1.28 0.08 -0.97 26 X Y 201305140032A  
-176.88 -23.19 188 -0.41 -0.06 0.47 -0.43 -1.50 -0.01 27 X Y 201305231719A  
153.77 54.61 611 -1.67 0.38 1.28 -0.78 -3.57 0.16 28 X Y 201305240544A  
151.48 52.36 642 -1.27 0.54 0.73 -0.24 -0.95 0.52 26 X Y 201305241456A  
107.37 -10.15 13 -0.90 0.92 -0.02 0.30 -0.11 -0.56 26 X Y 201306131647A  
-42.46 10.91 18 -0.33 -0.83 1.16 0.67 1.64 -5.83 25 X Y 201306242204A  
153.98 -4.10 383 -1.10 0.24 0.86 0.27 0.14 -0.42 27 X Y 201307071835A  
149.78 -6.21 53 0.79 -0.04 -0.75 0.11 -0.28 -0.30 26 X Y 201307072030A  
-23.51 -61.05 22 -0.30 0.24 0.06 0.35 0.00 1.18 27 X Y 201307151403A  
174.17 -41.63 12 1.42 4.62 -6.05 -3.65 1.60 -1.95 25 X Y 201307210509A  
-78.19 5.77 21 -0.54 1.19 -0.65 0.09 0.31 0.33 26 X Y 201308131543A  
174.04 -41.76 12 1.28 5.03 -6.31 -3.18 2.83 -3.02 25 X Y 201308160231A  
-175.12 51.44 27 2.52 -2.26 -0.25 2.18 1.17 -0.90 26 X Y 201308301625B  
128.24 -7.61 128 4.48 -4.08 -0.39 4.33 1.39 2.65 25 X Y 201309011152A  
138.79 30.02 412 -2.80 2.56 0.23 2.41 -6.17 -1.64 25 X Y 201309040018A  
-174.82 51.37 21 5.61 -4.95 -0.66 3.97 2.35 -1.97 25 X Y 201309040232A  
65.04 26.70 12 0.52 -3.88 3.36 3.72 -2.24 0.02 27 X Y 201309241129A  
-74.81 -16.03 46 3.61 -2.25 -1.36 1.54 -1.54 2.65 26 X Y 201309251642A  
65.50 27.11 15 0.26 -1.47 1.21 0.40 -1.84 -0.84 26 X Y 201309280734A  
152.81 53.20 586 -1.07 1.25 -0.18 -0.44 -0.87 0.04 26 X Y 201310010338A  
23.37 35.37 15 0.12 -0.06 -0.06 1.51 -0.84 0.10 26 X Y 201310121311A  
123.96 9.84 12 4.97 -2.91 -2.06 -1.02 -0.30 -3.53 26 X Y 201310150012A  
154.93 -6.69 46 1.81 -1.06 -0.75 0.02 -0.16 0.96 26 X Y 201310161031A  
-110.53 26.19 16 -0.00 -0.88 0.88 -0.01 -0.11 -0.09 26 X Y 201310191754A  
-13.70 -58.42 23 -0.07 -0.23 0.31 0.01 -0.07 1.11 26 X Y 201310241925A  
144.66 37.17 25 -6.29 0.05 6.24 -1.38 -0.64 0.23 26 X Y 201310251710A  
-71.86 -30.46 36 5.52 0.23 -5.75 0.55 -3.75 0.02 25 X Y 201310312303A  
162.29 54.79 30 0.66 -0.22 -0.44 3.59 6.04 0.61 25 X Y 201311120703A  
-47.00 -60.54 17 -0.39 0.60 -0.22 0.50 1.04 2.33 26 X Y 201311160334A  
-45.32 -60.49 24 0.06 1.21 -1.27 1.56 3.95 3.86 27 X Y 201311170904A  
-176.38 -17.09 387 2.50 -0.11 -2.39 -2.75 -5.90 -0.51 25 X Y 201311230748A  
-54.59 -54.05 16 0.19 -2.20 2.02 -0.75 0.26 2.08 26 X Y 201311250627B  
128.29 -7.02 13 4.91 -6.04 1.13 -3.00 -2.04 -2.21 25 X Y 201312010124A  
167.10 -13.89 198 0.74 -0.04 -0.71 -0.24 -0.05 0.21 26 X Y 201401011603A  
167.29 -15.13 127 6.59 0.37 -6.97 -1.36 -0.31 -1.15 25 X Y 201402070840A  
82.57 36.22 18 -0.28 -2.23 2.51 0.27 -0.05 1.60 26 X Y 201402120919A  
127.46 27.34 125 -2.69 -1.47 4.16 -2.40 -3.28 -3.86 25 X Y 201403022011A  
-125.23 40.80 15 -0.06 -2.84 2.90 0.21 -0.08 0.48 26 X Y 201403100518A  
-70.92 -19.94 12 0.93 -0.68 -0.25 0.35 -0.88 0.30 26 X Y 201403162116A  
-70.81 -19.70 22 0.92 -0.04 -0.88 0.64 -1.53 0.20 28 X Y 201404012346A  
-71.39 -19.85 21 3.14 -0.24 -2.90 -0.02 -2.52 0.39 26 X Y 201404012358A  
-70.88 -20.34 34 0.67 0.05 -0.71 0.16 -0.64 0.14 26 X Y 201404030158A  
-70.60 -20.43 29 2.20 0.05 -2.24 1.22 -4.20 0.38 27 X Y 201404030243A  
-70.90 -20.72 32 6.04 -0.77 -5.27 1.37 -4.03 0.21 25 X Y 201404030526A  
155.09 -6.78 44 4.95 -2.77 -2.18 0.27 -0.47 2.66 26 X Y 201404110707A  
154.99 -7.04 29 5.71 -3.53 -2.18 2.62 -2.92 2.63 25 X Y 201404110816A  
-86.22 11.70 142 0.49 -0.25 -0.24 0.53 -0.79 0.08 26 X Y 201404112029A  
162.24 -11.35 27 0.26 1.66 -1.93 2.24 0.74 1.76 27 X Y 201404122014A  
161.97 -11.45 37 1.68 -1.78 0.10 -0.14 0.28 0.34 27 X Y 201404131236A  
162.17 -11.02 24 0.50 -0.34 -0.16 0.21 -0.76 0.64 26 X Y 201404131325A  
9.24 -53.65 16 -0.14 2.16 -2.01 0.38 0.14 0.52 26 X Y 201404150357A  
-101.25 17.55 19 0.61 -0.44 -0.17 0.74 -0.33 0.23 27 X Y 201404181427A  
154.99 -6.92 36 0.88 -0.55 -0.33 0.27 -0.29 0.45 26 X Y 201404190104A  
154.67 -6.64 36 2.12 -1.15 -0.97 0.54 -0.60 1.11 27 X Y 201404191328A  
-127.59 49.65 17 0.02 -0.65 0.63 0.10 -0.34 0.59 26 X Y 201404240310A  
170.12 -21.52 120 0.08 0.15 -0.23 0.78 0.04 0.66 26 X Y 201405010636A  
179.12 -24.67 530 -0.75 0.12 0.63 -0.29 -0.18 -0.46 26 X Y 201405040915A  
-100.74 17.36 21 4.24 -3.51 -0.73 3.87 -2.40 1.61 25 X Y 201405081700A  
-82.41 7.36 18 -0.17 0.02 0.15 1.61 1.04 6.46 25 X Y 201405130635A  
25.67 40.30 12 -0.51 1.63 -1.12 -0.02 -0.19 -2.04 26 X Y 201405240925A  
91.06 -10.02 13 3.39 -2.79 -0.60 -2.56 0.41 -5.08 25 X Y 201406141111A  
-177.13 -30.03 26 1.91 -0.09 -1.83 0.43 1.72 -0.52 26 X Y 201406231919A  
-177.70 -30.03 12 0.63 0.97 -1.60 3.91 5.27 -0.84 25 X Y 201406231921A  
-177.30 -29.94 37 1.13 -0.11 -1.01 0.14 0.79 -0.30 26 X Y 201406232006A  
178.43 52.00 104 -0.18 -0.31 0.49 0.71 -0.48 -0.16 28 X Y 201406232053A  
-28.31 -55.34 21 0.96 -0.94 -0.03 -0.99 1.72 1.01 26 X Y 201406290752A  
-175.52 -15.00 15 -0.10 0.51 -0.41 0.06 -0.08 1.00 26 X Y 201406291715A  
-92.70 14.80 63 -2.11 0.77 1.34 1.21 -1.19 -1.36 26 X Y 201407071123A  
142.39 36.97 12 -5.42 -0.83 6.25 -2.13 -4.31 2.13 25 X Y 201407111922A  
-178.32 -19.68 627 -0.70 0.62 0.08 -2.17 -1.93 -0.36 26 X Y 201407211454A  
146.23 0.89 19 0.81 -1.53 0.72 -0.39 0.50 1.92 26 X Y 201408030022A  
-73.72 -14.61 85 -2.11 -0.13 2.24 0.44 -0.09 0.14 26 X Y 201408242321A  
144.51 13.54 140 -1.51 1.24 0.27 -0.81 -0.42 -0.42 26 X Y 201409170614A  
-110.81 -32.34 12 2.89 -3.17 0.28 -0.72 0.82 0.85 26 X Y 201410090214A  
-111.07 -32.38 18 0.07 -0.86 0.78 -0.30 -0.09 -0.10 26 X Y 201410090232A  
-88.45 12.33 41 -0.73 0.48 0.24 0.57 -0.47 -0.41 27 X Y 201410140351A  
-177.61 -19.76 445 1.63 -3.04 1.40 -4.89 -1.59 0.37 26 X Y 201411011857A  
148.36 -6.40 42 0.95 -1.07 0.12 0.49 -0.07 -0.00 26 X Y 201411070333A  
126.37 1.98 38 4.12 -0.83 -3.29 -0.06 -2.05 -2.03 26 X Y 201411150231A  
179.74 -37.51 21 -1.08 0.30 0.77 0.24 0.45 0.78 26 X Y 201411162233A  
127.08 2.60 30 0.71 -0.04 -0.67 -0.29 0.05 0.29 26 X Y 201411211010A  
126.44 2.11 35 1.58 -0.39 -1.18 -0.20 -0.74 -0.83 26 X Y 201411261433A  
123.17 6.31 632 0.48 0.74 -1.22 -1.97 -8.60 2.90 25 X Y 201412020511A  
154.41 -6.62 17 0.55 -0.17 -0.38 0.47 -0.56 0.29 26 X Y 201412070122A  
-82.63 7.98 20 0.73 -0.44 -0.29 0.35 -0.33 0.37 26 X Y 201412080854A  
-82.64 5.59 23 -0.08 0.01 0.07 0.53 0.07 6.04 25 X Y 201501070507A  
168.36 -17.06 231 1.02 -1.69 0.67 0.12 -0.74 -0.87 26 X Y 201501230347A  
-66.80 -23.14 223 -0.80 -0.01 0.81 -0.09 -1.07 -0.07 26 X Y 201502111857A  
-32.74 52.70 25 -0.38 -1.03 1.41 0.89 -0.05 -4.91 26 X Y 201502131859A  
143.22 39.78 22 0.86 -0.02 -0.84 0.62 1.16 -0.22 26 X Y 201502162306B  
122.50 -7.35 552 -0.72 -2.34 3.06 -2.05 1.07 -0.17 26 X Y 201502271345A  
152.59 -5.18 38 1.57 -1.58 0.01 0.99 0.17 -0.27 27 X Y 201503292348A  
-178.51 -15.90 16 0.07 -0.67 0.60 0.12 -1.27 6.29 25 X Y 201504171552A  
85.33 27.91 12 1.76 -1.82 0.06 8.04 -1.51 0.48 27 X Y 201504250611A  
84.93 27.86 21 0.68 -0.74 0.06 0.96 0.19 0.25 26 X Y 201504250645A  
85.95 27.56 21 0.60 -0.67 0.07 1.20 -0.23 0.20 26 X Y 201504260709A  
151.83 -5.58 38 0.98 -0.87 -0.11 0.23 0.02 -0.38 26 X Y 201504301045A  
151.76 -5.47 49 1.47 -1.48 0.01 0.34 -0.25 -0.49 26 X Y 201505010806A  
152.10 -5.32 38 1.70 -1.63 -0.07 0.82 0.01 -0.55 27 X Y 201505050144A  
154.49 -7.36 12 -3.36 2.60 0.76 -0.26 0.81 -1.99 26 X Y 201505070710A  
86.08 27.67 12 2.70 -2.62 -0.08 8.25 -1.28 1.22 26 X Y 201505120705A  
142.29 38.89 44 1.37 -0.03 -1.34 0.68 1.30 -0.38 26 X Y 201505122112A  
-132.39 -54.53 15 -0.03 0.72 -0.68 -0.03 0.28 0.77 26 X Y 201505191525A  
163.91 -10.78 19 0.32 -1.10 0.78 0.54 -1.02 1.26 26 X Y 201505202248A  
163.54 -10.90 15 0.18 -1.53 1.35 1.16 -1.56 2.40 26 X Y 201505222145A  
163.22 -10.97 15 0.22 -1.02 0.79 0.76 -1.15 1.86 26 X Y 201505222359A  
-156.52 56.71 81 0.38 -0.20 -0.18 0.63 0.97 1.58 26 X Y 201505290700A  
140.56 27.94 681 -3.86 -0.66 4.52 -2.87 5.61 1.10 27 X Y 201505301123A  
-16.40 -35.38 22 0.08 -1.31 1.23 -0.05 0.37 2.64 26 X Y 201506171251A  
139.85 27.68 459 -4.56 2.20 2.36 -0.48 -4.83 -4.06 25 X Y 201506231218A  
158.33 -9.40 15 0.10 -0.34 0.24 0.18 -0.17 1.36 26 X Y 201507100412A  
-58.38 13.92 19 -0.75 -5.42 6.18 0.25 0.29 1.36 25 X Y 201507161516A  
165.10 -10.35 12 -2.64 3.29 -0.64 0.21 -0.46 -0.68 26 X Y 201507180227A  
-169.42 52.21 27 1.99 -1.58 -0.40 1.82 0.88 -0.83 26 X Y 201507270449A  
138.44 -2.53 41 3.10 -1.90 -1.20 1.20 0.30 1.95 26 X Y 201507272141A  
158.07 -9.35 12 0.16 0.12 -0.28 0.17 -0.11 0.95 26 X Y 201508100412A  
157.71 -9.32 15 0.43 1.35 -1.79 -0.06 -0.57 6.66 25 X Y 201508121849A  
-109.53 25.09 15 -0.03 -0.96 0.99 -0.01 -0.02 -0.16 26 X Y 201509130814A  
-72.09 -31.13 17 1.95 -0.04 -1.91 0.74 -2.48 0.09 28 X Y 201509162254A  
-71.95 -31.79 36 5.13 -0.64 -4.49 0.26 -2.85 0.64 26 X Y 201509162318A  
-71.94 -31.65 37 1.61 -0.24 -1.37 0.19 -0.87 0.15 26 X Y 201509170410A  
-71.81 -31.77 39 0.78 0.02 -0.80 0.02 -0.54 0.00 26 X Y 201509211739A  
131.23 -0.62 19 0.98 -0.70 -0.27 0.04 0.00 0.35 26 X Y 201509241553A  
167.19 -14.88 141 2.70 1.16 -3.85 -2.89 -1.10 3.41 26 X Y 201510202152A  
70.42 36.55 209 1.53 -1.43 -0.10 1.60 -0.44 0.28 27 X Y 201510260909A  
124.95 -8.20 12 -2.33 -2.22 4.55 -3.39 -3.61 -5.21 25 X Y 201511040344A  
-71.66 -30.99 43 1.29 0.08 -1.37 0.15 -0.61 0.14 26 X Y 201511070731A  
94.78 6.76 15 -0.04 -0.76 0.80 -0.18 -0.05 0.24 26 X Y 201511081647A  
-72.18 -29.47 12 1.34 0.01 -1.35 0.04 -1.37 -0.01 26 X Y 201511110154A  
-72.29 -29.70 12 1.34 -0.02 -1.31 0.05 -1.43 0.04 26 X Y 201511110246A  
128.67 31.13 12 -0.37 0.80 -0.44 0.08 0.38 1.53 26 X Y 201511132051B  
20.53 38.47 15 0.10 4.51 -4.61 2.91 -1.12 4.54 25 X Y 201511170710A  
158.44 -9.11 21 1.35 -0.45 -0.90 0.22 -1.63 1.02 26 X Y 201511181831A  
-71.12 -10.73 611 -2.59 0.30 2.29 -0.46 0.49 -0.64 27 X Y 201511242245A  
-71.28 -10.11 627 -3.27 0.39 2.87 -0.82 1.75 -0.67 27 X Y 201511242250A  
-71.35 -9.14 614 -1.09 0.09 1.01 -0.10 0.79 -0.22 26 X Y 201511260545A  
85.23 -47.74 29 -4.44 -0.52 4.96 -1.30 1.04 2.40 26 X Y 201512042224A  
72.91 38.39 12 -0.11 -0.63 0.74 0.13 -0.01 -0.31 27 X Y 201512070750A  
129.51 -4.16 12 1.79 -1.72 -0.07 -0.11 -0.02 0.88 26 X Y 201512091021A  
-93.60 15.84 73 -3.29 0.48 2.81 5.79 -5.22 -2.38 25 X Y 201512171949A  
93.47 24.71 52 0.41 -0.85 0.44 0.85 0.38 0.92 26 X Y 201601032305A  
127.05 3.84 12 5.06 0.90 -5.96 1.49 3.78 -0.51 25 X Y 201601111638A  
142.78 42.00 54 0.93 -0.19 -0.74 0.29 0.73 -0.38 26 X Y 201601140325B  
-107.17 18.91 16 -0.57 -4.88 5.45 0.20 -0.33 -6.75 25 X Y 201601211806A  
-153.27 59.75 111 2.39 -5.66 3.27 0.83 3.05 0.96 26 X Y 201601241030A  
158.73 53.86 168 -4.12 5.53 -1.41 -5.16 -3.35 -3.41 26 X Y 201601300325A  
94.22 -4.75 37 0.16 -1.11 0.94 0.01 0.28 -5.83 27 X Y 201603021249A  
166.66 -14.27 35 2.03 0.07 -2.09 0.55 -0.01 0.40 26 X Y 201604030823A  
166.59 -14.06 32 1.23 -0.01 -1.22 0.27 -0.09 0.29 26 X Y 201604060658A  
166.54 -13.92 31 1.10 -0.05 -1.05 0.23 -0.15 0.31 26 X Y 201604070332A  
71.04 36.44 211 1.04 -1.11 0.08 0.30 0.20 -0.03 26 X Y 201604101028A  
94.78 23.02 150 2.48 -2.74 0.26 -1.30 -0.57 1.10 26 X Y 201604131355A  
130.77 32.84 13 -1.66 5.06 -3.40 0.38 0.94 0.82 26 X Y 201604151625A  
-80.25 -0.12 22 3.41 0.03 -3.44 1.22 -4.65 -0.64 27 X Y 201604162358A  
167.26 -16.05 34 3.33 -0.61 -2.72 0.32 -1.09 1.56 26 X Y 201604281933A  
-103.90 10.42 15 -0.03 -0.42 0.44 -0.01 -0.03 0.95 26 X Y 201604290133A  
-80.04 0.43 27 0.68 0.04 -0.73 0.19 -1.20 -0.15 26 X Y 201605180757A  
-80.02 0.30 34 1.39 0.10 -1.48 0.37 -2.02 -0.32 26 X Y 201605181646A  
-178.17 -22.13 418 -1.91 0.54 1.37 -1.64 -1.77 0.47 26 X Y 201605280538B  
-26.50 -56.24 69 -4.43 5.71 -1.28 -4.17 2.34 2.53 26 X Y 201605280947A  
100.57 -2.18 29 -0.02 0.01 0.00 0.57 -1.16 -0.00 26 X Y 201606012256A  
145.70 18.50 209 3.36 0.41 -3.77 -2.41 1.80 0.79 27 X Y 201607292118A  
173.07 -22.56 22 -0.88 -3.76 4.63 -0.18 2.06 -5.31 26 X Y 201608120126A  
-31.41 -55.16 22 1.31 -0.87 -0.43 -0.85 1.04 0.80 27 X Y 201608190732A  
94.58 20.79 88 0.52 -0.23 -0.29 0.45 -1.60 0.05 26 X Y 201608241034A  
-17.72 0.13 27 -0.42 2.25 -1.83 0.86 -1.20 -5.13 26 X Y 201608290430A  
152.86 -3.58 491 -0.49 0.47 0.03 0.88 1.49 0.42 26 X Y 201608310311A  
179.03 -37.19 28 -2.21 -0.34 2.56 2.91 3.18 1.08 26 X Y 201609011637A  
-178.15 -19.77 607 0.12 -0.03 -0.09 -2.39 -1.74 -0.58 26 X Y 201609242128A  
148.92 -6.25 52 1.53 -1.70 0.17 0.11 -0.05 -0.03 26 X Y 201610170614A  
108.07 -4.95 623 -0.89 0.40 0.50 -0.42 -0.48 -0.38 26 X Y 201610190026A  
13.16 42.75 12 -0.95 0.19 0.76 0.03 -0.28 -0.29 26 X Y 201610300640A  
173.85 -42.03 19 3.56 1.69 -5.25 -1.14 4.34 -2.04 27 X Y 201611131102A  
141.46 37.31 12 -2.97 1.67 1.30 0.80 0.75 1.50 26 X Y 201611212059A  
-89.20 11.83 12 -3.01 2.02 0.99 -0.39 0.32 -1.64 26 X Y 201611241843A  
74.14 39.27 19 -0.05 -0.68 0.73 -0.12 -0.20 -0.86 26 X Y 201611251424A  
96.22 5.28 17 0.14 -0.75 0.60 -0.49 0.19 0.34 26 X Y 201612062203A  
-126.46 40.46 21 -0.13 -0.01 0.14 0.04 0.27 -1.11 26 X Y 201612081450A  
161.12 -10.46 46 5.22 -3.57 -1.65 -1.35 -1.86 3.69 27 X Y 201612081738A  
161.29 -10.77 23 0.72 -0.22 -0.50 0.00 -0.42 0.31 26 X Y 201612082156A  
161.06 -10.95 12 2.03 -0.77 -1.26 1.53 -1.53 0.94 26 X Y 201612091910A  
153.76 -5.55 53 0.79 -0.37 -0.43 -0.15 0.10 0.42 28 X Y 201612171051A  
153.71 -5.87 34 0.99 -0.49 -0.50 0.28 0.03 0.38 26 X Y 201612171127A  
127.93 -7.64 162 0.78 -1.04 0.25 0.56 0.58 0.54 26 X Y 201612210017A  
-74.43 -43.41 33 1.75 -0.03 -1.73 0.11 -2.24 -0.03 27 X Y 201612251422A  
176.00 -19.28 17 -3.02 0.39 2.62 -0.22 0.00 1.32 26 X Y 201701032152A  
122.78 4.57 622 -0.07 0.14 -0.07 0.07 -0.97 0.27 27 X Y 201701100613A  
161.29 -10.40 42 5.45 1.33 -6.78 1.21 0.03 2.68 25 X Y 201701192304A  
154.94 -6.03 150 0.84 -0.58 -0.26 0.09 -0.17 0.39 28 X Y 201701220430A  
125.49 9.85 12 0.05 3.95 -4.00 -1.24 -2.14 -4.26 25 X Y 201702101403A  
-63.79 -19.27 606 -3.18 -0.78 3.96 -2.34 5.52 0.03 25 X Y 201702211409A  
-178.77 -23.44 418 -1.01 0.12 0.88 -1.01 -3.00 -0.44 26 X Y 201702241728A  
163.15 57.00 17 0.93 -0.17 -0.77 -0.21 -0.09 -0.45 26 X Y 201703290409A  
25.21 -22.54 30 -6.29 2.60 3.70 -1.82 0.00 -4.01 25 X Y 201704031740A  
-72.07 -33.13 26 1.30 0.04 -1.33 0.06 -2.03 -0.02 26 X Y 201704242138A  
124.89 5.49 31 2.25 -0.77 -1.49 -0.23 -0.39 1.30 26 X Y 201704282023A  
167.20 -14.55 181 1.50 -0.16 -1.34 -0.74 -0.29 0.79 26 X Y 201705091352A  
-25.51 -56.43 19 4.84 -0.45 -4.39 -1.44 3.03 1.83 25 X Y 201705102323A  
120.40 -1.24 12 -0.77 0.89 -0.12 0.38 -0.01 -0.26 26 X Y 201705291435A  
170.83 54.14 13 0.13 -1.66 1.54 -0.13 0.03 -0.32 26 X Y 201706022224A  
-92.17 14.92 73 -1.48 0.84 0.63 2.25 -1.83 -1.10 26 X Y 201706140729A  
-91.38 13.57 38 1.66 -1.28 -0.38 0.62 -0.46 0.69 26 X Y 201706221231A  
124.68 11.15 12 -0.95 6.47 -5.52 -0.99 -0.57 -2.36 25 X Y 201707060803A  
163.99 -49.24 32 0.45 0.36 -0.80 0.42 -0.11 0.17 26 X Y 201707110659A  
169.78 54.13 23 -0.12 -5.11 5.23 0.42 0.24 -1.49 27 X Y 201707172334A  
27.56 36.79 12 -1.06 1.13 -0.08 -0.38 -0.08 -0.06 26 X Y 201707202231A  
103.89 33.21 16 -0.17 5.70 -5.52 0.76 1.56 -3.77 25 X Y 201708081319A  
101.43 -3.81 43 4.21 -1.82 -2.39 3.61 -2.88 2.21 25 X Y 201708130308A  
-14.15 -0.87 22 -0.12 0.52 -0.40 0.10 0.20 -0.97 26 X Y 201708180259A  
-178.77 -17.80 560 -1.45 6.41 -4.95 2.35 -2.41 0.33 25 X Y 201708190200A  
-94.66 15.38 45 -1.09 0.36 0.73 1.75 -1.89 -0.65 28 X Y 201709080449A  
-98.63 18.59 51 -6.56 5.32 1.24 -0.42 -0.48 -2.36 26 X Y 201709191814A  
176.82 52.37 121 0.78 -5.53 4.75 4.98 -4.20 -1.56 25 X Y 201710082234A  
8.92 -53.89 16 -0.15 1.55 -1.40 0.12 0.22 0.38 26 X Y 201710101853A  
123.02 -7.25 557 -1.23 1.23 0.00 0.06 0.75 0.50 26 X Y 201710241047A  
169.14 -21.61 13 1.04 -0.29 -0.75 0.53 -0.85 0.46 26 X Y 201710310042A  
168.79 -21.64 12 -7.14 3.04 4.10 -1.72 1.71 -3.56 25 X Y 201711010223A  
-173.09 -15.06 35 0.34 0.22 -0.56 -1.12 0.03 0.86 26 X Y 201711040900A  
143.45 -4.25 118 4.74 -4.73 -0.01 4.54 -0.51 -0.10 25 X Y 201711072126A  
45.84 34.83 18 0.38 -0.08 -0.30 1.33 -0.77 0.27 27 X Y 201711121818A  
-84.58 9.45 30 0.71 -0.59 -0.12 0.58 -0.33 0.31 26 X Y 201711130228A  
95.14 29.69 12 4.36 -2.70 -1.66 -2.76 3.49 2.68 25 X Y 201711172234A  
168.55 -21.44 12 -6.20 2.29 3.91 -0.22 1.82 -2.89 25 X Y 201711191509A  
168.67 -21.45 12 -3.19 0.68 2.51 -0.72 1.10 -1.31 26 X Y 201711192243A  
-23.35 -0.98 15 -0.77 1.70 -0.94 2.28 0.87 -5.74 25 X Y 201711300632A  
2.28 -54.40 20 -0.93 7.41 -6.47 0.30 1.07 0.04 25 X Y 201712131803A  
108.11 -7.91 109 0.22 0.50 -0.73 0.38 -0.28 -0.27 26 X Y 201712151647A  
-83.86 17.56 17 -0.24 -0.97 1.21 0.12 0.20 2.09 27 X Y 201801100251A  
-74.78 -15.95 41 5.57 -3.12 -2.44 0.76 -1.53 3.39 26 X Y 201801140918A  
-149.12 56.22 34 0.24 -0.48 0.25 0.19 -0.36 0.79 28 X Y 201801230931A  
9.95 -53.06 12 -0.30 0.86 -0.55 0.21 0.08 0.07 26 X Y 201801281603A  
-97.88 16.53 20 3.19 -2.53 -0.66 5.46 -3.03 1.11 26 X Y 201802162339A  
142.97 -6.29 12 1.69 -1.29 -0.40 1.13 -0.26 0.70 27 X Y 201802251744A  
142.49 -6.43 12 0.83 -0.64 -0.19 0.80 -0.58 0.39 26 X Y 201803061413A  
153.26 -4.37 33 0.22 1.48 -1.70 -0.64 -0.14 0.50 26 X Y 201803081739A  
151.37 -5.69 50 1.24 -1.23 -0.01 0.30 -0.19 -0.43 26 X Y 201803260951A  
151.60 -5.67 42 2.62 -2.38 -0.24 0.66 0.10 -1.04 26 X Y 201803292125A  
-62.81 -20.63 569 -1.90 -0.12 2.01 0.15 0.79 -0.62 26 X Y 201804021340A  
-154.76 19.12 12 1.53 -0.90 -0.64 1.34 1.66 -0.78 26 X Y 201805042232A  
116.51 -8.31 14 3.91 -4.28 0.37 -4.64 -0.56 -0.28 25 X Y 201807282247A  
116.24 -8.33 18 2.05 -2.14 0.09 -2.42 -0.41 -0.04 26 X Y 201808051146A  
-177.81 51.25 36 0.65 -0.59 -0.06 0.44 0.41 -0.25 26 X Y 201808152156A  
119.75 -7.31 539 1.68 -0.91 -0.77 4.12 5.65 -1.78 25 X Y 201808171535A  
-177.85 -17.86 555 -1.46 -0.12 1.58 -0.40 -1.86 0.72 28 X Y 201808190019A  
116.75 -8.40 24 2.25 -2.50 0.24 -2.02 -0.31 0.00 26 X Y 201808191456A  
-63.05 10.76 160 0.65 -0.54 -0.11 0.64 -0.17 -0.45 27 X Y 201808212131A  
168.23 -16.00 29 0.97 -0.20 -0.78 0.01 0.16 0.03 26 X Y 201808212232A  
-70.82 -11.18 628 -4.95 0.68 4.27 -0.60 2.10 -1.77 26 X Y 201808240904A  
147.05 16.64 56 -0.02 2.28 -2.26 -3.45 4.30 -1.31 25 X Y 201808282235A  
169.82 -22.29 18 2.35 -1.10 -1.25 1.24 -1.11 1.07 26 X Y 201808290351A  
142.04 42.75 31 0.77 0.01 -0.78 -0.11 0.83 0.42 26 X Y 201809051807A  
179.86 -18.24 687 0.35 0.52 -0.88 -0.10 -0.35 0.30 28 X Y 201809061549A  
161.48 -10.16 71 5.14 -3.23 -1.91 1.35 3.50 4.82 25 X Y 201809091931A  
-179.16 -31.92 117 -1.13 -1.49 2.62 -2.04 -1.30 0.43 26 X Y 201809100418A  
178.37 -25.26 591 -1.52 3.55 -2.04 -3.36 3.90 -2.68 25 X Y 201809162111A  
119.86 -0.72 12 -0.48 0.76 -0.27 -1.45 -0.87 -2.19 27 X Y 201809281002A  
-178.11 -18.31 564 -0.56 0.31 0.25 -0.31 -1.02 0.50 26 X Y 201809301052A  
151.20 -5.98 39 3.25 -3.28 0.03 1.64 -0.16 -1.13 26 X Y 201810102048A  
156.66 49.18 22 5.94 -1.77 -4.17 2.22 3.19 -2.82 25 X Y 201810102316A  
153.43 52.71 473 -0.54 0.25 0.29 -0.09 -0.91 -0.88 26 X Y 201810131110A  
169.52 -21.74 15 0.13 -0.00 -0.12 0.88 -0.80 0.16 26 X Y 201810160103A  
-129.54 48.95 15 -0.33 -6.51 6.84 -0.17 -0.13 -1.95 25 X Y 201810220539A  
-129.89 49.14 16 -0.16 -1.56 1.71 0.08 -0.02 -0.42 26 X Y 201810220616A  
-130.13 49.00 15 -0.02 -5.60 5.62 0.09 -1.21 2.34 25 X Y 201810220622A  
20.60 37.27 16 0.39 0.28 -0.66 1.76 -0.96 1.09 26 X Y 201810252254A  
-10.81 71.51 15 -0.06 1.31 -1.25 -0.35 0.55 1.44 26 X Y 201811090149A  
-178.79 -17.86 555 -0.16 1.51 -1.35 0.74 -0.52 0.28 26 X Y 201811182025A  
-150.02 61.49 48 -3.58 -0.40 3.98 0.46 2.86 0.64 26 X Y 201811301729A  
128.67 -7.47 146 5.73 -2.51 -3.22 1.26 1.27 3.41 25 X Y 201812011327A  
169.25 -21.95 18 -2.42 1.33 1.09 -0.56 0.49 -1.18 27 X Y 201812050418A  
169.81 -21.98 18 1.14 -0.49 -0.65 0.40 -0.67 0.56 26 X Y 201812050643A  
-25.68 -58.58 147 0.46 1.85 -2.30 0.63 5.00 1.73 26 X Y 201812110226A  
164.75 54.94 18 -0.43 -0.50 0.93 -0.11 0.13 0.43 27 X Y 201812201701A  
126.91 5.87 54 2.69 0.85 -3.54 1.52 -0.97 -0.57 26 X Y 201812290339A  
-71.68 -8.10 588 -1.65 0.13 1.52 -0.41 0.47 -0.53 26 X Y 201901051925A  
126.63 2.48 35 0.98 -0.13 -0.85 -0.27 -0.32 -0.40 26 X Y 201901061727A  
166.50 -13.41 39 0.75 0.00 -0.76 -0.10 0.16 0.10 26 X Y 201901151806A  
-71.39 -30.18 61 -1.25 0.38 0.87 -0.37 -0.16 0.14 26 X Y 201901200132A  
42.17 -43.01 18 -1.11 1.13 -0.02 0.16 0.02 0.29 26 X Y 201901221901A  
-92.46 14.86 46 -0.08 -0.10 0.18 0.92 -0.76 -0.09 26 X Y 201902011614A  
-77.09 -2.26 121 -1.28 0.41 0.87 1.32 -0.76 -0.97 27 X Y 201902221017A  
-70.14 -14.78 274 -1.26 2.47 -1.22 3.48 -0.95 -1.86 26 X Y 201903010850A  
-27.45 -56.02 58 -0.33 1.25 -0.91 -4.04 -4.56 1.11 25 X Y 201904051614A  
-24.60 -58.71 43 5.47 -6.81 1.34 2.51 3.87 -0.28 25 X Y 201904091754A  
122.56 -1.85 12 0.25 1.62 -1.87 0.04 -0.32 0.13 26 X Y 201904121140A  
146.49 -7.06 128 -4.37 3.99 0.38 -4.37 1.87 -0.27 26 X Y 201905062119A  
152.52 -4.03 22 0.35 2.62 -2.98 0.14 -0.12 -0.20 27 X Y 201905141258A  
-75.36 -5.25 127 -1.06 -0.08 1.14 0.06 -0.48 -0.26 28 X Y 201905260741A  
-89.55 13.07 46 -0.54 0.70 -0.16 0.47 -0.53 -0.25 26 X Y 201905300903A  
-177.79 -30.93 48 0.97 -0.08 -0.89 0.07 0.52 -0.27 27 X Y 201906152254A  
139.41 38.64 14 5.03 -0.94 -4.09 -2.39 -3.97 -2.33 25 X Y 201906181322A  
-177.81 -30.68 49 5.84 -0.28 -5.56 0.14 2.74 -1.41 25 X Y 201906190701A  
129.17 -6.51 220 0.32 -0.77 0.45 -0.43 0.15 0.67 27 X Y 201906240253A  
-117.58 35.78 12 -0.23 -4.11 4.34 0.51 0.49 0.95 26 X Y 201907060319A  
126.10 0.55 30 1.74 1.20 -2.94 -0.80 -0.51 -1.40 26 X Y 201907071508A  
120.29 -18.15 22 0.18 0.92 -1.10 0.07 0.05 0.77 26 X Y 201907140539A  
128.13 -0.72 12 -0.07 0.74 -0.66 0.06 0.06 0.28 27 X Y 201907140910A  
167.85 -16.28 188 0.20 0.33 -0.54 -0.72 -0.34 0.61 26 X Y 201907311502A  
-72.24 -34.32 25 0.82 0.01 -0.83 -0.05 -1.66 -0.16 26 X Y 201908011828A  
104.85 -7.40 52 2.11 -0.95 -1.17 0.88 -0.26 -1.76 26 X Y 201908021203A  
-25.82 -60.54 29 0.09 -0.51 0.42 0.33 0.37 0.59 26 X Y 201908272355A  
-178.51 -20.40 614 -0.75 0.41 0.34 -0.68 -0.84 0.19 26 X Y 201909011554A  
128.39 -3.54 13 -1.29 -2.62 3.91 1.15 0.00 5.26 25 X Y 201909252346A  
-73.10 -35.56 17 0.61 0.02 -0.63 0.03 -1.39 -0.08 26 X Y 201909291557A  
125.05 6.87 18 0.03 0.97 -0.99 -0.18 -0.03 -0.25 26 X Y 201910290104A  
125.10 6.98 12 -2.31 6.78 -4.47 0.78 -1.60 1.59 25 X Y 201910310111A  
-175.35 -18.38 12 0.07 -0.67 0.61 0.02 0.03 -0.95 26 X Y 201911042243A  
-179.42 -21.94 599 -0.71 -1.14 1.85 -2.39 -7.61 -1.94 25 X Y 201911081044A  
126.32 1.66 30 4.94 -1.00 -3.95 -1.84 -0.56 -2.31 26 X Y 201911141617A  
125.14 6.72 12 -0.02 1.48 -1.46 -0.67 -0.02 -0.13 26 X Y 201912150611A  
39.02 38.29 12 -0.20 -1.02 1.22 0.51 -0.53 1.13 26 X Y 202001241755A  
-79.55 19.33 24 -0.12 -1.78 1.90 0.41 -0.12 3.86 27 X Y 202001281910A  
148.94 45.42 151 -1.24 1.53 -0.29 2.78 1.73 0.44 26 X Y 202002131033B  
157.87 49.11 53 1.96 -0.20 -1.76 0.19 -0.29 -0.82 27 X Y 202003250249A  
-115.20 44.45 14 -2.32 1.78 0.54 1.12 1.15 -5.97 25 X Y 202003312352A  
140.08 27.12 455 -0.68 -0.02 0.70 -0.43 -0.24 -0.47 26 X Y 202004180825A  
25.64 34.05 12 0.66 -0.74 0.08 0.72 -0.12 -0.03 26 X Y 202005021251A  
129.88 -6.82 113 1.48 -1.34 -0.13 0.32 1.00 1.45 26 X Y 202005061353A  
166.42 -12.14 126 0.88 -0.17 -0.71 -0.07 -0.21 0.22 26 X Y 202005122241A  
-117.85 38.21 12 -1.35 -2.04 3.39 -1.53 0.20 5.46 25 X Y 202005151103A  
-68.44 -23.22 109 -1.55 0.12 1.43 0.43 -0.83 -0.82 26 X Y 202006030735A  
128.15 2.98 121 1.31 4.61 -5.92 2.91 2.89 2.49 25 X Y 202006040849A  
128.38 28.79 171 -0.70 -0.06 0.76 -0.42 -0.79 -0.55 26 X Y 202006131551A  
-177.55 -33.39 37 -0.36 -0.99 1.34 -0.67 -0.29 -0.68 27 X Y 202006181249A  
-96.07 16.02 22 0.70 -0.70 0.01 1.09 -0.64 0.17 27 X Y 202006231529A  
110.55 -5.69 535 -1.03 1.00 0.03 0.26 -0.59 -0.49 26 X Y 202007062254A  
147.74 -7.84 72 -0.74 -2.35 3.09 -1.95 4.05 0.70 26 X Y 202007170250A  
-159.28 54.83 36 4.15 -3.23 -0.92 5.38 2.93 -1.65 27 X Y 202007220612A  
167.91 -16.18 190 1.12 -0.15 -0.97 -5.63 -3.54 0.23 25 X Y 202008051205A  
123.98 12.04 12 -0.08 1.06 -0.98 -0.07 -0.01 -0.31 26 X Y 202008180003A  
100.99 -4.56 23 0.72 -0.39 -0.33 0.93 -0.63 0.38 26 X Y 202008182223A  
100.86 -4.47 25 1.23 -0.56 -0.67 2.71 -1.90 0.61 26 X Y 202008182229A  
123.52 -6.64 637 -3.03 2.24 0.78 -0.16 0.79 0.47 26 X Y 202008210409A  
-29.99 0.84 17 -0.64 1.14 -0.50 1.58 1.68 -7.09 25 X Y 202008302120A  
-71.41 -28.01 34 1.67 0.07 -1.75 0.43 -1.72 -0.09 26 X Y 202009010409A  
-37.18 7.79 12 -0.08 -0.06 0.13 0.13 -0.00 -1.02 26 X Y 202009060651A  
158.34 55.84 353 0.66 -1.35 0.69 -5.11 3.34 -0.34 25 X Y 202009150341A  
-26.91 0.94 14 -0.05 0.38 -0.32 0.40 -0.12 -2.41 26 X Y 202009182143A  
-173.79 -19.40 42 4.62 0.45 -5.07 -0.44 -5.22 2.81 25 X Y 202010010113A  
146.25 -6.14 119 0.30 5.43 -5.73 -2.13 0.57 -3.44 25 X Y 202010080735A  
-159.70 54.48 37 0.05 -0.52 0.46 1.87 0.70 2.15 27 X Y 202010192054A  
26.63 37.78 12 -3.47 3.69 -0.22 -1.38 0.17 -0.44 26 X Y 202010301151A  
-75.26 -39.58 12 -1.34 -0.02 1.36 0.34 0.09 0.35 26 X Y 202012272139A  
100.39 51.32 14 -1.12 -0.23 1.34 0.91 0.32 1.10 26 X Y 202101112132A  
-68.86 -31.85 26 2.16 4.99 -7.15 -2.34 1.65 -0.34 25 X Y 202101190246A  
127.30 5.04 102 3.10 -0.18 -2.92 -0.74 -2.10 0.32 26 X Y 202101211223A  
-55.34 -61.89 12 -2.28 0.60 1.68 0.69 -0.41 2.06 26 X Y 202101232336A  
-98.63 -36.39 18 -1.05 -0.80 1.85 1.33 -2.17 -9.19 25 X Y 202102030523A  
171.62 -22.98 21 2.90 -2.81 -0.10 2.96 0.17 0.13 27 X Y 202102101319A  
141.64 37.60 50 5.36 -0.64 -4.72 0.28 -1.68 -1.67 26 X Y 202102131407A  
179.86 -37.36 54 0.37 -1.04 0.67 0.01 0.06 -0.22 27 X Y 202103041327A  
-177.01 -29.58 43 1.49 -0.11 -1.38 0.14 0.98 -0.41 27 X Y 202103041741A  
-176.73 -29.11 34 0.96 -0.05 -0.90 0.23 1.26 -0.25 28 X Y 202103041928A  
-176.22 -28.53 30 1.59 -0.44 -1.15 0.30 0.63 -0.21 26 X Y 202103042312A  
-176.04 -28.95 32 0.92 -0.30 -0.62 0.12 0.21 -0.07 26 X Y 202103050028A  
163.41 54.72 19 0.02 -0.57 0.55 0.29 0.28 0.65 26 X Y 202103161838A  
141.77 38.38 52 3.28 -0.18 -3.10 1.41 3.40 -0.95 26 X Y 202103200909A  
-7.58 -58.03 13 -0.05 -0.60 0.65 0.05 -0.16 0.88 26 X Y 202104030116A  
-176.12 -18.91 316 1.48 -2.94 1.46 -5.78 -3.68 -4.80 25 X Y 202104240023A  
-176.87 -21.71 248 0.41 -3.10 2.69 -2.61 -5.29 -2.86 25 X Y 202104252228A  
141.87 38.18 48 1.64 -0.12 -1.52 0.69 1.54 -0.51 26 X Y 202105010127A  
65.53 -17.59 20 -0.18 -0.81 0.99 -0.16 0.05 0.38 26 X Y 202105121405A  
96.62 0.09 14 -1.13 0.41 0.72 0.50 0.11 -0.96 26 X Y 202105140633A  
-109.55 -33.40 14 0.02 -0.59 0.56 -0.05 -0.28 -1.10 26 X Y 202105190042A  
98.46 34.66 12 -0.21 0.82 -0.62 0.16 -0.08 1.49 27 X Y 202105211804A  
-177.52 -30.29 43 6.43 -0.47 -5.96 0.51 3.28 -1.71 25 X Y 202106201705A  
-82.83 7.39 17 -0.02 -0.40 0.42 -0.03 -0.02 1.42 26 X Y 202107212115A  
120.59 13.76 120 0.91 -0.49 -0.41 0.21 0.54 0.61 26 X Y 202107232048A  
-157.32 55.40 30 1.03 -0.77 -0.26 2.39 1.37 -0.48 28 X Y 202107290615A  
127.00 6.09 45 4.56 0.91 -5.47 1.84 -0.63 -1.01 26 X Y 202108111746A  
-24.34 -59.48 20 1.39 -0.15 -1.24 -0.37 2.75 -0.26 28 X Y 202108121832A  
-157.45 55.17 25 1.39 -1.13 -0.26 3.27 1.69 -0.71 26 X Y 202108141157A  
-73.64 18.50 12 3.59 -4.13 0.55 -2.35 -1.70 4.08 26 X Y 202108141229A  
-22.83 -58.48 15 -1.44 -0.92 2.36 0.27 0.41 1.14 26 X Y 202108161110A  
166.83 -14.91 100 0.04 1.15 -1.20 -1.30 -0.37 2.83 26 X Y 202108181010A  
-23.60 -60.33 12 -1.20 0.21 0.99 0.29 0.04 0.76 26 X Y 202108220045A  
-24.18 -60.57 12 -3.35 0.57 2.77 -0.13 0.31 1.91 26 X Y 202108222133A  
-99.76 17.03 22 2.23 -2.01 -0.23 2.34 -1.36 0.65 26 X Y 202109080147A  
-87.99 11.92 28 5.80 -3.93 -1.87 3.22 -4.51 3.34 25 X Y 202109220957A  
174.66 -21.14 545 -0.53 0.76 -0.24 -0.18 -0.62 0.52 27 X Y 202110020629A  
174.38 -21.31 532 0.25 -1.99 1.73 -0.35 -1.32 1.80 26 X Y 202110091058A  
-156.63 56.45 67 0.25 0.23 -0.48 0.85 1.64 2.20 26 X Y 202110110910A  
126.31 23.54 22 -0.82 0.94 -0.12 -0.11 0.15 0.25 26 X Y 202111101545A  
153.63 -5.38 48 6.58 -2.66 -3.92 -0.34 1.19 3.67 25 X Y 202111181408A  
-76.73 -4.73 110 -1.90 0.19 1.71 -0.21 0.47 -0.79 27 X Y 202111281052A  
121.97 -7.46 13 0.02 -0.75 0.73 -0.39 0.15 -0.99 27 X Y 202112140320A  
127.56 -7.69 166 1.03 -1.06 0.02 0.26 0.50 0.22 27 X Y 202112291825A  
101.31 37.81 14 0.02 0.57 -0.59 0.06 0.17 1.04 26 X Y 202201071745A  
31.79 34.86 26 0.43 -0.43 -0.00 0.82 -0.16 0.17 26 X Y 202201110107A  
-167.83 52.30 17 1.09 -0.89 -0.20 1.14 0.72 -0.49 26 X Y 202201111135A  
-168.01 52.26 19 4.91 -4.24 -0.67 4.53 2.73 -2.06 25 X Y 202201111239A  
105.21 -7.10 40 0.79 -0.77 -0.02 0.62 0.01 0.34 26 X Y 202201140905A  
-176.41 -29.48 12 4.62 -0.14 -4.48 1.17 3.80 -1.33 25 X Y 202201290246B  
-179.97 -23.84 547 -0.61 -0.23 0.85 -0.33 -2.48 -1.04 26 X Y 202202162021A  
-177.52 -30.13 46 0.85 -0.05 -0.80 0.02 0.42 -0.23 26 X Y 202203021252A  
98.52 -0.59 24 0.94 -0.43 -0.51 0.97 -0.76 0.46 26 X Y 202203132109A  
141.74 37.77 51 1.13 0.06 -1.19 0.02 -0.03 -0.33 27 X Y 202203161436A  
-43.06 10.89 16 -0.11 -0.16 0.27 0.14 0.30 -0.95 26 X Y 202203221635A  
121.51 23.34 31 0.97 -0.17 -0.79 -0.11 0.41 -0.49 26 X Y 202203221741A  
170.30 -22.66 12 1.67 -1.19 -0.48 1.39 -0.64 0.79 26 X Y 202203302057A  
170.44 -22.49 23 2.70 -2.07 -0.62 1.48 -0.46 1.17 26 X Y 202203310544A  
170.81 -22.75 19 0.64 -0.57 -0.07 0.46 -0.08 0.20 26 X Y 202203311950A  
-87.11 11.43 36 0.86 -0.59 -0.27 0.48 -0.32 0.49 26 X Y 202204210742A  
-66.76 -23.48 218 -0.60 -0.06 0.66 0.24 -1.43 -0.19 26 X Y 202205102306A  
158.70 -54.03 24 0.63 0.87 -1.50 -0.59 -0.40 1.73 26 X Y 202205191013A  
-70.26 -14.79 234 -1.01 0.50 0.51 3.33 1.15 -6.20 26 X Y 202205261202A  
172.11 -22.81 29 0.91 -0.98 0.07 0.43 -0.07 0.13 26 X Y 202205261538A  
148.24 -57.82 12 -0.27 3.68 -3.41 -1.47 -0.38 -5.90 25 X Y 202206041317A  
-71.25 -8.98 621 -4.73 0.54 4.19 -1.16 4.77 -0.85 25 X Y 202206080055A  
-114.00 -22.52 12 0.93 -1.82 0.89 0.13 0.17 0.10 26 X Y 202207121917A  
120.60 17.49 27 2.56 -0.12 -2.45 -3.97 -2.16 -1.96 26 X Y 202207270043A  
-178.73 -32.75 47 0.76 -0.05 -0.71 0.02 0.40 -0.20 26 X Y 202208141344A  
-21.23 -0.64 27 -0.15 0.88 -0.73 0.29 0.19 -2.49 26 X Y 202209040942A  
102.24 29.50 18 -0.10 0.68 -0.58 0.33 -0.10 -0.97 26 X Y 202209050452A  
146.30 -6.42 100 -0.78 1.83 -1.05 -1.77 -0.01 -1.52 27 X Y 202209102346A  
170.01 -21.29 148 -0.66 1.52 -0.87 2.62 -0.98 2.40 26 X Y 202209141104A  
121.13 23.03 15 1.42 -5.07 3.65 3.05 -3.90 -5.78 25 X Y 202209171341A  
121.21 23.23 15 1.73 -2.20 0.47 1.12 -1.46 -2.81 26 X Y 202209180644A  
-103.44 18.57 19 1.60 -1.21 -0.39 3.29 -1.19 0.58 27 X Y 202209191805A  
-103.07 18.28 24 1.09 -0.92 -0.16 0.87 -0.48 0.42 26 X Y 202209220616A  
-82.30 7.53 13 1.11 -0.63 -0.48 0.54 -0.92 0.54 26 X Y 202210201157A  
120.62 17.84 18 4.06 -3.70 -0.36 -4.45 -2.04 -3.47 25 X Y 202210251459A  
178.23 -25.86 642 -0.78 1.03 -0.24 -1.12 -1.37 -0.04 26 X Y 202211090938A  
178.41 -26.03 667 -0.95 2.64 -1.68 -0.93 -2.45 0.91 26 X Y 202211090951A  
178.26 -25.60 635 -0.92 0.63 0.28 -0.12 -0.57 -0.33 26 X Y 202211091014A  
-172.01 -19.24 51 1.08 -0.20 -0.88 -0.06 -0.08 -0.44 27 X Y 202211111048A  
-178.27 -20.03 600 -1.47 1.22 0.25 -2.56 -1.90 0.39 26 X Y 202211120709A  
100.31 -4.98 12 1.09 -0.29 -0.80 1.54 -2.09 0.45 26 X Y 202211181337A  
159.60 -9.85 21 -0.83 0.73 0.10 3.38 -0.65 1.66 26 X Y 202211220203A  
-172.88 -15.24 52 -1.28 1.24 0.04 -1.19 0.78 -0.42 26 X Y 202212041924A  
166.68 -15.06 29 3.68 -0.22 -3.47 0.89 -0.91 1.00 26 X Y 202301081232A  
130.03 -7.19 92 2.68 -2.54 -0.14 -0.18 1.55 1.94 27 X Y 202301091747A  
127.07 2.93 28 0.14 3.51 -3.65 0.63 -0.50 1.10 26 X Y 202301180606A  
-63.13 -26.64 588 -0.66 -0.23 0.89 -0.93 0.98 -0.14 26 X Y 202301202209A  
37.45 37.55 15 -0.37 -5.11 5.48 -1.41 1.35 1.30 27 X Y 202302060117A  
36.84 37.21 26 -0.23 -1.50 1.73 0.62 0.01 -0.64 26 X Y 202302060128A  
37.22 38.08 12 -0.44 0.30 0.15 1.19 -3.17 3.13 27 X Y 202302061024A  
73.22 38.16 14 -0.66 -1.52 2.18 -0.05 -0.09 -1.09 26 X Y 202302230037A  
149.59 -4.82 597 -0.53 0.16 0.37 0.67 0.08 0.44 26 X Y 202303010536A  
166.46 -14.95 12 4.56 0.30 -4.86 2.38 -3.33 1.10 25 X Y 202303021804A  
-178.58 -29.60 215 -1.60 -0.60 2.20 -1.39 -0.06 0.70 26 X Y 202303040641A  
-176.22 -30.14 12 -0.84 -1.08 1.93 -2.06 -3.35 -1.35 26 X Y 202303160055A  
-79.87 -2.84 65 0.27 -1.42 1.15 0.30 -0.72 -0.02 26 X Y 202303181712A  
70.78 36.44 192 0.56 -0.65 0.10 0.34 0.49 -0.17 26 X Y 202303211647A  
143.21 -4.34 63 -1.37 -3.66 5.03 -1.93 -0.81 3.03 26 X Y 202304021804A  
158.65 52.65 94 0.09 -0.16 0.08 -0.59 -0.83 -0.17 26 X Y 202304030306A  
112.16 -6.19 607 -4.30 4.07 0.23 2.19 -1.52 -1.06 26 X Y 202304140955A  
179.52 -22.28 601 -0.59 0.18 0.41 -0.10 -0.08 -0.94 26 X Y 202304180431A  
-177.39 -29.94 46 5.05 -0.37 -4.68 0.29 2.64 -1.48 26 X Y 202304240041A  
98.57 -0.70 28 2.00 -0.98 -1.02 2.93 -2.23 1.00 26 X Y 202304242000A  
178.59 -25.31 598 -0.00 -0.43 0.43 -0.23 -0.70 -0.50 26 X Y 202304280313A  
-174.48 -15.57 205 -1.86 0.74 1.12 1.10 -1.14 1.47 27 X Y 202305101602A  
170.91 -23.35 20 -3.59 4.66 -1.07 0.20 -0.65 0.98 27 X Y 202305190257A  
170.33 -23.04 17 -6.37 6.76 -0.39 1.65 -1.69 -1.58 26 X Y 202305200151A  
170.70 -23.11 13 -0.84 0.80 0.04 -0.21 -0.02 -0.19 26 X Y 202305200209A  
39.24 -43.75 17 -0.16 0.94 -0.78 0.25 0.18 2.09 26 X Y 202305211456A  
-77.11 8.90 12 2.27 -1.82 -0.46 -6.08 0.76 1.88 25 X Y 202305250305A  
-176.79 -22.98 183 -1.66 -1.44 3.11 -3.28 -6.88 -0.99 26 X Y 202306151806A  
-174.75 -17.84 240 -1.25 1.05 0.20 -0.65 -2.17 1.07 26 X Y 202307021027A  
-61.14 20.24 25 -0.29 2.21 -1.92 2.62 0.32 -8.25 25 X Y 202307102028A  
-160.90 54.44 32 4.30 -3.66 -0.64 5.11 2.75 -1.56 26 X Y 202307160648A  
-70.44 -38.18 193 -0.49 0.35 0.14 -0.44 -1.00 0.46 26 X Y 202307170305A  
-88.39 12.62 53 -3.17 -1.28 4.45 4.54 -1.95 -3.28 25 X Y 202307190022A  
167.08 -13.98 200 6.41 -0.20 -6.21 -1.98 0.09 1.62 25 X Y 202308161247A  
116.67 -6.88 518 -5.72 5.22 0.50 -0.67 -0.14 -1.12 26 X Y 202308281955A  
-179.19 -32.81 93 0.66 -0.93 0.27 -0.37 0.19 -0.21 26 X Y 202309080909B  
-8.31 30.94 24 1.51 -1.80 0.29 -1.72 -0.61 0.25 26 X Y 202309082211A  
146.21 -5.54 63 1.88 -1.68 -0.20 -0.16 0.17 0.82 26 X Y 202310070834A  
146.07 -5.49 53 3.12 -2.24 -0.88 -0.13 0.40 1.44 26 X Y 202310070840A  
-178.96 -17.52 560 -2.09 3.28 -1.19 2.07 -2.36 5.19 25 X Y 202310311110A  
-71.58 -28.83 50 0.64 0.17 -0.81 -0.57 -0.64 -0.21 26 X Y 202310311233A  
129.51 -6.32 12 -0.01 -0.73 0.74 -0.07 -0.10 0.15 27 X Y 202311080452B  
129.89 -6.14 13 0.07 -1.46 1.39 -0.05 0.43 0.93 26 X Y 202311081302A  
125.11 5.74 54 1.60 0.14 -1.75 0.51 0.23 0.29 26 X Y 202311170814A  
168.06 -14.83 12 1.34 -0.09 -1.26 0.03 0.36 0.41 26 X Y 202311220447A  
145.52 20.07 12 -0.72 2.36 -1.64 0.63 0.91 1.67 26 X Y 202311240905A  
143.99 -3.32 12 0.83 0.09 -0.92 -0.10 2.00 7.80 25 X Y 202311272146A  
126.97 8.43 30 1.81 0.21 -2.01 0.68 2.22 0.01 27 X Y 202312021437A  
127.07 8.32 26 -0.86 0.47 0.40 -0.12 -0.63 -0.17 26 X Y 202312021603A  
126.74 8.47 12 -0.70 0.88 -0.18 0.15 0.42 -0.22 26 X Y 202312031035A  
126.76 8.91 28 1.49 0.17 -1.67 0.34 1.67 0.04 26 X Y 202312031949A  
169.13 -20.53 44 4.47 -0.68 -3.80 0.25 -0.83 1.78 26 X Y 202312071256A  
149.16 44.48 32 4.95 -1.60 -3.35 0.81 4.31 -3.38 25 X Y 202312280915A  
