-357.00 -469.00 0.00
-353.00 -469.00 0.00
-349.00 -469.00 0.00
-345.00 -469.00 0.00
-341.00 -469.00 0.00
-337.00 -469.00 0.00
-333.00 -469.00 0.00
-329.00 -469.00 0.00
-325.00 -469.00 0.00
-321.00 -469.00 0.00
-317.00 -469.00 0.00
-313.00 -469.00 0.00
-309.00 -469.00 0.00
-305.00 -469.00 0.00
-301.00 -469.00 0.00
-297.00 -469.00 0.00
-293.00 -469.00 0.00
-289.00 -469.00 0.00
-285.00 -469.00 0.00
-281.00 -469.00 0.00
-277.00 -469.00 0.00
-273.00 -469.00 0.00
-269.00 -469.00 0.00
-265.00 -469.00 0.00
-261.00 -469.00 0.00
-257.00 -469.00 0.00
-253.00 -469.00 0.00
-249.00 -469.00 0.00
-245.00 -469.00 0.00
-241.00 -469.00 0.00
-237.00 -469.00 0.00
-233.00 -469.00 0.00
-229.00 -469.00 0.00
-225.00 -469.00 0.00
-221.00 -469.00 0.00
-217.00 -469.00 0.00
-213.00 -469.00 0.00
-209.00 -469.00 0.00
-205.00 -469.00 0.00
-201.00 -469.00 0.00
-197.00 -469.00 0.00
-193.00 -469.00 0.00
-189.00 -469.00 0.12
-185.00 -469.00 0.12
-181.00 -469.00 0.12
-177.00 -469.00 0.12
-173.00 -469.00 0.12
-169.00 -469.00 0.00
-165.00 -469.00 0.00
-161.00 -469.00 0.00
-157.00 -469.00 0.00
-153.00 -469.00 0.00
-149.00 -469.00 0.00
-145.00 -469.00 0.00
-141.00 -469.00 0.00
-137.00 -469.00 0.00
-133.00 -469.00 0.00
-129.00 -469.00 0.00
-125.00 -469.00 0.00
-121.00 -469.00 0.00
-117.00 -469.00 0.00
-113.00 -469.00 0.00
-109.00 -469.00 0.00
-105.00 -469.00 0.00
-101.00 -469.00 0.00
-97.00 -469.00 0.00
-93.00 -469.00 0.00
-89.00 -469.00 0.00
-85.00 -469.00 0.00
-81.00 -469.00 0.00
-77.00 -469.00 0.00
-73.00 -469.00 0.00
-69.00 -469.00 0.00
-65.00 -469.00 0.00
-61.00 -469.00 0.00
-57.00 -469.00 0.00
-53.00 -469.00 0.00
-49.00 -469.00 0.00
-45.00 -469.00 0.00
-41.00 -469.00 0.00
-37.00 -469.00 0.00
-33.00 -469.00 0.00
-29.00 -469.00 0.00
-25.00 -469.00 0.00
-21.00 -469.00 0.00
-17.00 -469.00 0.00
-13.00 -469.00 0.00
-9.00 -469.00 0.00
-5.00 -469.00 0.00
-1.00 -469.00 0.00
3.00 -469.00 0.00
7.00 -469.00 0.00
11.00 -469.00 0.00
15.00 -469.00 0.00
19.00 -469.00 0.00
23.00 -469.00 0.00
27.00 -469.00 0.00
31.00 -469.00 0.00
35.00 -469.00 0.00
39.00 -469.00 0.00
43.00 -469.00 0.00
47.00 -469.00 0.00
51.00 -469.00 0.00
55.00 -469.00 0.00
59.00 -469.00 0.00
63.00 -469.00 0.00
67.00 -469.00 0.00
71.00 -469.00 0.00
75.00 -469.00 0.00
79.00 -469.00 0.00
83.00 -469.00 0.00
87.00 -469.00 0.00
91.00 -469.00 0.00
95.00 -469.00 0.00
99.00 -469.00 0.00
103.00 -469.00 0.00
107.00 -469.00 0.00
111.00 -469.00 0.00
115.00 -469.00 0.00
119.00 -469.00 0.00
123.00 -469.00 0.00
127.00 -469.00 0.00
131.00 -469.00 0.00
135.00 -469.00 0.00
139.00 -469.00 0.00
143.00 -469.00 0.00
147.00 -469.00 0.00
151.00 -469.00 0.00
155.00 -469.00 0.00
159.00 -469.00 0.00
-357.00 -465.00 0.00
-353.00 -465.00 0.00
-349.00 -465.00 0.00
-345.00 -465.00 0.00
-341.00 -465.00 0.00
-337.00 -465.00 0.00
-333.00 -465.00 0.00
-329.00 -465.00 0.00
-325.00 -465.00 0.00
-321.00 -465.00 0.00
-317.00 -465.00 0.00
-313.00 -465.00 0.00
-309.00 -465.00 0.00
-305.00 -465.00 0.00
-301.00 -465.00 0.00
-297.00 -465.00 0.00
-293.00 -465.00 0.00
-289.00 -465.00 0.00
-285.00 -465.00 0.00
-281.00 -465.00 0.00
-277.00 -465.00 0.00
-273.00 -465.00 0.00
-269.00 -465.00 0.00
-265.00 -465.00 0.00
-261.00 -465.00 0.00
-257.00 -465.00 0.00
-253.00 -465.00 0.00
-249.00 -465.00 0.00
-245.00 -465.00 0.00
-241.00 -465.00 0.00
-237.00 -465.00 0.00
-233.00 -465.00 0.00
-229.00 -465.00 0.00
-225.00 -465.00 0.00
-221.00 -465.00 0.00
-217.00 -465.00 0.00
-213.00 -465.00 0.00
-209.00 -465.00 0.00
-205.00 -465.00 0.00
-201.00 -465.00 0.00
-197.00 -465.00 0.12
-193.00 -465.00 0.16
-189.00 -465.00 0.19
-185.00 -465.00 0.21
-181.00 -465.00 0.21
-177.00 -465.00 0.21
-173.00 -465.00 0.19
-169.00 -465.00 0.16
-165.00 -465.00 0.12
-161.00 -465.00 0.00
-157.00 -465.00 0.00
-153.00 -465.00 0.00
-149.00 -465.00 0.00
-145.00 -465.00 0.00
-141.00 -465.00 0.00
-137.00 -465.00 0.00
-133.00 -465.00 0.00
-129.00 -465.00 0.00
-125.00 -465.00 0.00
-121.00 -465.00 0.00
-117.00 -465.00 0.00
-113.00 -465.00 0.00
-109.00 -465.00 0.00
-105.00 -465.00 0.00
-101.00 -465.00 0.00
-97.00 -465.00 0.00
-93.00 -465.00 0.00
-89.00 -465.00 0.00
-85.00 -465.00 0.00
-81.00 -465.00 0.00
-77.00 -465.00 0.00
-73.00 -465.00 0.00
-69.00 -465.00 0.00
-65.00 -465.00 0.00
-61.00 -465.00 0.00
-57.00 -465.00 0.00
-53.00 -465.00 0.00
-49.00 -465.00 0.00
-45.00 -465.00 0.00
-41.00 -465.00 0.00
-37.00 -465.00 0.00
-33.00 -465.00 0.00
-29.00 -465.00 0.00
-25.00 -465.00 0.00
-21.00 -465.00 0.00
-17.00 -465.00 0.00
-13.00 -465.00 0.00
-9.00 -465.00 0.00
-5.00 -465.00 0.00
-1.00 -465.00 0.00
3.00 -465.00 0.00
7.00 -465.00 0.00
11.00 -465.00 0.00
15.00 -465.00 0.00
19.00 -465.00 0.00
23.00 -465.00 0.00
27.00 -465.00 0.00
31.00 -465.00 0.00
35.00 -465.00 0.00
39.00 -465.00 0.00
43.00 -465.00 0.00
47.00 -465.00 0.00
51.00 -465.00 0.00
55.00 -465.00 0.00
59.00 -465.00 0.00
63.00 -465.00 0.00
67.00 -465.00 0.00
71.00 -465.00 0.00
75.00 -465.00 0.00
79.00 -465.00 0.00
83.00 -465.00 0.00
87.00 -465.00 0.00
91.00 -465.00 0.00
95.00 -465.00 0.00
99.00 -465.00 0.00
103.00 -465.00 0.00
107.00 -465.00 0.00
111.00 -465.00 0.00
115.00 -465.00 0.00
119.00 -465.00 0.00
123.00 -465.00 0.00
127.00 -465.00 0.00
131.00 -465.00 0.00
135.00 -465.00 0.00
139.00 -465.00 0.00
143.00 -465.00 0.00
147.00 -465.00 0.00
151.00 -465.00 0.00
155.00 -465.00 0.00
159.00 -465.00 0.00
-357.00 -461.00 0.00
-353.00 -461.00 0.00
-349.00 -461.00 0.00
-345.00 -461.00 0.00
-341.00 -461.00 0.00
-337.00 -461.00 0.00
-333.00 -461.00 0.00
-329.00 -461.00 0.00
-325.00 -461.00 0.00
-321.00 -461.00 0.00
-317.00 -461.00 0.00
-313.00 -461.00 0.00
-309.00 -461.00 0.00
-305.00 -461.00 0.00
-301.00 -461.00 0.00
-297.00 -461.00 0.00
-293.00 -461.00 0.00
-289.00 -461.00 0.00
-285.00 -461.00 0.00
-281.00 -461.00 0.00
-277.00 -461.00 0.00
-273.00 -461.00 0.00
-269.00 -461.00 0.00
-265.00 -461.00 0.00
-261.00 -461.00 0.00
-257.00 -461.00 0.00
-253.00 -461.00 0.00
-249.00 -461.00 0.00
-245.00 -461.00 0.00
-241.00 -461.00 0.00
-237.00 -461.00 0.00
-233.00 -461.00 0.00
-229.00 -461.00 0.00
-225.00 -461.00 0.00
-221.00 -461.00 0.00
-217.00 -461.00 0.00
-213.00 -461.00 0.00
-209.00 -461.00 0.00
-205.00 -461.00 0.00
-201.00 -461.00 0.12
-197.00 -461.00 0.18
-193.00 -461.00 0.24
-189.00 -461.00 0.29
-185.00 -461.00 0.30
-181.00 -461.00 0.30
-177.00 -461.00 0.30
-173.00 -461.00 0.29
-169.00 -461.00 0.24
-165.00 -461.00 0.18
-161.00 -461.00 0.12
-157.00 -461.00 0.00
-153.00 -461.00 0.00
-149.00 -461.00 0.00
-145.00 -461.00 0.00
-141.00 -461.00 0.00
-137.00 -461.00 0.00
-133.00 -461.00 0.00
-129.00 -461.00 0.00
-125.00 -461.00 0.00
-121.00 -461.00 0.00
-117.00 -461.00 0.00
-113.00 -461.00 0.00
-109.00 -461.00 0.00
-105.00 -461.00 0.00
-101.00 -461.00 0.00
-97.00 -461.00 0.00
-93.00 -461.00 0.00
-89.00 -461.00 0.00
-85.00 -461.00 0.00
-81.00 -461.00 0.00
-77.00 -461.00 0.00
-73.00 -461.00 0.00
-69.00 -461.00 0.00
-65.00 -461.00 0.00
-61.00 -461.00 0.00
-57.00 -461.00 0.00
-53.00 -461.00 0.00
-49.00 -461.00 0.00
-45.00 -461.00 0.00
-41.00 -461.00 0.00
-37.00 -461.00 0.00
-33.00 -461.00 0.00
-29.00 -461.00 0.00
-25.00 -461.00 0.00
-21.00 -461.00 0.00
-17.00 -461.00 0.00
-13.00 -461.00 0.00
-9.00 -461.00 0.00
-5.00 -461.00 0.00
-1.00 -461.00 0.00
3.00 -461.00 0.00
7.00 -461.00 0.00
11.00 -461.00 0.00
15.00 -461.00 0.00
19.00 -461.00 0.00
23.00 -461.00 0.00
27.00 -461.00 0.00
31.00 -461.00 0.00
35.00 -461.00 0.00
39.00 -461.00 0.00
43.00 -461.00 0.00
47.00 -461.00 0.00
51.00 -461.00 0.00
55.00 -461.00 0.00
59.00 -461.00 0.00
63.00 -461.00 0.00
67.00 -461.00 0.00
71.00 -461.00 0.00
75.00 -461.00 0.00
79.00 -461.00 0.00
83.00 -461.00 0.00
87.00 -461.00 0.00
91.00 -461.00 0.00
95.00 -461.00 0.00
99.00 -461.00 0.00
103.00 -461.00 0.00
107.00 -461.00 0.00
111.00 -461.00 0.00
115.00 -461.00 0.00
119.00 -461.00 0.00
123.00 -461.00 0.00
127.00 -461.00 0.00
131.00 -461.00 0.00
135.00 -461.00 0.00
139.00 -461.00 0.00
143.00 -461.00 0.00
147.00 -461.00 0.00
151.00 -461.00 0.00
155.00 -461.00 0.00
159.00 -461.00 0.00
-357.00 -457.00 0.00
-353.00 -457.00 0.00
-349.00 -457.00 0.00
-345.00 -457.00 0.00
-341.00 -457.00 0.00
-337.00 -457.00 0.00
-333.00 -457.00 0.00
-329.00 -457.00 0.00
-325.00 -457.00 0.00
-321.00 -457.00 0.00
-317.00 -457.00 0.00
-313.00 -457.00 0.00
-309.00 -457.00 0.00
-305.00 -457.00 0.00
-301.00 -457.00 0.00
-297.00 -457.00 0.00
-293.00 -457.00 0.00
-289.00 -457.00 0.00
-285.00 -457.00 0.00
-281.00 -457.00 0.00
-277.00 -457.00 0.00
-273.00 -457.00 0.00
-269.00 -457.00 0.00
-265.00 -457.00 0.00
-261.00 -457.00 0.00
-257.00 -457.00 0.00
-253.00 -457.00 0.00
-249.00 -457.00 0.00
-245.00 -457.00 0.00
-241.00 -457.00 0.00
-237.00 -457.00 0.00
-233.00 -457.00 0.00
-229.00 -457.00 0.00
-225.00 -457.00 0.00
-221.00 -457.00 0.00
-217.00 -457.00 0.00
-213.00 -457.00 0.00
-209.00 -457.00 0.12
-205.00 -457.00 0.16
-201.00 -457.00 0.19
-197.00 -457.00 0.24
-193.00 -457.00 0.32
-189.00 -457.00 0.38
-185.00 -457.00 0.40
-181.00 -457.00 0.40
-177.00 -457.00 0.40
-173.00 -457.00 0.38
-169.00 -457.00 0.32
-165.00 -457.00 0.24
-161.00 -457.00 0.16
-157.00 -457.00 0.00
-153.00 -457.00 0.00
-149.00 -457.00 0.00
-145.00 -457.00 0.00
-141.00 -457.00 0.00
-137.00 -457.00 0.00
-133.00 -457.00 0.00
-129.00 -457.00 0.00
-125.00 -457.00 0.00
-121.00 -457.00 0.00
-117.00 -457.00 0.00
-113.00 -457.00 0.00
-109.00 -457.00 0.00
-105.00 -457.00 0.00
-101.00 -457.00 0.00
-97.00 -457.00 0.00
-93.00 -457.00 0.00
-89.00 -457.00 0.00
-85.00 -457.00 0.00
-81.00 -457.00 0.00
-77.00 -457.00 0.00
-73.00 -457.00 0.00
-69.00 -457.00 0.00
-65.00 -457.00 0.00
-61.00 -457.00 0.00
-57.00 -457.00 0.00
-53.00 -457.00 0.00
-49.00 -457.00 0.00
-45.00 -457.00 0.00
-41.00 -457.00 0.00
-37.00 -457.00 0.00
-33.00 -457.00 0.00
-29.00 -457.00 0.00
-25.00 -457.00 0.00
-21.00 -457.00 0.00
-17.00 -457.00 0.00
-13.00 -457.00 0.00
-9.00 -457.00 0.00
-5.00 -457.00 0.00
-1.00 -457.00 0.00
3.00 -457.00 0.00
7.00 -457.00 0.00
11.00 -457.00 0.00
15.00 -457.00 0.00
19.00 -457.00 0.00
23.00 -457.00 0.00
27.00 -457.00 0.00
31.00 -457.00 0.00
35.00 -457.00 0.00
39.00 -457.00 0.00
43.00 -457.00 0.00
47.00 -457.00 0.00
51.00 -457.00 0.00
55.00 -457.00 0.00
59.00 -457.00 0.00
63.00 -457.00 0.00
67.00 -457.00 0.00
71.00 -457.00 0.00
75.00 -457.00 0.00
79.00 -457.00 0.00
83.00 -457.00 0.00
87.00 -457.00 0.00
91.00 -457.00 0.00
95.00 -457.00 0.00
99.00 -457.00 0.00
103.00 -457.00 0.00
107.00 -457.00 0.00
111.00 -457.00 0.00
115.00 -457.00 0.00
119.00 -457.00 0.00
123.00 -457.00 0.00
127.00 -457.00 0.00
131.00 -457.00 0.00
135.00 -457.00 0.00
139.00 -457.00 0.00
143.00 -457.00 0.00
147.00 -457.00 0.00
151.00 -457.00 0.00
155.00 -457.00 0.00
159.00 -457.00 0.00
-357.00 -453.00 0.00
-353.00 -453.00 0.00
-349.00 -453.00 0.00
-345.00 -453.00 0.00
-341.00 -453.00 0.00
-337.00 -453.00 0.00
-333.00 -453.00 0.00
-329.00 -453.00 0.00
-325.00 -453.00 0.00
-321.00 -453.00 0.00
-317.00 -453.00 0.00
-313.00 -453.00 0.00
-309.00 -453.00 0.00
-305.00 -453.00 0.00
-301.00 -453.00 0.00
-297.00 -453.00 0.00
-293.00 -453.00 0.00
-289.00 -453.00 0.00
-285.00 -453.00 0.00
-281.00 -453.00 0.00
-277.00 -453.00 0.00
-273.00 -453.00 0.00
-269.00 -453.00 0.00
-265.00 -453.00 0.00
-261.00 -453.00 0.00
-257.00 -453.00 0.00
-253.00 -453.00 0.00
-249.00 -453.00 0.00
-245.00 -453.00 0.00
-241.00 -453.00 0.00
-237.00 -453.00 0.00
-233.00 -453.00 0.00
-229.00 -453.00 0.00
-225.00 -453.00 0.00
-221.00 -453.00 0.00
-217.00 -453.00 0.00
-213.00 -453.00 0.12
-209.00 -453.00 0.18
-205.00 -453.00 0.24
-201.00 -453.00 0.29
-197.00 -453.00 0.30
-193.00 -453.00 0.38
-189.00 -453.00 0.45
-185.00 -453.00 0.47
-181.00 -453.00 0.47
-177.00 -453.00 0.47
-173.00 -453.00 0.45
-169.00 -453.00 0.38
-165.00 -453.00 0.29
-161.00 -453.00 0.19
-157.00 -453.00 0.12
-153.00 -453.00 0.00
-149.00 -453.00 0.00
-145.00 -453.00 0.00
-141.00 -453.00 0.00
-137.00 -453.00 0.00
-133.00 -453.00 0.00
-129.00 -453.00 0.00
-125.00 -453.00 0.00
-121.00 -453.00 0.00
-117.00 -453.00 0.00
-113.00 -453.00 0.00
-109.00 -453.00 0.00
-105.00 -453.00 0.00
-101.00 -453.00 0.00
-97.00 -453.00 0.00
-93.00 -453.00 0.00
-89.00 -453.00 0.00
-85.00 -453.00 0.00
-81.00 -453.00 0.00
-77.00 -453.00 0.00
-73.00 -453.00 0.00
-69.00 -453.00 0.00
-65.00 -453.00 0.00
-61.00 -453.00 0.00
-57.00 -453.00 0.00
-53.00 -453.00 0.00
-49.00 -453.00 0.00
-45.00 -453.00 0.00
-41.00 -453.00 0.00
-37.00 -453.00 0.00
-33.00 -453.00 0.00
-29.00 -453.00 0.00
-25.00 -453.00 0.00
-21.00 -453.00 0.00
-17.00 -453.00 0.00
-13.00 -453.00 0.00
-9.00 -453.00 0.00
-5.00 -453.00 0.00
-1.00 -453.00 0.00
3.00 -453.00 0.00
7.00 -453.00 0.00
11.00 -453.00 0.00
15.00 -453.00 0.00
19.00 -453.00 0.00
23.00 -453.00 0.00
27.00 -453.00 0.00
31.00 -453.00 0.00
35.00 -453.00 0.00
39.00 -453.00 0.00
43.00 -453.00 0.00
47.00 -453.00 0.00
51.00 -453.00 0.00
55.00 -453.00 0.00
59.00 -453.00 0.00
63.00 -453.00 0.00
67.00 -453.00 0.00
71.00 -453.00 0.00
75.00 -453.00 0.00
79.00 -453.00 0.00
83.00 -453.00 0.00
87.00 -453.00 0.00
91.00 -453.00 0.00
95.00 -453.00 0.00
99.00 -453.00 0.00
103.00 -453.00 0.00
107.00 -453.00 0.00
111.00 -453.00 0.00
115.00 -453.00 0.00
119.00 -453.00 0.00
123.00 -453.00 0.00
127.00 -453.00 0.00
131.00 -453.00 0.00
135.00 -453.00 0.00
139.00 -453.00 0.00
143.00 -453.00 0.00
147.00 -453.00 0.00
151.00 -453.00 0.00
155.00 -453.00 0.00
159.00 -453.00 0.00
-357.00 -449.00 0.00
-353.00 -449.00 0.00
-349.00 -449.00 0.00
-345.00 -449.00 0.00
-341.00 -449.00 0.00
-337.00 -449.00 0.00
-333.00 -449.00 0.00
-329.00 -449.00 0.00
-325.00 -449.00 0.00
-321.00 -449.00 0.00
-317.00 -449.00 0.00
-313.00 -449.00 0.00
-309.00 -449.00 0.00
-305.00 -449.00 0.00
-301.00 -449.00 0.00
-297.00 -449.00 0.00
-293.00 -449.00 0.00
-289.00 -449.00 0.00
-285.00 -449.00 0.00
-281.00 -449.00 0.00
-277.00 -449.00 0.00
-273.00 -449.00 0.00
-269.00 -449.00 0.00
-265.00 -449.00 0.00
-261.00 -449.00 0.00
-257.00 -449.00 0.00
-253.00 -449.00 0.00
-249.00 -449.00 0.00
-245.00 -449.00 0.00
-241.00 -449.00 0.00
-237.00 -449.00 0.00
-233.00 -449.00 0.00
-229.00 -449.00 0.00
-225.00 -449.00 0.00
-221.00 -449.00 0.00
-217.00 -449.00 0.00
-213.00 -449.00 0.16
-209.00 -449.00 0.24
-205.00 -449.00 0.32
-201.00 -449.00 0.38
-197.00 -449.00 0.40
-193.00 -449.00 0.40
-189.00 -449.00 0.47
-185.00 -449.00 0.50
-181.00 -449.00 0.50
-177.00 -449.00 0.50
-173.00 -449.00 0.47
-169.00 -449.00 0.40
-165.00 -449.00 0.30
-161.00 -449.00 0.21
-157.00 -449.00 0.12
-153.00 -449.00 0.00
-149.00 -449.00 0.00
-145.00 -449.00 0.00
-141.00 -449.00 0.00
-137.00 -449.00 0.00
-133.00 -449.00 0.00
-129.00 -449.00 0.00
-125.00 -449.00 0.00
-121.00 -449.00 0.00
-117.00 -449.00 0.00
-113.00 -449.00 0.00
-109.00 -449.00 0.00
-105.00 -449.00 0.00
-101.00 -449.00 0.00
-97.00 -449.00 0.00
-93.00 -449.00 0.00
-89.00 -449.00 0.00
-85.00 -449.00 0.00
-81.00 -449.00 0.00
-77.00 -449.00 0.00
-73.00 -449.00 0.00
-69.00 -449.00 0.00
-65.00 -449.00 0.00
-61.00 -449.00 0.00
-57.00 -449.00 0.00
-53.00 -449.00 0.00
-49.00 -449.00 0.00
-45.00 -449.00 0.00
-41.00 -449.00 0.00
-37.00 -449.00 0.00
-33.00 -449.00 0.00
-29.00 -449.00 0.00
-25.00 -449.00 0.00
-21.00 -449.00 0.00
-17.00 -449.00 0.00
-13.00 -449.00 0.00
-9.00 -449.00 0.00
-5.00 -449.00 0.00
-1.00 -449.00 0.00
3.00 -449.00 0.00
7.00 -449.00 0.00
11.00 -449.00 0.00
15.00 -449.00 0.00
19.00 -449.00 0.00
23.00 -449.00 0.00
27.00 -449.00 0.00
31.00 -449.00 0.00
35.00 -449.00 0.00
39.00 -449.00 0.00
43.00 -449.00 0.00
47.00 -449.00 0.00
51.00 -449.00 0.00
55.00 -449.00 0.00
59.00 -449.00 0.00
63.00 -449.00 0.00
67.00 -449.00 0.00
71.00 -449.00 0.00
75.00 -449.00 0.00
79.00 -449.00 0.00
83.00 -449.00 0.00
87.00 -449.00 0.00
91.00 -449.00 0.00
95.00 -449.00 0.00
99.00 -449.00 0.00
103.00 -449.00 0.00
107.00 -449.00 0.00
111.00 -449.00 0.00
115.00 -449.00 0.00
119.00 -449.00 0.00
123.00 -449.00 0.00
127.00 -449.00 0.00
131.00 -449.00 0.00
135.00 -449.00 0.00
139.00 -449.00 0.00
143.00 -449.00 0.00
147.00 -449.00 0.00
151.00 -449.00 0.00
155.00 -449.00 0.00
159.00 -449.00 0.00
-357.00 -445.00 0.00
-353.00 -445.00 0.00
-349.00 -445.00 0.00
-345.00 -445.00 0.00
-341.00 -445.00 0.00
-337.00 -445.00 0.00
-333.00 -445.00 0.00
-329.00 -445.00 0.00
-325.00 -445.00 0.00
-321.00 -445.00 0.00
-317.00 -445.00 0.00
-313.00 -445.00 0.00
-309.00 -445.00 0.00
-305.00 -445.00 0.00
-301.00 -445.00 0.00
-297.00 -445.00 0.00
-293.00 -445.00 0.00
-289.00 -445.00 0.00
-285.00 -445.00 0.00
-281.00 -445.00 0.00
-277.00 -445.00 0.00
-273.00 -445.00 0.00
-269.00 -445.00 0.00
-265.00 -445.00 0.00
-261.00 -445.00 0.00
-257.00 -445.00 0.00
-253.00 -445.00 0.00
-249.00 -445.00 0.00
-245.00 -445.00 0.00
-241.00 -445.00 0.00
-237.00 -445.00 0.00
-233.00 -445.00 0.00
-229.00 -445.00 0.00
-225.00 -445.00 0.00
-221.00 -445.00 0.00
-217.00 -445.00 0.12
-213.00 -445.00 0.19
-209.00 -445.00 0.29
-205.00 -445.00 0.38
-201.00 -445.00 0.45
-197.00 -445.00 0.47
-193.00 -445.00 0.47
-189.00 -445.00 0.45
-185.00 -445.00 0.47
-181.00 -445.00 0.47
-177.00 -445.00 0.50
-173.00 -445.00 0.47
-169.00 -445.00 0.40
-165.00 -445.00 0.30
-161.00 -445.00 0.21
-157.00 -445.00 0.12
-153.00 -445.00 0.00
-149.00 -445.00 0.00
-145.00 -445.00 0.00
-141.00 -445.00 0.00
-137.00 -445.00 0.00
-133.00 -445.00 0.00
-129.00 -445.00 0.00
-125.00 -445.00 0.00
-121.00 -445.00 0.00
-117.00 -445.00 0.00
-113.00 -445.00 0.00
-109.00 -445.00 0.00
-105.00 -445.00 0.00
-101.00 -445.00 0.00
-97.00 -445.00 0.00
-93.00 -445.00 0.00
-89.00 -445.00 0.00
-85.00 -445.00 0.00
-81.00 -445.00 0.00
-77.00 -445.00 0.00
-73.00 -445.00 0.00
-69.00 -445.00 0.00
-65.00 -445.00 0.00
-61.00 -445.00 0.00
-57.00 -445.00 0.00
-53.00 -445.00 0.00
-49.00 -445.00 0.00
-45.00 -445.00 0.00
-41.00 -445.00 0.00
-37.00 -445.00 0.00
-33.00 -445.00 0.00
-29.00 -445.00 0.00
-25.00 -445.00 0.00
-21.00 -445.00 0.00
-17.00 -445.00 0.00
-13.00 -445.00 0.00
-9.00 -445.00 0.00
-5.00 -445.00 0.00
-1.00 -445.00 0.00
3.00 -445.00 0.00
7.00 -445.00 0.00
11.00 -445.00 0.00
15.00 -445.00 0.00
19.00 -445.00 0.00
23.00 -445.00 0.00
27.00 -445.00 0.00
31.00 -445.00 0.00
35.00 -445.00 0.00
39.00 -445.00 0.00
43.00 -445.00 0.00
47.00 -445.00 0.00
51.00 -445.00 0.00
55.00 -445.00 0.00
59.00 -445.00 0.00
63.00 -445.00 0.00
67.00 -445.00 0.00
71.00 -445.00 0.00
75.00 -445.00 0.00
79.00 -445.00 0.00
83.00 -445.00 0.00
87.00 -445.00 0.00
91.00 -445.00 0.00
95.00 -445.00 0.00
99.00 -445.00 0.00
103.00 -445.00 0.00
107.00 -445.00 0.00
111.00 -445.00 0.00
115.00 -445.00 0.00
119.00 -445.00 0.00
123.00 -445.00 0.00
127.00 -445.00 0.00
131.00 -445.00 0.00
135.00 -445.00 0.00
139.00 -445.00 0.00
143.00 -445.00 0.00
147.00 -445.00 0.00
151.00 -445.00 0.00
155.00 -445.00 0.00
159.00 -445.00 0.00
-357.00 -441.00 0.00
-353.00 -441.00 0.00
-349.00 -441.00 0.00
-345.00 -441.00 0.00
-341.00 -441.00 0.00
-337.00 -441.00 0.00
-333.00 -441.00 0.00
-329.00 -441.00 0.00
-325.00 -441.00 0.00
-321.00 -441.00 0.00
-317.00 -441.00 0.00
-313.00 -441.00 0.00
-309.00 -441.00 0.00
-305.00 -441.00 0.00
-301.00 -441.00 0.00
-297.00 -441.00 0.00
-293.00 -441.00 0.00
-289.00 -441.00 0.00
-285.00 -441.00 0.00
-281.00 -441.00 0.00
-277.00 -441.00 0.00
-273.00 -441.00 0.00
-269.00 -441.00 0.00
-265.00 -441.00 0.00
-261.00 -441.00 0.00
-257.00 -441.00 0.00
-253.00 -441.00 0.00
-249.00 -441.00 0.00
-245.00 -441.00 0.00
-241.00 -441.00 0.00
-237.00 -441.00 0.00
-233.00 -441.00 0.00
-229.00 -441.00 0.00
-225.00 -441.00 0.00
-221.00 -441.00 0.00
-217.00 -441.00 0.12
-213.00 -441.00 0.21
-209.00 -441.00 0.30
-205.00 -441.00 0.40
-201.00 -441.00 0.47
-197.00 -441.00 0.50
-193.00 -441.00 0.50
-189.00 -441.00 0.47
-185.00 -441.00 0.47
-181.00 -441.00 0.50
-177.00 -441.00 0.50
-173.00 -441.00 0.47
-169.00 -441.00 0.40
-165.00 -441.00 0.30
-161.00 -441.00 0.21
-157.00 -441.00 0.12
-153.00 -441.00 0.00
-149.00 -441.00 0.00
-145.00 -441.00 0.00
-141.00 -441.00 0.00
-137.00 -441.00 0.00
-133.00 -441.00 0.00
-129.00 -441.00 0.00
-125.00 -441.00 0.00
-121.00 -441.00 0.00
-117.00 -441.00 0.00
-113.00 -441.00 0.00
-109.00 -441.00 0.00
-105.00 -441.00 0.00
-101.00 -441.00 0.00
-97.00 -441.00 0.00
-93.00 -441.00 0.00
-89.00 -441.00 0.00
-85.00 -441.00 0.00
-81.00 -441.00 0.00
-77.00 -441.00 0.00
-73.00 -441.00 0.00
-69.00 -441.00 0.00
-65.00 -441.00 0.00
-61.00 -441.00 0.00
-57.00 -441.00 0.00
-53.00 -441.00 0.00
-49.00 -441.00 0.00
-45.00 -441.00 0.00
-41.00 -441.00 0.00
-37.00 -441.00 0.00
-33.00 -441.00 0.00
-29.00 -441.00 0.00
-25.00 -441.00 0.00
-21.00 -441.00 0.00
-17.00 -441.00 0.00
-13.00 -441.00 0.00
-9.00 -441.00 0.00
-5.00 -441.00 0.00
-1.00 -441.00 0.00
3.00 -441.00 0.00
7.00 -441.00 0.00
11.00 -441.00 0.00
15.00 -441.00 0.00
19.00 -441.00 0.00
23.00 -441.00 0.00
27.00 -441.00 0.00
31.00 -441.00 0.00
35.00 -441.00 0.00
39.00 -441.00 0.00
43.00 -441.00 0.00
47.00 -441.00 0.00
51.00 -441.00 0.00
55.00 -441.00 0.00
59.00 -441.00 0.00
63.00 -441.00 0.00
67.00 -441.00 0.00
71.00 -441.00 0.00
75.00 -441.00 0.00
79.00 -441.00 0.00
83.00 -441.00 0.00
87.00 -441.00 0.00
91.00 -441.00 0.00
95.00 -441.00 0.00
99.00 -441.00 0.00
103.00 -441.00 0.00
107.00 -441.00 0.00
111.00 -441.00 0.00
115.00 -441.00 0.00
119.00 -441.00 0.00
123.00 -441.00 0.00
127.00 -441.00 0.00
131.00 -441.00 0.00
135.00 -441.00 0.00
139.00 -441.00 0.00
143.00 -441.00 0.00
147.00 -441.00 0.00
151.00 -441.00 0.00
155.00 -441.00 0.00
159.00 -441.00 0.00
-357.00 -437.00 0.00
-353.00 -437.00 0.00
-349.00 -437.00 0.00
-345.00 -437.00 0.00
-341.00 -437.00 0.00
-337.00 -437.00 0.00
-333.00 -437.00 0.00
-329.00 -437.00 0.00
-325.00 -437.00 0.00
-321.00 -437.00 0.00
-317.00 -437.00 0.00
-313.00 -437.00 0.00
-309.00 -437.00 0.00
-305.00 -437.00 0.00
-301.00 -437.00 0.00
-297.00 -437.00 0.00
-293.00 -437.00 0.00
-289.00 -437.00 0.00
-285.00 -437.00 0.00
-281.00 -437.00 0.00
-277.00 -437.00 0.00
-273.00 -437.00 0.00
-269.00 -437.00 0.00
-265.00 -437.00 0.00
-261.00 -437.00 0.00
-257.00 -437.00 0.00
-253.00 -437.00 0.00
-249.00 -437.00 0.00
-245.00 -437.00 0.00
-241.00 -437.00 0.00
-237.00 -437.00 0.00
-233.00 -437.00 0.00
-229.00 -437.00 0.00
-225.00 -437.00 0.00
-221.00 -437.00 0.00
-217.00 -437.00 0.12
-213.00 -437.00 0.21
-209.00 -437.00 0.30
-205.00 -437.00 0.40
-201.00 -437.00 0.47
-197.00 -437.00 0.50
-193.00 -437.00 0.47
-189.00 -437.00 0.45
-185.00 -437.00 0.47
-181.00 -437.00 0.50
-177.00 -437.00 0.47
-173.00 -437.00 0.45
-169.00 -437.00 0.38
-165.00 -437.00 0.29
-161.00 -437.00 0.19
-157.00 -437.00 0.12
-153.00 -437.00 0.00
-149.00 -437.00 0.00
-145.00 -437.00 0.00
-141.00 -437.00 0.00
-137.00 -437.00 0.00
-133.00 -437.00 0.00
-129.00 -437.00 0.00
-125.00 -437.00 0.00
-121.00 -437.00 0.00
-117.00 -437.00 0.00
-113.00 -437.00 0.00
-109.00 -437.00 0.00
-105.00 -437.00 0.00
-101.00 -437.00 0.00
-97.00 -437.00 0.00
-93.00 -437.00 0.00
-89.00 -437.00 0.00
-85.00 -437.00 0.00
-81.00 -437.00 0.00
-77.00 -437.00 0.00
-73.00 -437.00 0.00
-69.00 -437.00 0.00
-65.00 -437.00 0.00
-61.00 -437.00 0.00
-57.00 -437.00 0.00
-53.00 -437.00 0.00
-49.00 -437.00 0.00
-45.00 -437.00 0.00
-41.00 -437.00 0.00
-37.00 -437.00 0.00
-33.00 -437.00 0.00
-29.00 -437.00 0.00
-25.00 -437.00 0.00
-21.00 -437.00 0.00
-17.00 -437.00 0.00
-13.00 -437.00 0.00
-9.00 -437.00 0.00
-5.00 -437.00 0.00
-1.00 -437.00 0.00
3.00 -437.00 0.00
7.00 -437.00 0.00
11.00 -437.00 0.00
15.00 -437.00 0.00
19.00 -437.00 0.00
23.00 -437.00 0.00
27.00 -437.00 0.00
31.00 -437.00 0.00
35.00 -437.00 0.00
39.00 -437.00 0.00
43.00 -437.00 0.00
47.00 -437.00 0.00
51.00 -437.00 0.00
55.00 -437.00 0.00
59.00 -437.00 0.00
63.00 -437.00 0.00
67.00 -437.00 0.00
71.00 -437.00 0.00
75.00 -437.00 0.00
79.00 -437.00 0.00
83.00 -437.00 0.00
87.00 -437.00 0.00
91.00 -437.00 0.00
95.00 -437.00 0.00
99.00 -437.00 0.00
103.00 -437.00 0.00
107.00 -437.00 0.00
111.00 -437.00 0.00
115.00 -437.00 0.00
119.00 -437.00 0.00
123.00 -437.00 0.00
127.00 -437.00 0.00
131.00 -437.00 0.00
135.00 -437.00 0.00
139.00 -437.00 0.00
143.00 -437.00 0.00
147.00 -437.00 0.00
151.00 -437.00 0.00
155.00 -437.00 0.00
159.00 -437.00 0.00
-357.00 -433.00 0.00
-353.00 -433.00 0.00
-349.00 -433.00 0.00
-345.00 -433.00 0.00
-341.00 -433.00 0.00
-337.00 -433.00 0.00
-333.00 -433.00 0.00
-329.00 -433.00 0.00
-325.00 -433.00 0.00
-321.00 -433.00 0.00
-317.00 -433.00 0.00
-313.00 -433.00 0.00
-309.00 -433.00 0.00
-305.00 -433.00 0.00
-301.00 -433.00 0.00
-297.00 -433.00 0.00
-293.00 -433.00 0.00
-289.00 -433.00 0.00
-285.00 -433.00 0.00
-281.00 -433.00 0.00
-277.00 -433.00 0.00
-273.00 -433.00 0.00
-269.00 -433.00 0.00
-265.00 -433.00 0.00
-261.00 -433.00 0.00
-257.00 -433.00 0.00
-253.00 -433.00 0.00
-249.00 -433.00 0.00
-245.00 -433.00 0.00
-241.00 -433.00 0.00
-237.00 -433.00 0.00
-233.00 -433.00 0.00
-229.00 -433.00 0.00
-225.00 -433.00 0.00
-221.00 -433.00 0.00
-217.00 -433.00 0.12
-213.00 -433.00 0.21
-209.00 -433.00 0.30
-205.00 -433.00 0.40
-201.00 -433.00 0.47
-197.00 -433.00 0.50
-193.00 -433.00 0.50
-189.00 -433.00 0.47
-185.00 -433.00 0.50
-181.00 -433.00 0.50
-177.00 -433.00 0.47
-173.00 -433.00 0.45
-169.00 -433.00 0.38
-165.00 -433.00 0.32
-161.00 -433.00 0.24
-157.00 -433.00 0.18
-153.00 -433.00 0.12
-149.00 -433.00 0.00
-145.00 -433.00 0.00
-141.00 -433.00 0.00
-137.00 -433.00 0.00
-133.00 -433.00 0.00
-129.00 -433.00 0.00
-125.00 -433.00 0.00
-121.00 -433.00 0.00
-117.00 -433.00 0.00
-113.00 -433.00 0.00
-109.00 -433.00 0.00
-105.00 -433.00 0.00
-101.00 -433.00 0.00
-97.00 -433.00 0.00
-93.00 -433.00 0.00
-89.00 -433.00 0.00
-85.00 -433.00 0.00
-81.00 -433.00 0.00
-77.00 -433.00 0.00
-73.00 -433.00 0.00
-69.00 -433.00 0.00
-65.00 -433.00 0.00
-61.00 -433.00 0.00
-57.00 -433.00 0.00
-53.00 -433.00 0.00
-49.00 -433.00 0.00
-45.00 -433.00 0.00
-41.00 -433.00 0.00
-37.00 -433.00 0.00
-33.00 -433.00 0.00
-29.00 -433.00 0.00
-25.00 -433.00 0.00
-21.00 -433.00 0.00
-17.00 -433.00 0.00
-13.00 -433.00 0.00
-9.00 -433.00 0.00
-5.00 -433.00 0.00
-1.00 -433.00 0.00
3.00 -433.00 0.00
7.00 -433.00 0.00
11.00 -433.00 0.00
15.00 -433.00 0.00
19.00 -433.00 0.00
23.00 -433.00 0.00
27.00 -433.00 0.00
31.00 -433.00 0.00
35.00 -433.00 0.00
39.00 -433.00 0.00
43.00 -433.00 0.00
47.00 -433.00 0.00
51.00 -433.00 0.00
55.00 -433.00 0.00
59.00 -433.00 0.00
63.00 -433.00 0.00
67.00 -433.00 0.00
71.00 -433.00 0.00
75.00 -433.00 0.00
79.00 -433.00 0.00
83.00 -433.00 0.00
87.00 -433.00 0.00
91.00 -433.00 0.00
95.00 -433.00 0.00
99.00 -433.00 0.00
103.00 -433.00 0.00
107.00 -433.00 0.00
111.00 -433.00 0.00
115.00 -433.00 0.00
119.00 -433.00 0.00
123.00 -433.00 0.00
127.00 -433.00 0.00
131.00 -433.00 0.00
135.00 -433.00 0.00
139.00 -433.00 0.00
143.00 -433.00 0.00
147.00 -433.00 0.00
151.00 -433.00 0.00
155.00 -433.00 0.00
159.00 -433.00 0.00
-357.00 -429.00 0.00
-353.00 -429.00 0.00
-349.00 -429.00 0.00
-345.00 -429.00 0.00
-341.00 -429.00 0.00
-337.00 -429.00 0.00
-333.00 -429.00 0.00
-329.00 -429.00 0.00
-325.00 -429.00 0.00
-321.00 -429.00 0.00
-317.00 -429.00 0.00
-313.00 -429.00 0.00
-309.00 -429.00 0.00
-305.00 -429.00 0.00
-301.00 -429.00 0.00
-297.00 -429.00 0.00
-293.00 -429.00 0.00
-289.00 -429.00 0.00
-285.00 -429.00 0.00
-281.00 -429.00 0.00
-277.00 -429.00 0.00
-273.00 -429.00 0.00
-269.00 -429.00 0.00
-265.00 -429.00 0.00
-261.00 -429.00 0.00
-257.00 -429.00 0.00
-253.00 -429.00 0.00
-249.00 -429.00 0.00
-245.00 -429.00 0.00
-241.00 -429.00 0.00
-237.00 -429.00 0.00
-233.00 -429.00 0.00
-229.00 -429.00 0.00
-225.00 -429.00 0.00
-221.00 -429.00 0.00
-217.00 -429.00 0.12
-213.00 -429.00 0.19
-209.00 -429.00 0.29
-205.00 -429.00 0.38
-201.00 -429.00 0.45
-197.00 -429.00 0.47
-193.00 -429.00 0.47
-189.00 -429.00 0.50
-185.00 -429.00 0.47
-181.00 -429.00 0.47
-177.00 -429.00 0.50
-173.00 -429.00 0.47
-169.00 -429.00 0.45
-165.00 -429.00 0.38
-161.00 -429.00 0.32
-157.00 -429.00 0.24
-153.00 -429.00 0.16
-149.00 -429.00 0.00
-145.00 -429.00 0.00
-141.00 -429.00 0.00
-137.00 -429.00 0.00
-133.00 -429.00 0.00
-129.00 -429.00 0.00
-125.00 -429.00 0.00
-121.00 -429.00 0.00
-117.00 -429.00 0.00
-113.00 -429.00 0.00
-109.00 -429.00 0.00
-105.00 -429.00 0.00
-101.00 -429.00 0.00
-97.00 -429.00 0.00
-93.00 -429.00 0.00
-89.00 -429.00 0.00
-85.00 -429.00 0.00
-81.00 -429.00 0.00
-77.00 -429.00 0.00
-73.00 -429.00 0.00
-69.00 -429.00 0.00
-65.00 -429.00 0.00
-61.00 -429.00 0.00
-57.00 -429.00 0.00
-53.00 -429.00 0.00
-49.00 -429.00 0.00
-45.00 -429.00 0.00
-41.00 -429.00 0.00
-37.00 -429.00 0.00
-33.00 -429.00 0.00
-29.00 -429.00 0.00
-25.00 -429.00 0.00
-21.00 -429.00 0.00
-17.00 -429.00 0.00
-13.00 -429.00 0.00
-9.00 -429.00 0.00
-5.00 -429.00 0.00
-1.00 -429.00 0.00
3.00 -429.00 0.00
7.00 -429.00 0.00
11.00 -429.00 0.00
15.00 -429.00 0.00
19.00 -429.00 0.00
23.00 -429.00 0.00
27.00 -429.00 0.00
31.00 -429.00 0.00
35.00 -429.00 0.00
39.00 -429.00 0.00
43.00 -429.00 0.00
47.00 -429.00 0.00
51.00 -429.00 0.00
55.00 -429.00 0.00
59.00 -429.00 0.00
63.00 -429.00 0.00
67.00 -429.00 0.00
71.00 -429.00 0.00
75.00 -429.00 0.00
79.00 -429.00 0.00
83.00 -429.00 0.00
87.00 -429.00 0.00
91.00 -429.00 0.00
95.00 -429.00 0.00
99.00 -429.00 0.00
103.00 -429.00 0.00
107.00 -429.00 0.00
111.00 -429.00 0.00
115.00 -429.00 0.00
119.00 -429.00 0.00
123.00 -429.00 0.00
127.00 -429.00 0.00
131.00 -429.00 0.00
135.00 -429.00 0.00
139.00 -429.00 0.00
143.00 -429.00 0.00
147.00 -429.00 0.00
151.00 -429.00 0.00
155.00 -429.00 0.00
159.00 -429.00 0.00
-357.00 -425.00 0.00
-353.00 -425.00 0.00
-349.00 -425.00 0.00
-345.00 -425.00 0.00
-341.00 -425.00 0.00
-337.00 -425.00 0.00
-333.00 -425.00 0.00
-329.00 -425.00 0.00
-325.00 -425.00 0.00
-321.00 -425.00 0.00
-317.00 -425.00 0.00
-313.00 -425.00 0.00
-309.00 -425.00 0.00
-305.00 -425.00 0.00
-301.00 -425.00 0.00
-297.00 -425.00 0.00
-293.00 -425.00 0.00
-289.00 -425.00 0.00
-285.00 -425.00 0.00
-281.00 -425.00 0.00
-277.00 -425.00 0.00
-273.00 -425.00 0.00
-269.00 -425.00 0.00
-265.00 -425.00 0.00
-261.00 -425.00 0.00
-257.00 -425.00 0.00
-253.00 -425.00 0.00
-249.00 -425.00 0.00
-245.00 -425.00 0.00
-241.00 -425.00 0.00
-237.00 -425.00 0.00
-233.00 -425.00 0.00
-229.00 -425.00 0.00
-225.00 -425.00 0.00
-221.00 -425.00 0.00
-217.00 -425.00 0.00
-213.00 -425.00 0.16
-209.00 -425.00 0.24
-205.00 -425.00 0.32
-201.00 -425.00 0.38
-197.00 -425.00 0.40
-193.00 -425.00 0.45
-189.00 -425.00 0.47
-185.00 -425.00 0.45
-181.00 -425.00 0.47
-177.00 -425.00 0.50
-173.00 -425.00 0.50
-169.00 -425.00 0.47
-165.00 -425.00 0.45
-161.00 -425.00 0.38
-157.00 -425.00 0.29
-153.00 -425.00 0.19
-149.00 -425.00 0.12
-145.00 -425.00 0.00
-141.00 -425.00 0.00
-137.00 -425.00 0.00
-133.00 -425.00 0.00
-129.00 -425.00 0.00
-125.00 -425.00 0.00
-121.00 -425.00 0.00
-117.00 -425.00 0.00
-113.00 -425.00 0.00
-109.00 -425.00 0.00
-105.00 -425.00 0.00
-101.00 -425.00 0.00
-97.00 -425.00 0.00
-93.00 -425.00 0.00
-89.00 -425.00 0.00
-85.00 -425.00 0.00
-81.00 -425.00 0.00
-77.00 -425.00 0.00
-73.00 -425.00 0.00
-69.00 -425.00 0.00
-65.00 -425.00 0.00
-61.00 -425.00 0.00
-57.00 -425.00 0.00
-53.00 -425.00 0.00
-49.00 -425.00 0.00
-45.00 -425.00 0.00
-41.00 -425.00 0.00
-37.00 -425.00 0.00
-33.00 -425.00 0.00
-29.00 -425.00 0.00
-25.00 -425.00 0.00
-21.00 -425.00 0.00
-17.00 -425.00 0.00
-13.00 -425.00 0.00
-9.00 -425.00 0.00
-5.00 -425.00 0.00
-1.00 -425.00 0.00
3.00 -425.00 0.00
7.00 -425.00 0.00
11.00 -425.00 0.00
15.00 -425.00 0.00
19.00 -425.00 0.00
23.00 -425.00 0.00
27.00 -425.00 0.00
31.00 -425.00 0.00
35.00 -425.00 0.00
39.00 -425.00 0.00
43.00 -425.00 0.00
47.00 -425.00 0.00
51.00 -425.00 0.00
55.00 -425.00 0.00
59.00 -425.00 0.00
63.00 -425.00 0.00
67.00 -425.00 0.00
71.00 -425.00 0.00
75.00 -425.00 0.00
79.00 -425.00 0.00
83.00 -425.00 0.00
87.00 -425.00 0.00
91.00 -425.00 0.00
95.00 -425.00 0.00
99.00 -425.00 0.00
103.00 -425.00 0.00
107.00 -425.00 0.00
111.00 -425.00 0.00
115.00 -425.00 0.00
119.00 -425.00 0.00
123.00 -425.00 0.00
127.00 -425.00 0.00
131.00 -425.00 0.00
135.00 -425.00 0.00
139.00 -425.00 0.00
143.00 -425.00 0.00
147.00 -425.00 0.00
151.00 -425.00 0.00
155.00 -425.00 0.00
159.00 -425.00 0.00
-357.00 -421.00 0.00
-353.00 -421.00 0.00
-349.00 -421.00 0.00
-345.00 -421.00 0.00
-341.00 -421.00 0.00
-337.00 -421.00 0.00
-333.00 -421.00 0.00
-329.00 -421.00 0.00
-325.00 -421.00 0.00
-321.00 -421.00 0.00
-317.00 -421.00 0.00
-313.00 -421.00 0.00
-309.00 -421.00 0.00
-305.00 -421.00 0.00
-301.00 -421.00 0.00
-297.00 -421.00 0.00
-293.00 -421.00 0.00
-289.00 -421.00 0.00
-285.00 -421.00 0.00
-281.00 -421.00 0.00
-277.00 -421.00 0.00
-273.00 -421.00 0.00
-269.00 -421.00 0.00
-265.00 -421.00 0.00
-261.00 -421.00 0.00
-257.00 -421.00 0.00
-253.00 -421.00 0.00
-249.00 -421.00 0.00
-245.00 -421.00 0.00
-241.00 -421.00 0.00
-237.00 -421.00 0.00
-233.00 -421.00 0.00
-229.00 -421.00 0.00
-225.00 -421.00 0.00
-221.00 -421.00 0.00
-217.00 -421.00 0.00
-213.00 -421.00 0.12
-209.00 -421.00 0.18
-205.00 -421.00 0.24
-201.00 -421.00 0.29
-197.00 -421.00 0.32
-193.00 -421.00 0.38
-189.00 -421.00 0.40
-185.00 -421.00 0.38
-181.00 -421.00 0.45
-177.00 -421.00 0.47
-173.00 -421.00 0.50
-169.00 -421.00 0.50
-165.00 -421.00 0.47
-161.00 -421.00 0.40
-157.00 -421.00 0.32
-153.00 -421.00 0.24
-149.00 -421.00 0.16
-145.00 -421.00 0.00
-141.00 -421.00 0.00
-137.00 -421.00 0.00
-133.00 -421.00 0.00
-129.00 -421.00 0.00
-125.00 -421.00 0.00
-121.00 -421.00 0.00
-117.00 -421.00 0.00
-113.00 -421.00 0.00
-109.00 -421.00 0.00
-105.00 -421.00 0.00
-101.00 -421.00 0.00
-97.00 -421.00 0.00
-93.00 -421.00 0.00
-89.00 -421.00 0.00
-85.00 -421.00 0.00
-81.00 -421.00 0.00
-77.00 -421.00 0.00
-73.00 -421.00 0.00
-69.00 -421.00 0.00
-65.00 -421.00 0.00
-61.00 -421.00 0.00
-57.00 -421.00 0.00
-53.00 -421.00 0.00
-49.00 -421.00 0.00
-45.00 -421.00 0.00
-41.00 -421.00 0.00
-37.00 -421.00 0.00
-33.00 -421.00 0.00
-29.00 -421.00 0.00
-25.00 -421.00 0.00
-21.00 -421.00 0.00
-17.00 -421.00 0.00
-13.00 -421.00 0.00
-9.00 -421.00 0.00
-5.00 -421.00 0.00
-1.00 -421.00 0.00
3.00 -421.00 0.00
7.00 -421.00 0.00
11.00 -421.00 0.00
15.00 -421.00 0.00
19.00 -421.00 0.00
23.00 -421.00 0.00
27.00 -421.00 0.00
31.00 -421.00 0.00
35.00 -421.00 0.00
39.00 -421.00 0.00
43.00 -421.00 0.00
47.00 -421.00 0.00
51.00 -421.00 0.00
55.00 -421.00 0.00
59.00 -421.00 0.00
63.00 -421.00 0.00
67.00 -421.00 0.00
71.00 -421.00 0.00
75.00 -421.00 0.00
79.00 -421.00 0.00
83.00 -421.00 0.00
87.00 -421.00 0.00
91.00 -421.00 0.00
95.00 -421.00 0.00
99.00 -421.00 0.00
103.00 -421.00 0.00
107.00 -421.00 0.00
111.00 -421.00 0.00
115.00 -421.00 0.00
119.00 -421.00 0.00
123.00 -421.00 0.00
127.00 -421.00 0.00
131.00 -421.00 0.00
135.00 -421.00 0.00
139.00 -421.00 0.00
143.00 -421.00 0.00
147.00 -421.00 0.00
151.00 -421.00 0.00
155.00 -421.00 0.00
159.00 -421.00 0.00
-357.00 -417.00 0.00
-353.00 -417.00 0.00
-349.00 -417.00 0.00
-345.00 -417.00 0.00
-341.00 -417.00 0.00
-337.00 -417.00 0.00
-333.00 -417.00 0.00
-329.00 -417.00 0.00
-325.00 -417.00 0.00
-321.00 -417.00 0.00
-317.00 -417.00 0.00
-313.00 -417.00 0.00
-309.00 -417.00 0.00
-305.00 -417.00 0.00
-301.00 -417.00 0.00
-297.00 -417.00 0.00
-293.00 -417.00 0.00
-289.00 -417.00 0.12
-285.00 -417.00 0.12
-281.00 -417.00 0.12
-277.00 -417.00 0.12
-273.00 -417.00 0.00
-269.00 -417.00 0.00
-265.00 -417.00 0.00
-261.00 -417.00 0.00
-257.00 -417.00 0.00
-253.00 -417.00 0.00
-249.00 -417.00 0.00
-245.00 -417.00 0.00
-241.00 -417.00 0.00
-237.00 -417.00 0.00
-233.00 -417.00 0.00
-229.00 -417.00 0.00
-225.00 -417.00 0.00
-221.00 -417.00 0.00
-217.00 -417.00 0.00
-213.00 -417.00 0.00
-209.00 -417.00 0.12
-205.00 -417.00 0.16
-201.00 -417.00 0.19
-197.00 -417.00 0.24
-193.00 -417.00 0.29
-189.00 -417.00 0.30
-185.00 -417.00 0.32
-181.00 -417.00 0.38
-177.00 -417.00 0.45
-173.00 -417.00 0.47
-169.00 -417.00 0.50
-165.00 -417.00 0.47
-161.00 -417.00 0.45
-157.00 -417.00 0.38
-153.00 -417.00 0.29
-149.00 -417.00 0.19
-145.00 -417.00 0.12
-141.00 -417.00 0.00
-137.00 -417.00 0.00
-133.00 -417.00 0.00
-129.00 -417.00 0.00
-125.00 -417.00 0.00
-121.00 -417.00 0.00
-117.00 -417.00 0.00
-113.00 -417.00 0.00
-109.00 -417.00 0.00
-105.00 -417.00 0.00
-101.00 -417.00 0.00
-97.00 -417.00 0.00
-93.00 -417.00 0.00
-89.00 -417.00 0.00
-85.00 -417.00 0.00
-81.00 -417.00 0.00
-77.00 -417.00 0.00
-73.00 -417.00 0.00
-69.00 -417.00 0.00
-65.00 -417.00 0.00
-61.00 -417.00 0.00
-57.00 -417.00 0.00
-53.00 -417.00 0.00
-49.00 -417.00 0.00
-45.00 -417.00 0.00
-41.00 -417.00 0.00
-37.00 -417.00 0.00
-33.00 -417.00 0.00
-29.00 -417.00 0.00
-25.00 -417.00 0.00
-21.00 -417.00 0.00
-17.00 -417.00 0.00
-13.00 -417.00 0.00
-9.00 -417.00 0.00
-5.00 -417.00 0.00
-1.00 -417.00 0.00
3.00 -417.00 0.00
7.00 -417.00 0.00
11.00 -417.00 0.00
15.00 -417.00 0.00
19.00 -417.00 0.00
23.00 -417.00 0.00
27.00 -417.00 0.00
31.00 -417.00 0.00
35.00 -417.00 0.00
39.00 -417.00 0.00
43.00 -417.00 0.00
47.00 -417.00 0.00
51.00 -417.00 0.00
55.00 -417.00 0.00
59.00 -417.00 0.00
63.00 -417.00 0.00
67.00 -417.00 0.00
71.00 -417.00 0.00
75.00 -417.00 0.00
79.00 -417.00 0.00
83.00 -417.00 0.00
87.00 -417.00 0.00
91.00 -417.00 0.00
95.00 -417.00 0.00
99.00 -417.00 0.00
103.00 -417.00 0.00
107.00 -417.00 0.00
111.00 -417.00 0.00
115.00 -417.00 0.00
119.00 -417.00 0.00
123.00 -417.00 0.00
127.00 -417.00 0.00
131.00 -417.00 0.00
135.00 -417.00 0.00
139.00 -417.00 0.00
143.00 -417.00 0.00
147.00 -417.00 0.00
151.00 -417.00 0.00
155.00 -417.00 0.00
159.00 -417.00 0.00
-357.00 -413.00 0.00
-353.00 -413.00 0.00
-349.00 -413.00 0.00
-345.00 -413.00 0.00
-341.00 -413.00 0.00
-337.00 -413.00 0.00
-333.00 -413.00 0.00
-329.00 -413.00 0.00
-325.00 -413.00 0.00
-321.00 -413.00 0.00
-317.00 -413.00 0.00
-313.00 -413.00 0.00
-309.00 -413.00 0.00
-305.00 -413.00 0.00
-301.00 -413.00 0.12
-297.00 -413.00 0.12
-293.00 -413.00 0.16
-289.00 -413.00 0.19
-285.00 -413.00 0.21
-281.00 -413.00 0.21
-277.00 -413.00 0.19
-273.00 -413.00 0.17
-269.00 -413.00 0.20
-265.00 -413.00 0.22
-261.00 -413.00 0.21
-257.00 -413.00 0.00
-253.00 -413.00 0.00
-249.00 -413.00 0.00
-245.00 -413.00 0.00
-241.00 -413.00 0.00
-237.00 -413.00 0.00
-233.00 -413.00 0.00
-229.00 -413.00 0.00
-225.00 -413.00 0.00
-221.00 -413.00 0.00
-217.00 -413.00 0.00
-213.00 -413.00 0.00
-209.00 -413.00 0.00
-205.00 -413.00 0.00
-201.00 -413.00 0.12
-197.00 -413.00 0.16
-193.00 -413.00 0.19
-189.00 -413.00 0.21
-185.00 -413.00 0.24
-181.00 -413.00 0.32
-177.00 -413.00 0.38
-173.00 -413.00 0.45
-169.00 -413.00 0.47
-165.00 -413.00 0.50
-161.00 -413.00 0.47
-157.00 -413.00 0.40
-153.00 -413.00 0.30
-149.00 -413.00 0.21
-145.00 -413.00 0.12
-141.00 -413.00 0.00
-137.00 -413.00 0.00
-133.00 -413.00 0.00
-129.00 -413.00 0.00
-125.00 -413.00 0.00
-121.00 -413.00 0.00
-117.00 -413.00 0.00
-113.00 -413.00 0.00
-109.00 -413.00 0.00
-105.00 -413.00 0.00
-101.00 -413.00 0.00
-97.00 -413.00 0.00
-93.00 -413.00 0.00
-89.00 -413.00 0.00
-85.00 -413.00 0.00
-81.00 -413.00 0.00
-77.00 -413.00 0.00
-73.00 -413.00 0.00
-69.00 -413.00 0.00
-65.00 -413.00 0.00
-61.00 -413.00 0.00
-57.00 -413.00 0.00
-53.00 -413.00 0.00
-49.00 -413.00 0.00
-45.00 -413.00 0.00
-41.00 -413.00 0.00
-37.00 -413.00 0.00
-33.00 -413.00 0.00
-29.00 -413.00 0.00
-25.00 -413.00 0.00
-21.00 -413.00 0.00
-17.00 -413.00 0.00
-13.00 -413.00 0.00
-9.00 -413.00 0.00
-5.00 -413.00 0.00
-1.00 -413.00 0.00
3.00 -413.00 0.00
7.00 -413.00 0.00
11.00 -413.00 0.00
15.00 -413.00 0.00
19.00 -413.00 0.00
23.00 -413.00 0.00
27.00 -413.00 0.00
31.00 -413.00 0.00
35.00 -413.00 0.00
39.00 -413.00 0.00
43.00 -413.00 0.00
47.00 -413.00 0.00
51.00 -413.00 0.00
55.00 -413.00 0.00
59.00 -413.00 0.00
63.00 -413.00 0.00
67.00 -413.00 0.00
71.00 -413.00 0.00
75.00 -413.00 0.00
79.00 -413.00 0.00
83.00 -413.00 0.00
87.00 -413.00 0.00
91.00 -413.00 0.00
95.00 -413.00 0.00
99.00 -413.00 0.00
103.00 -413.00 0.00
107.00 -413.00 0.00
111.00 -413.00 0.00
115.00 -413.00 0.00
119.00 -413.00 0.00
123.00 -413.00 0.00
127.00 -413.00 0.00
131.00 -413.00 0.00
135.00 -413.00 0.00
139.00 -413.00 0.00
143.00 -413.00 0.00
147.00 -413.00 0.00
151.00 -413.00 0.00
155.00 -413.00 0.00
159.00 -413.00 0.00
-357.00 -409.00 0.00
-353.00 -409.00 0.00
-349.00 -409.00 0.00
-345.00 -409.00 0.00
-341.00 -409.00 0.00
-337.00 -409.00 0.00
-333.00 -409.00 0.00
-329.00 -409.00 0.00
-325.00 -409.00 0.00
-321.00 -409.00 0.00
-317.00 -409.00 0.00
-313.00 -409.00 0.00
-309.00 -409.00 0.12
-305.00 -409.00 0.16
-301.00 -409.00 0.19
-297.00 -409.00 0.21
-293.00 -409.00 0.24
-289.00 -409.00 0.29
-285.00 -409.00 0.30
-281.00 -409.00 0.30
-277.00 -409.00 0.29
-273.00 -409.00 0.26
-269.00 -409.00 0.28
-265.00 -409.00 0.29
-261.00 -409.00 0.27
-257.00 -409.00 0.22
-253.00 -409.00 0.00
-249.00 -409.00 0.00
-245.00 -409.00 0.00
-241.00 -409.00 0.00
-237.00 -409.00 0.00
-233.00 -409.00 0.00
-229.00 -409.00 0.00
-225.00 -409.00 0.00
-221.00 -409.00 0.00
-217.00 -409.00 0.00
-213.00 -409.00 0.00
-209.00 -409.00 0.00
-205.00 -409.00 0.00
-201.00 -409.00 0.00
-197.00 -409.00 0.00
-193.00 -409.00 0.12
-189.00 -409.00 0.12
-185.00 -409.00 0.18
-181.00 -409.00 0.24
-177.00 -409.00 0.32
-173.00 -409.00 0.40
-169.00 -409.00 0.47
-165.00 -409.00 0.50
-161.00 -409.00 0.47
-157.00 -409.00 0.40
-153.00 -409.00 0.30
-149.00 -409.00 0.21
-145.00 -409.00 0.12
-141.00 -409.00 0.12
-137.00 -409.00 0.12
-133.00 -409.00 0.00
-129.00 -409.00 0.00
-125.00 -409.00 0.00
-121.00 -409.00 0.00
-117.00 -409.00 0.00
-113.00 -409.00 0.00
-109.00 -409.00 0.00
-105.00 -409.00 0.00
-101.00 -409.00 0.00
-97.00 -409.00 0.00
-93.00 -409.00 0.00
-89.00 -409.00 0.00
-85.00 -409.00 0.00
-81.00 -409.00 0.00
-77.00 -409.00 0.00
-73.00 -409.00 0.00
-69.00 -409.00 0.00
-65.00 -409.00 0.00
-61.00 -409.00 0.00
-57.00 -409.00 0.00
-53.00 -409.00 0.00
-49.00 -409.00 0.00
-45.00 -409.00 0.00
-41.00 -409.00 0.00
-37.00 -409.00 0.00
-33.00 -409.00 0.00
-29.00 -409.00 0.00
-25.00 -409.00 0.00
-21.00 -409.00 0.00
-17.00 -409.00 0.00
-13.00 -409.00 0.00
-9.00 -409.00 0.00
-5.00 -409.00 0.00
-1.00 -409.00 0.00
3.00 -409.00 0.00
7.00 -409.00 0.00
11.00 -409.00 0.00
15.00 -409.00 0.00
19.00 -409.00 0.00
23.00 -409.00 0.00
27.00 -409.00 0.00
31.00 -409.00 0.00
35.00 -409.00 0.00
39.00 -409.00 0.00
43.00 -409.00 0.00
47.00 -409.00 0.00
51.00 -409.00 0.00
55.00 -409.00 0.00
59.00 -409.00 0.00
63.00 -409.00 0.00
67.00 -409.00 0.00
71.00 -409.00 0.00
75.00 -409.00 0.00
79.00 -409.00 0.00
83.00 -409.00 0.00
87.00 -409.00 0.00
91.00 -409.00 0.00
95.00 -409.00 0.00
99.00 -409.00 0.00
103.00 -409.00 0.00
107.00 -409.00 0.00
111.00 -409.00 0.00
115.00 -409.00 0.00
119.00 -409.00 0.00
123.00 -409.00 0.00
127.00 -409.00 0.00
131.00 -409.00 0.00
135.00 -409.00 0.00
139.00 -409.00 0.00
143.00 -409.00 0.00
147.00 -409.00 0.00
151.00 -409.00 0.00
155.00 -409.00 0.00
159.00 -409.00 0.00
-357.00 -405.00 0.00
-353.00 -405.00 0.00
-349.00 -405.00 0.00
-345.00 -405.00 0.00
-341.00 -405.00 0.00
-337.00 -405.00 0.00
-333.00 -405.00 0.00
-329.00 -405.00 0.00
-325.00 -405.00 0.00
-321.00 -405.00 0.00
-317.00 -405.00 0.00
-313.00 -405.00 0.12
-309.00 -405.00 0.18
-305.00 -405.00 0.24
-301.00 -405.00 0.29
-297.00 -405.00 0.30
-293.00 -405.00 0.32
-289.00 -405.00 0.38
-285.00 -405.00 0.40
-281.00 -405.00 0.40
-277.00 -405.00 0.38
-273.00 -405.00 0.35
-269.00 -405.00 0.34
-265.00 -405.00 0.33
-261.00 -405.00 0.30
-257.00 -405.00 0.25
-253.00 -405.00 0.00
-249.00 -405.00 0.00
-245.00 -405.00 0.00
-241.00 -405.00 0.00
-237.00 -405.00 0.00
-233.00 -405.00 0.00
-229.00 -405.00 0.00
-225.00 -405.00 0.00
-221.00 -405.00 0.00
-217.00 -405.00 0.00
-213.00 -405.00 0.00
-209.00 -405.00 0.00
-205.00 -405.00 0.00
-201.00 -405.00 0.00
-197.00 -405.00 0.00
-193.00 -405.00 0.00
-189.00 -405.00 0.00
-185.00 -405.00 0.12
-181.00 -405.00 0.21
-177.00 -405.00 0.30
-173.00 -405.00 0.40
-169.00 -405.00 0.47
-165.00 -405.00 0.50
-161.00 -405.00 0.47
-157.00 -405.00 0.40
-153.00 -405.00 0.30
-149.00 -405.00 0.21
-145.00 -405.00 0.21
-141.00 -405.00 0.21
-137.00 -405.00 0.19
-133.00 -405.00 0.16
-129.00 -405.00 0.12
-125.00 -405.00 0.00
-121.00 -405.00 0.00
-117.00 -405.00 0.00
-113.00 -405.00 0.00
-109.00 -405.00 0.00
-105.00 -405.00 0.00
-101.00 -405.00 0.00
-97.00 -405.00 0.00
-93.00 -405.00 0.00
-89.00 -405.00 0.00
-85.00 -405.00 0.00
-81.00 -405.00 0.00
-77.00 -405.00 0.00
-73.00 -405.00 0.00
-69.00 -405.00 0.00
-65.00 -405.00 0.00
-61.00 -405.00 0.00
-57.00 -405.00 0.00
-53.00 -405.00 0.00
-49.00 -405.00 0.00
-45.00 -405.00 0.00
-41.00 -405.00 0.00
-37.00 -405.00 0.00
-33.00 -405.00 0.00
-29.00 -405.00 0.00
-25.00 -405.00 0.00
-21.00 -405.00 0.00
-17.00 -405.00 0.00
-13.00 -405.00 0.00
-9.00 -405.00 0.00
-5.00 -405.00 0.00
-1.00 -405.00 0.00
3.00 -405.00 0.00
7.00 -405.00 0.00
11.00 -405.00 0.00
15.00 -405.00 0.00
19.00 -405.00 0.00
23.00 -405.00 0.00
27.00 -405.00 0.00
31.00 -405.00 0.00
35.00 -405.00 0.00
39.00 -405.00 0.00
43.00 -405.00 0.00
47.00 -405.00 0.00
51.00 -405.00 0.00
55.00 -405.00 0.00
59.00 -405.00 0.00
63.00 -405.00 0.00
67.00 -405.00 0.00
71.00 -405.00 0.00
75.00 -405.00 0.00
79.00 -405.00 0.00
83.00 -405.00 0.00
87.00 -405.00 0.00
91.00 -405.00 0.00
95.00 -405.00 0.00
99.00 -405.00 0.00
103.00 -405.00 0.00
107.00 -405.00 0.00
111.00 -405.00 0.00
115.00 -405.00 0.00
119.00 -405.00 0.00
123.00 -405.00 0.00
127.00 -405.00 0.00
131.00 -405.00 0.00
135.00 -405.00 0.00
139.00 -405.00 0.00
143.00 -405.00 0.00
147.00 -405.00 0.00
151.00 -405.00 0.00
155.00 -405.00 0.00
159.00 -405.00 0.00
-357.00 -401.00 0.00
-353.00 -401.00 0.00
-349.00 -401.00 0.00
-345.00 -401.00 0.00
-341.00 -401.00 0.00
-337.00 -401.00 0.00
-333.00 -401.00 0.00
-329.00 -401.00 0.00
-325.00 -401.00 0.00
-321.00 -401.00 0.00
-317.00 -401.00 0.12
-313.00 -401.00 0.18
-309.00 -401.00 0.24
-305.00 -401.00 0.32
-301.00 -401.00 0.38
-297.00 -401.00 0.40
-293.00 -401.00 0.40
-289.00 -401.00 0.45
-285.00 -401.00 0.47
-281.00 -401.00 0.47
-277.00 -401.00 0.45
-273.00 -401.00 0.42
-269.00 -401.00 0.39
-265.00 -401.00 0.34
-261.00 -401.00 0.30
-257.00 -401.00 0.24
-253.00 -401.00 0.00
-249.00 -401.00 0.00
-245.00 -401.00 0.00
-241.00 -401.00 0.00
-237.00 -401.00 0.00
-233.00 -401.00 0.00
-229.00 -401.00 0.00
-225.00 -401.00 0.00
-221.00 -401.00 0.00
-217.00 -401.00 0.00
-213.00 -401.00 0.00
-209.00 -401.00 0.00
-205.00 -401.00 0.00
-201.00 -401.00 0.00
-197.00 -401.00 0.00
-193.00 -401.00 0.00
-189.00 -401.00 0.00
-185.00 -401.00 0.12
-181.00 -401.00 0.21
-177.00 -401.00 0.30
-173.00 -401.00 0.40
-169.00 -401.00 0.47
-165.00 -401.00 0.50
-161.00 -401.00 0.47
-157.00 -401.00 0.40
-153.00 -401.00 0.32
-149.00 -401.00 0.29
-145.00 -401.00 0.30
-141.00 -401.00 0.30
-137.00 -401.00 0.29
-133.00 -401.00 0.24
-129.00 -401.00 0.18
-125.00 -401.00 0.12
-121.00 -401.00 0.00
-117.00 -401.00 0.00
-113.00 -401.00 0.00
-109.00 -401.00 0.00
-105.00 -401.00 0.00
-101.00 -401.00 0.00
-97.00 -401.00 0.00
-93.00 -401.00 0.00
-89.00 -401.00 0.00
-85.00 -401.00 0.00
-81.00 -401.00 0.00
-77.00 -401.00 0.00
-73.00 -401.00 0.00
-69.00 -401.00 0.00
-65.00 -401.00 0.00
-61.00 -401.00 0.00
-57.00 -401.00 0.00
-53.00 -401.00 0.00
-49.00 -401.00 0.00
-45.00 -401.00 0.00
-41.00 -401.00 0.00
-37.00 -401.00 0.00
-33.00 -401.00 0.00
-29.00 -401.00 0.00
-25.00 -401.00 0.00
-21.00 -401.00 0.00
-17.00 -401.00 0.00
-13.00 -401.00 0.00
-9.00 -401.00 0.00
-5.00 -401.00 0.00
-1.00 -401.00 0.00
3.00 -401.00 0.00
7.00 -401.00 0.00
11.00 -401.00 0.00
15.00 -401.00 0.00
19.00 -401.00 0.00
23.00 -401.00 0.00
27.00 -401.00 0.00
31.00 -401.00 0.00
35.00 -401.00 0.00
39.00 -401.00 0.00
43.00 -401.00 0.00
47.00 -401.00 0.00
51.00 -401.00 0.00
55.00 -401.00 0.00
59.00 -401.00 0.00
63.00 -401.00 0.00
67.00 -401.00 0.00
71.00 -401.00 0.00
75.00 -401.00 0.00
79.00 -401.00 0.00
83.00 -401.00 0.00
87.00 -401.00 0.00
91.00 -401.00 0.00
95.00 -401.00 0.00
99.00 -401.00 0.00
103.00 -401.00 0.00
107.00 -401.00 0.00
111.00 -401.00 0.00
115.00 -401.00 0.00
119.00 -401.00 0.00
123.00 -401.00 0.00
127.00 -401.00 0.00
131.00 -401.00 0.00
135.00 -401.00 0.00
139.00 -401.00 0.00
143.00 -401.00 0.00
147.00 -401.00 0.00
151.00 -401.00 0.00
155.00 -401.00 0.00
159.00 -401.00 0.00
-357.00 -397.00 0.00
-353.00 -397.00 0.00
-349.00 -397.00 0.00
-345.00 -397.00 0.00
-341.00 -397.00 0.00
-337.00 -397.00 0.00
-333.00 -397.00 0.00
-329.00 -397.00 0.00
-325.00 -397.00 0.00
-321.00 -397.00 0.00
-317.00 -397.00 0.16
-313.00 -397.00 0.24
-309.00 -397.00 0.32
-305.00 -397.00 0.38
-301.00 -397.00 0.45
-297.00 -397.00 0.47
-293.00 -397.00 0.47
-289.00 -397.00 0.47
-285.00 -397.00 0.50
-281.00 -397.00 0.50
-277.00 -397.00 0.48
-273.00 -397.00 0.48
-269.00 -397.00 0.42
-265.00 -397.00 0.36
-261.00 -397.00 0.29
-257.00 -397.00 0.22
-253.00 -397.00 0.00
-249.00 -397.00 0.00
-245.00 -397.00 0.00
-241.00 -397.00 0.00
-237.00 -397.00 0.00
-233.00 -397.00 0.00
-229.00 -397.00 0.00
-225.00 -397.00 0.00
-221.00 -397.00 0.00
-217.00 -397.00 0.00
-213.00 -397.00 0.00
-209.00 -397.00 0.00
-205.00 -397.00 0.00
-201.00 -397.00 0.00
-197.00 -397.00 0.00
-193.00 -397.00 0.00
-189.00 -397.00 0.00
-185.00 -397.00 0.12
-181.00 -397.00 0.21
-177.00 -397.00 0.30
-173.00 -397.00 0.40
-169.00 -397.00 0.47
-165.00 -397.00 0.50
-161.00 -397.00 0.47
-157.00 -397.00 0.45
-153.00 -397.00 0.40
-149.00 -397.00 0.38
-145.00 -397.00 0.40
-141.00 -397.00 0.40
-137.00 -397.00 0.38
-133.00 -397.00 0.32
-129.00 -397.00 0.24
-125.00 -397.00 0.16
-121.00 -397.00 0.00
-117.00 -397.00 0.00
-113.00 -397.00 0.00
-109.00 -397.00 0.00
-105.00 -397.00 0.00
-101.00 -397.00 0.00
-97.00 -397.00 0.00
-93.00 -397.00 0.00
-89.00 -397.00 0.00
-85.00 -397.00 0.00
-81.00 -397.00 0.00
-77.00 -397.00 0.00
-73.00 -397.00 0.00
-69.00 -397.00 0.00
-65.00 -397.00 0.00
-61.00 -397.00 0.00
-57.00 -397.00 0.00
-53.00 -397.00 0.00
-49.00 -397.00 0.00
-45.00 -397.00 0.00
-41.00 -397.00 0.00
-37.00 -397.00 0.00
-33.00 -397.00 0.00
-29.00 -397.00 0.00
-25.00 -397.00 0.00
-21.00 -397.00 0.00
-17.00 -397.00 0.00
-13.00 -397.00 0.00
-9.00 -397.00 0.00
-5.00 -397.00 0.00
-1.00 -397.00 0.00
3.00 -397.00 0.00
7.00 -397.00 0.00
11.00 -397.00 0.00
15.00 -397.00 0.00
19.00 -397.00 0.00
23.00 -397.00 0.00
27.00 -397.00 0.00
31.00 -397.00 0.00
35.00 -397.00 0.00
39.00 -397.00 0.00
43.00 -397.00 0.00
47.00 -397.00 0.00
51.00 -397.00 0.00
55.00 -397.00 0.00
59.00 -397.00 0.00
63.00 -397.00 0.00
67.00 -397.00 0.00
71.00 -397.00 0.00
75.00 -397.00 0.00
79.00 -397.00 0.00
83.00 -397.00 0.00
87.00 -397.00 0.00
91.00 -397.00 0.00
95.00 -397.00 0.00
99.00 -397.00 0.00
103.00 -397.00 0.00
107.00 -397.00 0.00
111.00 -397.00 0.00
115.00 -397.00 0.00
119.00 -397.00 0.00
123.00 -397.00 0.00
127.00 -397.00 0.00
131.00 -397.00 0.00
135.00 -397.00 0.00
139.00 -397.00 0.00
143.00 -397.00 0.00
147.00 -397.00 0.00
151.00 -397.00 0.00
155.00 -397.00 0.00
159.00 -397.00 0.00
-357.00 -393.00 0.00
-353.00 -393.00 0.00
-349.00 -393.00 0.00
-345.00 -393.00 0.00
-341.00 -393.00 0.00
-337.00 -393.00 0.00
-333.00 -393.00 0.00
-329.00 -393.00 0.00
-325.00 -393.00 0.00
-321.00 -393.00 0.12
-317.00 -393.00 0.19
-313.00 -393.00 0.29
-309.00 -393.00 0.38
-305.00 -393.00 0.45
-301.00 -393.00 0.47
-297.00 -393.00 0.50
-293.00 -393.00 0.50
-289.00 -393.00 0.50
-285.00 -393.00 0.47
-281.00 -393.00 0.47
-277.00 -393.00 0.48
-273.00 -393.00 0.49
-269.00 -393.00 0.46
-265.00 -393.00 0.40
-261.00 -393.00 0.32
-257.00 -393.00 0.23
-253.00 -393.00 0.00
-249.00 -393.00 0.00
-245.00 -393.00 0.00
-241.00 -393.00 0.00
-237.00 -393.00 0.00
-233.00 -393.00 0.00
-229.00 -393.00 0.00
-225.00 -393.00 0.00
-221.00 -393.00 0.00
-217.00 -393.00 0.00
-213.00 -393.00 0.00
-209.00 -393.00 0.00
-205.00 -393.00 0.00
-201.00 -393.00 0.00
-197.00 -393.00 0.00
-193.00 -393.00 0.00
-189.00 -393.00 0.00
-185.00 -393.00 0.12
-181.00 -393.00 0.19
-177.00 -393.00 0.29
-173.00 -393.00 0.38
-169.00 -393.00 0.45
-165.00 -393.00 0.47
-161.00 -393.00 0.50
-157.00 -393.00 0.47
-153.00 -393.00 0.47
-149.00 -393.00 0.45
-145.00 -393.00 0.47
-141.00 -393.00 0.47
-137.00 -393.00 0.45
-133.00 -393.00 0.38
-129.00 -393.00 0.29
-125.00 -393.00 0.19
-121.00 -393.00 0.12
-117.00 -393.00 0.00
-113.00 -393.00 0.00
-109.00 -393.00 0.00
-105.00 -393.00 0.00
-101.00 -393.00 0.00
-97.00 -393.00 0.00
-93.00 -393.00 0.00
-89.00 -393.00 0.00
-85.00 -393.00 0.00
-81.00 -393.00 0.00
-77.00 -393.00 0.00
-73.00 -393.00 0.00
-69.00 -393.00 0.00
-65.00 -393.00 0.00
-61.00 -393.00 0.00
-57.00 -393.00 0.00
-53.00 -393.00 0.00
-49.00 -393.00 0.00
-45.00 -393.00 0.00
-41.00 -393.00 0.00
-37.00 -393.00 0.00
-33.00 -393.00 0.00
-29.00 -393.00 0.00
-25.00 -393.00 0.00
-21.00 -393.00 0.00
-17.00 -393.00 0.00
-13.00 -393.00 0.00
-9.00 -393.00 0.00
-5.00 -393.00 0.00
-1.00 -393.00 0.00
3.00 -393.00 0.00
7.00 -393.00 0.00
11.00 -393.00 0.00
15.00 -393.00 0.00
19.00 -393.00 0.00
23.00 -393.00 0.00
27.00 -393.00 0.00
31.00 -393.00 0.00
35.00 -393.00 0.00
39.00 -393.00 0.00
43.00 -393.00 0.00
47.00 -393.00 0.00
51.00 -393.00 0.00
55.00 -393.00 0.00
59.00 -393.00 0.00
63.00 -393.00 0.00
67.00 -393.00 0.00
71.00 -393.00 0.00
75.00 -393.00 0.00
79.00 -393.00 0.00
83.00 -393.00 0.00
87.00 -393.00 0.00
91.00 -393.00 0.00
95.00 -393.00 0.00
99.00 -393.00 0.00
103.00 -393.00 0.00
107.00 -393.00 0.00
111.00 -393.00 0.00
115.00 -393.00 0.00
119.00 -393.00 0.00
123.00 -393.00 0.00
127.00 -393.00 0.00
131.00 -393.00 0.00
135.00 -393.00 0.00
139.00 -393.00 0.00
143.00 -393.00 0.00
147.00 -393.00 0.00
151.00 -393.00 0.00
155.00 -393.00 0.00
159.00 -393.00 0.00
-357.00 -389.00 0.00
-353.00 -389.00 0.00
-349.00 -389.00 0.00
-345.00 -389.00 0.00
-341.00 -389.00 0.00
-337.00 -389.00 0.00
-333.00 -389.00 0.00
-329.00 -389.00 0.12
-325.00 -389.00 0.16
-321.00 -389.00 0.19
-317.00 -389.00 0.24
-313.00 -389.00 0.32
-309.00 -389.00 0.40
-305.00 -389.00 0.47
-301.00 -389.00 0.50
-297.00 -389.00 0.50
-293.00 -389.00 0.47
-289.00 -389.00 0.47
-285.00 -389.00 0.45
-281.00 -389.00 0.40
-277.00 -389.00 0.43
-273.00 -389.00 0.48
-269.00 -389.00 0.50
-265.00 -389.00 0.46
-261.00 -389.00 0.39
-257.00 -389.00 0.29
-253.00 -389.00 0.00
-249.00 -389.00 0.00
-245.00 -389.00 0.00
-241.00 -389.00 0.00
-237.00 -389.00 0.00
-233.00 -389.00 0.00
-229.00 -389.00 0.00
-225.00 -389.00 0.00
-221.00 -389.00 0.00
-217.00 -389.00 0.00
-213.00 -389.00 0.12
-209.00 -389.00 0.12
-205.00 -389.00 0.12
-201.00 -389.00 0.12
-197.00 -389.00 0.00
-193.00 -389.00 0.00
-189.00 -389.00 0.12
-185.00 -389.00 0.16
-181.00 -389.00 0.19
-177.00 -389.00 0.24
-173.00 -389.00 0.32
-169.00 -389.00 0.40
-165.00 -389.00 0.47
-161.00 -389.00 0.50
-157.00 -389.00 0.50
-153.00 -389.00 0.50
-149.00 -389.00 0.47
-145.00 -389.00 0.50
-141.00 -389.00 0.50
-137.00 -389.00 0.47
-133.00 -389.00 0.40
-129.00 -389.00 0.30
-125.00 -389.00 0.21
-121.00 -389.00 0.12
-117.00 -389.00 0.00
-113.00 -389.00 0.00
-109.00 -389.00 0.00
-105.00 -389.00 0.00
-101.00 -389.00 0.00
-97.00 -389.00 0.00
-93.00 -389.00 0.00
-89.00 -389.00 0.00
-85.00 -389.00 0.00
-81.00 -389.00 0.00
-77.00 -389.00 0.00
-73.00 -389.00 0.00
-69.00 -389.00 0.00
-65.00 -389.00 0.00
-61.00 -389.00 0.00
-57.00 -389.00 0.00
-53.00 -389.00 0.00
-49.00 -389.00 0.00
-45.00 -389.00 0.00
-41.00 -389.00 0.00
-37.00 -389.00 0.00
-33.00 -389.00 0.00
-29.00 -389.00 0.00
-25.00 -389.00 0.00
-21.00 -389.00 0.00
-17.00 -389.00 0.00
-13.00 -389.00 0.00
-9.00 -389.00 0.00
-5.00 -389.00 0.00
-1.00 -389.00 0.00
3.00 -389.00 0.00
7.00 -389.00 0.00
11.00 -389.00 0.00
15.00 -389.00 0.00
19.00 -389.00 0.00
23.00 -389.00 0.00
27.00 -389.00 0.00
31.00 -389.00 0.00
35.00 -389.00 0.00
39.00 -389.00 0.00
43.00 -389.00 0.00
47.00 -389.00 0.00
51.00 -389.00 0.00
55.00 -389.00 0.00
59.00 -389.00 0.00
63.00 -389.00 0.00
67.00 -389.00 0.00
71.00 -389.00 0.00
75.00 -389.00 0.00
79.00 -389.00 0.00
83.00 -389.00 0.00
87.00 -389.00 0.00
91.00 -389.00 0.00
95.00 -389.00 0.00
99.00 -389.00 0.00
103.00 -389.00 0.00
107.00 -389.00 0.00
111.00 -389.00 0.00
115.00 -389.00 0.00
119.00 -389.00 0.00
123.00 -389.00 0.00
127.00 -389.00 0.00
131.00 -389.00 0.00
135.00 -389.00 0.00
139.00 -389.00 0.00
143.00 -389.00 0.00
147.00 -389.00 0.00
151.00 -389.00 0.00
155.00 -389.00 0.00
159.00 -389.00 0.00
-357.00 -385.00 0.00
-353.00 -385.00 0.00
-349.00 -385.00 0.00
-345.00 -385.00 0.00
-341.00 -385.00 0.00
-337.00 -385.00 0.12
-333.00 -385.00 0.16
-329.00 -385.00 0.19
-325.00 -385.00 0.24
-321.00 -385.00 0.29
-317.00 -385.00 0.32
-313.00 -385.00 0.38
-309.00 -385.00 0.45
-305.00 -385.00 0.47
-301.00 -385.00 0.50
-297.00 -385.00 0.47
-293.00 -385.00 0.45
-289.00 -385.00 0.40
-285.00 -385.00 0.38
-281.00 -385.00 0.32
-277.00 -385.00 0.38
-273.00 -385.00 0.47
-269.00 -385.00 0.53
-265.00 -385.00 0.55
-261.00 -385.00 0.50
-257.00 -385.00 0.40
-253.00 -385.00 0.29
-249.00 -385.00 0.00
-245.00 -385.00 0.00
-241.00 -385.00 0.00
-237.00 -385.00 0.00
-233.00 -385.00 0.00
-229.00 -385.00 0.00
-225.00 -385.00 0.00
-221.00 -385.00 0.12
-217.00 -385.00 0.16
-213.00 -385.00 0.19
-209.00 -385.00 0.21
-205.00 -385.00 0.21
-201.00 -385.00 0.19
-197.00 -385.00 0.16
-193.00 -385.00 0.12
-189.00 -385.00 0.18
-185.00 -385.00 0.24
-181.00 -385.00 0.29
-177.00 -385.00 0.30
-173.00 -385.00 0.32
-169.00 -385.00 0.40
-165.00 -385.00 0.47
-161.00 -385.00 0.50
-157.00 -385.00 0.47
-153.00 -385.00 0.47
-149.00 -385.00 0.47
-145.00 -385.00 0.50
-141.00 -385.00 0.47
-137.00 -385.00 0.45
-133.00 -385.00 0.38
-129.00 -385.00 0.29
-125.00 -385.00 0.19
-121.00 -385.00 0.12
-117.00 -385.00 0.00
-113.00 -385.00 0.12
-109.00 -385.00 0.12
-105.00 -385.00 0.12
-101.00 -385.00 0.12
-97.00 -385.00 0.00
-93.00 -385.00 0.00
-89.00 -385.00 0.00
-85.00 -385.00 0.00
-81.00 -385.00 0.00
-77.00 -385.00 0.00
-73.00 -385.00 0.00
-69.00 -385.00 0.00
-65.00 -385.00 0.00
-61.00 -385.00 0.00
-57.00 -385.00 0.00
-53.00 -385.00 0.00
-49.00 -385.00 0.00
-45.00 -385.00 0.00
-41.00 -385.00 0.00
-37.00 -385.00 0.00
-33.00 -385.00 0.00
-29.00 -385.00 0.00
-25.00 -385.00 0.00
-21.00 -385.00 0.00
-17.00 -385.00 0.00
-13.00 -385.00 0.00
-9.00 -385.00 0.00
-5.00 -385.00 0.00
-1.00 -385.00 0.00
3.00 -385.00 0.00
7.00 -385.00 0.00
11.00 -385.00 0.00
15.00 -385.00 0.00
19.00 -385.00 0.00
23.00 -385.00 0.00
27.00 -385.00 0.00
31.00 -385.00 0.00
35.00 -385.00 0.00
39.00 -385.00 0.00
43.00 -385.00 0.00
47.00 -385.00 0.00
51.00 -385.00 0.00
55.00 -385.00 0.00
59.00 -385.00 0.00
63.00 -385.00 0.00
67.00 -385.00 0.00
71.00 -385.00 0.00
75.00 -385.00 0.00
79.00 -385.00 0.00
83.00 -385.00 0.00
87.00 -385.00 0.00
91.00 -385.00 0.00
95.00 -385.00 0.00
99.00 -385.00 0.00
103.00 -385.00 0.00
107.00 -385.00 0.00
111.00 -385.00 0.00
115.00 -385.00 0.00
119.00 -385.00 0.00
123.00 -385.00 0.00
127.00 -385.00 0.00
131.00 -385.00 0.00
135.00 -385.00 0.00
139.00 -385.00 0.00
143.00 -385.00 0.00
147.00 -385.00 0.00
151.00 -385.00 0.00
155.00 -385.00 0.00
159.00 -385.00 0.00
-357.00 -381.00 0.00
-353.00 -381.00 0.00
-349.00 -381.00 0.00
-345.00 -381.00 0.12
-341.00 -381.00 0.16
-337.00 -381.00 0.19
-333.00 -381.00 0.24
-329.00 -381.00 0.29
-325.00 -381.00 0.32
-321.00 -381.00 0.38
-317.00 -381.00 0.40
-313.00 -381.00 0.45
-309.00 -381.00 0.47
-305.00 -381.00 0.50
-301.00 -381.00 0.47
-297.00 -381.00 0.45
-293.00 -381.00 0.38
-289.00 -381.00 0.32
-285.00 -381.00 0.29
-281.00 -381.00 0.26
-277.00 -381.00 0.35
-273.00 -381.00 0.46
-269.00 -381.00 0.56
-265.00 -381.00 0.62
-261.00 -381.00 0.62
-257.00 -381.00 0.55
-253.00 -381.00 0.43
-249.00 -381.00 0.30
-245.00 -381.00 0.00
-241.00 -381.00 0.00
-237.00 -381.00 0.00
-233.00 -381.00 0.00
-229.00 -381.00 0.00
-225.00 -381.00 0.12
-221.00 -381.00 0.18
-217.00 -381.00 0.24
-213.00 -381.00 0.29
-209.00 -381.00 0.30
-205.00 -381.00 0.30
-201.00 -381.00 0.29
-197.00 -381.00 0.24
-193.00 -381.00 0.18
-189.00 -381.00 0.24
-185.00 -381.00 0.32
-181.00 -381.00 0.38
-177.00 -381.00 0.40
-173.00 -381.00 0.40
-169.00 -381.00 0.45
-165.00 -381.00 0.47
-161.00 -381.00 0.50
-157.00 -381.00 0.50
-153.00 -381.00 0.50
-149.00 -381.00 0.50
-145.00 -381.00 0.50
-141.00 -381.00 0.47
-137.00 -381.00 0.40
-133.00 -381.00 0.32
-129.00 -381.00 0.24
-125.00 -381.00 0.16
-121.00 -381.00 0.12
-117.00 -381.00 0.16
-113.00 -381.00 0.19
-109.00 -381.00 0.21
-105.00 -381.00 0.21
-101.00 -381.00 0.19
-97.00 -381.00 0.16
-93.00 -381.00 0.12
-89.00 -381.00 0.00
-85.00 -381.00 0.00
-81.00 -381.00 0.00
-77.00 -381.00 0.00
-73.00 -381.00 0.00
-69.00 -381.00 0.00
-65.00 -381.00 0.00
-61.00 -381.00 0.00
-57.00 -381.00 0.00
-53.00 -381.00 0.00
-49.00 -381.00 0.00
-45.00 -381.00 0.00
-41.00 -381.00 0.00
-37.00 -381.00 0.00
-33.00 -381.00 0.00
-29.00 -381.00 0.00
-25.00 -381.00 0.00
-21.00 -381.00 0.00
-17.00 -381.00 0.00
-13.00 -381.00 0.00
-9.00 -381.00 0.00
-5.00 -381.00 0.00
-1.00 -381.00 0.00
3.00 -381.00 0.00
7.00 -381.00 0.00
11.00 -381.00 0.00
15.00 -381.00 0.00
19.00 -381.00 0.00
23.00 -381.00 0.00
27.00 -381.00 0.00
31.00 -381.00 0.00
35.00 -381.00 0.00
39.00 -381.00 0.00
43.00 -381.00 0.00
47.00 -381.00 0.00
51.00 -381.00 0.00
55.00 -381.00 0.00
59.00 -381.00 0.00
63.00 -381.00 0.00
67.00 -381.00 0.00
71.00 -381.00 0.00
75.00 -381.00 0.00
79.00 -381.00 0.00
83.00 -381.00 0.00
87.00 -381.00 0.00
91.00 -381.00 0.00
95.00 -381.00 0.00
99.00 -381.00 0.00
103.00 -381.00 0.00
107.00 -381.00 0.00
111.00 -381.00 0.00
115.00 -381.00 0.00
119.00 -381.00 0.00
123.00 -381.00 0.00
127.00 -381.00 0.00
131.00 -381.00 0.00
135.00 -381.00 0.00
139.00 -381.00 0.00
143.00 -381.00 0.00
147.00 -381.00 0.00
151.00 -381.00 0.00
155.00 -381.00 0.00
159.00 -381.00 0.00
-357.00 -377.00 0.00
-353.00 -377.00 0.00
-349.00 -377.00 0.12
-345.00 -377.00 0.18
-341.00 -377.00 0.24
-337.00 -377.00 0.29
-333.00 -377.00 0.32
-329.00 -377.00 0.38
-325.00 -377.00 0.40
-321.00 -377.00 0.45
-317.00 -377.00 0.47
-313.00 -377.00 0.47
-309.00 -377.00 0.50
-305.00 -377.00 0.50
-301.00 -377.00 0.47
-297.00 -377.00 0.40
-293.00 -377.00 0.32
-289.00 -377.00 0.24
-285.00 -377.00 0.22
-281.00 -377.00 0.28
-277.00 -377.00 0.36
-273.00 -377.00 0.45
-269.00 -377.00 0.57
-265.00 -377.00 0.68
-261.00 -377.00 0.73
-257.00 -377.00 0.70
-253.00 -377.00 0.59
-249.00 -377.00 0.43
-245.00 -377.00 0.28
-241.00 -377.00 0.00
-237.00 -377.00 0.00
-233.00 -377.00 0.00
-229.00 -377.00 0.00
-225.00 -377.00 0.16
-221.00 -377.00 0.24
-217.00 -377.00 0.32
-213.00 -377.00 0.38
-209.00 -377.00 0.40
-205.00 -377.00 0.40
-201.00 -377.00 0.38
-197.00 -377.00 0.32
-193.00 -377.00 0.24
-189.00 -377.00 0.29
-185.00 -377.00 0.38
-181.00 -377.00 0.45
-177.00 -377.00 0.47
-173.00 -377.00 0.47
-169.00 -377.00 0.47
-165.00 -377.00 0.50
-161.00 -377.00 0.47
-157.00 -377.00 0.47
-153.00 -377.00 0.47
-149.00 -377.00 0.47
-145.00 -377.00 0.47
-141.00 -377.00 0.45
-137.00 -377.00 0.38
-133.00 -377.00 0.29
-129.00 -377.00 0.19
-125.00 -377.00 0.12
-121.00 -377.00 0.18
-117.00 -377.00 0.24
-113.00 -377.00 0.29
-109.00 -377.00 0.30
-105.00 -377.00 0.30
-101.00 -377.00 0.29
-97.00 -377.00 0.24
-93.00 -377.00 0.18
-89.00 -377.00 0.12
-85.00 -377.00 0.00
-81.00 -377.00 0.00
-77.00 -377.00 0.00
-73.00 -377.00 0.00
-69.00 -377.00 0.00
-65.00 -377.00 0.00
-61.00 -377.00 0.00
-57.00 -377.00 0.00
-53.00 -377.00 0.00
-49.00 -377.00 0.00
-45.00 -377.00 0.00
-41.00 -377.00 0.00
-37.00 -377.00 0.00
-33.00 -377.00 0.00
-29.00 -377.00 0.00
-25.00 -377.00 0.00
-21.00 -377.00 0.00
-17.00 -377.00 0.00
-13.00 -377.00 0.00
-9.00 -377.00 0.00
-5.00 -377.00 0.00
-1.00 -377.00 0.00
3.00 -377.00 0.00
7.00 -377.00 0.00
11.00 -377.00 0.00
15.00 -377.00 0.00
19.00 -377.00 0.00
23.00 -377.00 0.00
27.00 -377.00 0.00
31.00 -377.00 0.00
35.00 -377.00 0.00
39.00 -377.00 0.00
43.00 -377.00 0.00
47.00 -377.00 0.00
51.00 -377.00 0.00
55.00 -377.00 0.00
59.00 -377.00 0.00
63.00 -377.00 0.00
67.00 -377.00 0.00
71.00 -377.00 0.00
75.00 -377.00 0.00
79.00 -377.00 0.00
83.00 -377.00 0.00
87.00 -377.00 0.00
91.00 -377.00 0.00
95.00 -377.00 0.00
99.00 -377.00 0.00
103.00 -377.00 0.00
107.00 -377.00 0.00
111.00 -377.00 0.00
115.00 -377.00 0.00
119.00 -377.00 0.00
123.00 -377.00 0.00
127.00 -377.00 0.00
131.00 -377.00 0.00
135.00 -377.00 0.00
139.00 -377.00 0.00
143.00 -377.00 0.00
147.00 -377.00 0.00
151.00 -377.00 0.00
155.00 -377.00 0.00
159.00 -377.00 0.00
-357.00 -373.00 0.00
-353.00 -373.00 0.12
-349.00 -373.00 0.18
-345.00 -373.00 0.24
-341.00 -373.00 0.32
-337.00 -373.00 0.38
-333.00 -373.00 0.40
-329.00 -373.00 0.45
-325.00 -373.00 0.47
-321.00 -373.00 0.47
-317.00 -373.00 0.50
-313.00 -373.00 0.50
-309.00 -373.00 0.47
-305.00 -373.00 0.47
-301.00 -373.00 0.45
-297.00 -373.00 0.38
-293.00 -373.00 0.29
-289.00 -373.00 0.20
-285.00 -373.00 0.26
-281.00 -373.00 0.31
-277.00 -373.00 0.36
-273.00 -373.00 0.43
-269.00 -373.00 0.55
-265.00 -373.00 0.69
-261.00 -373.00 0.78
-257.00 -373.00 0.79
-253.00 -373.00 0.70
-249.00 -373.00 0.54
-245.00 -373.00 0.36
-241.00 -373.00 0.21
-237.00 -373.00 0.00
-233.00 -373.00 0.00
-229.00 -373.00 0.12
-225.00 -373.00 0.19
-221.00 -373.00 0.29
-217.00 -373.00 0.38
-213.00 -373.00 0.45
-209.00 -373.00 0.47
-205.00 -373.00 0.47
-201.00 -373.00 0.45
-197.00 -373.00 0.38
-193.00 -373.00 0.32
-189.00 -373.00 0.30
-185.00 -373.00 0.40
-181.00 -373.00 0.47
-177.00 -373.00 0.50
-173.00 -373.00 0.50
-169.00 -373.00 0.50
-165.00 -373.00 0.50
-161.00 -373.00 0.47
-157.00 -373.00 0.50
-153.00 -373.00 0.47
-149.00 -373.00 0.40
-145.00 -373.00 0.40
-141.00 -373.00 0.38
-137.00 -373.00 0.32
-133.00 -373.00 0.24
-129.00 -373.00 0.16
-125.00 -373.00 0.16
-121.00 -373.00 0.24
-117.00 -373.00 0.32
-113.00 -373.00 0.38
-109.00 -373.00 0.40
-105.00 -373.00 0.40
-101.00 -373.00 0.38
-97.00 -373.00 0.32
-93.00 -373.00 0.24
-89.00 -373.00 0.18
-85.00 -373.00 0.12
-81.00 -373.00 0.00
-77.00 -373.00 0.00
-73.00 -373.00 0.00
-69.00 -373.00 0.00
-65.00 -373.00 0.00
-61.00 -373.00 0.00
-57.00 -373.00 0.00
-53.00 -373.00 0.00
-49.00 -373.00 0.00
-45.00 -373.00 0.00
-41.00 -373.00 0.00
-37.00 -373.00 0.00
-33.00 -373.00 0.00
-29.00 -373.00 0.00
-25.00 -373.00 0.00
-21.00 -373.00 0.00
-17.00 -373.00 0.00
-13.00 -373.00 0.00
-9.00 -373.00 0.00
-5.00 -373.00 0.00
-1.00 -373.00 0.00
3.00 -373.00 0.00
7.00 -373.00 0.00
11.00 -373.00 0.00
15.00 -373.00 0.00
19.00 -373.00 0.00
23.00 -373.00 0.00
27.00 -373.00 0.00
31.00 -373.00 0.00
35.00 -373.00 0.00
39.00 -373.00 0.00
43.00 -373.00 0.00
47.00 -373.00 0.00
51.00 -373.00 0.00
55.00 -373.00 0.00
59.00 -373.00 0.00
63.00 -373.00 0.00
67.00 -373.00 0.00
71.00 -373.00 0.00
75.00 -373.00 0.00
79.00 -373.00 0.00
83.00 -373.00 0.00
87.00 -373.00 0.00
91.00 -373.00 0.00
95.00 -373.00 0.00
99.00 -373.00 0.00
103.00 -373.00 0.00
107.00 -373.00 0.00
111.00 -373.00 0.00
115.00 -373.00 0.00
119.00 -373.00 0.00
123.00 -373.00 0.00
127.00 -373.00 0.00
131.00 -373.00 0.00
135.00 -373.00 0.00
139.00 -373.00 0.00
143.00 -373.00 0.00
147.00 -373.00 0.00
151.00 -373.00 0.00
155.00 -373.00 0.00
159.00 -373.00 0.00
-357.00 -369.00 0.00
-353.00 -369.00 0.16
-349.00 -369.00 0.24
-345.00 -369.00 0.32
-341.00 -369.00 0.38
-337.00 -369.00 0.45
-333.00 -369.00 0.47
-329.00 -369.00 0.47
-325.00 -369.00 0.50
-321.00 -369.00 0.50
-317.00 -369.00 0.47
-313.00 -369.00 0.47
-309.00 -369.00 0.45
-305.00 -369.00 0.40
-301.00 -369.00 0.38
-297.00 -369.00 0.32
-293.00 -369.00 0.24
-289.00 -369.00 0.22
-285.00 -369.00 0.28
-281.00 -369.00 0.31
-277.00 -369.00 0.33
-273.00 -369.00 0.38
-269.00 -369.00 0.49
-265.00 -369.00 0.63
-261.00 -369.00 0.75
-257.00 -369.00 0.79
-253.00 -369.00 0.72
-249.00 -369.00 0.57
-245.00 -369.00 0.40
-241.00 -369.00 0.26
-237.00 -369.00 0.00
-233.00 -369.00 0.12
-229.00 -369.00 0.18
-225.00 -369.00 0.24
-221.00 -369.00 0.32
-217.00 -369.00 0.40
-213.00 -369.00 0.47
-209.00 -369.00 0.50
-205.00 -369.00 0.50
-201.00 -369.00 0.47
-197.00 -369.00 0.45
-193.00 -369.00 0.38
-189.00 -369.00 0.32
-185.00 -369.00 0.38
-181.00 -369.00 0.45
-177.00 -369.00 0.47
-173.00 -369.00 0.47
-169.00 -369.00 0.47
-165.00 -369.00 0.50
-161.00 -369.00 0.47
-157.00 -369.00 0.50
-153.00 -369.00 0.47
-149.00 -369.00 0.45
-145.00 -369.00 0.38
-141.00 -369.00 0.32
-137.00 -369.00 0.24
-133.00 -369.00 0.18
-129.00 -369.00 0.12
-125.00 -369.00 0.19
-121.00 -369.00 0.29
-117.00 -369.00 0.38
-113.00 -369.00 0.45
-109.00 -369.00 0.47
-105.00 -369.00 0.47
-101.00 -369.00 0.45
-97.00 -369.00 0.38
-93.00 -369.00 0.32
-89.00 -369.00 0.24
-85.00 -369.00 0.16
-81.00 -369.00 0.00
-77.00 -369.00 0.00
-73.00 -369.00 0.00
-69.00 -369.00 0.00
-65.00 -369.00 0.00
-61.00 -369.00 0.00
-57.00 -369.00 0.00
-53.00 -369.00 0.00
-49.00 -369.00 0.00
-45.00 -369.00 0.00
-41.00 -369.00 0.00
-37.00 -369.00 0.00
-33.00 -369.00 0.00
-29.00 -369.00 0.00
-25.00 -369.00 0.00
-21.00 -369.00 0.00
-17.00 -369.00 0.00
-13.00 -369.00 0.00
-9.00 -369.00 0.00
-5.00 -369.00 0.00
-1.00 -369.00 0.00
3.00 -369.00 0.00
7.00 -369.00 0.00
11.00 -369.00 0.00
15.00 -369.00 0.00
19.00 -369.00 0.00
23.00 -369.00 0.00
27.00 -369.00 0.00
31.00 -369.00 0.00
35.00 -369.00 0.00
39.00 -369.00 0.00
43.00 -369.00 0.00
47.00 -369.00 0.00
51.00 -369.00 0.00
55.00 -369.00 0.00
59.00 -369.00 0.00
63.00 -369.00 0.00
67.00 -369.00 0.00
71.00 -369.00 0.00
75.00 -369.00 0.00
79.00 -369.00 0.00
83.00 -369.00 0.00
87.00 -369.00 0.00
91.00 -369.00 0.00
95.00 -369.00 0.00
99.00 -369.00 0.00
103.00 -369.00 0.00
107.00 -369.00 0.00
111.00 -369.00 0.00
115.00 -369.00 0.00
119.00 -369.00 0.00
123.00 -369.00 0.00
127.00 -369.00 0.00
131.00 -369.00 0.00
135.00 -369.00 0.00
139.00 -369.00 0.00
143.00 -369.00 0.00
147.00 -369.00 0.00
151.00 -369.00 0.00
155.00 -369.00 0.00
159.00 -369.00 0.00
-357.00 -365.00 0.12
-353.00 -365.00 0.19
-349.00 -365.00 0.29
-345.00 -365.00 0.38
-341.00 -365.00 0.45
-337.00 -365.00 0.47
-333.00 -365.00 0.50
-329.00 -365.00 0.50
-325.00 -365.00 0.47
-321.00 -365.00 0.47
-317.00 -365.00 0.45
-313.00 -365.00 0.40
-309.00 -365.00 0.38
-305.00 -365.00 0.32
-301.00 -365.00 0.29
-297.00 -365.00 0.24
-293.00 -365.00 0.18
-289.00 -365.00 0.21
-285.00 -365.00 0.25
-281.00 -365.00 0.27
-277.00 -365.00 0.27
-273.00 -365.00 0.30
-269.00 -365.00 0.39
-265.00 -365.00 0.51
-261.00 -365.00 0.63
-257.00 -365.00 0.69
-253.00 -365.00 0.65
-249.00 -365.00 0.55
-245.00 -365.00 0.41
-241.00 -365.00 0.29
-237.00 -365.00 0.00
-233.00 -365.00 0.16
-229.00 -365.00 0.24
-225.00 -365.00 0.32
-221.00 -365.00 0.38
-217.00 -365.00 0.45
-213.00 -365.00 0.47
-209.00 -365.00 0.50
-205.00 -365.00 0.50
-201.00 -365.00 0.50
-197.00 -365.00 0.47
-193.00 -365.00 0.45
-189.00 -365.00 0.40
-185.00 -365.00 0.40
-181.00 -365.00 0.40
-177.00 -365.00 0.40
-173.00 -365.00 0.45
-169.00 -365.00 0.47
-165.00 -365.00 0.50
-161.00 -365.00 0.50
-157.00 -365.00 0.47
-153.00 -365.00 0.50
-149.00 -365.00 0.47
-145.00 -365.00 0.45
-141.00 -365.00 0.38
-137.00 -365.00 0.29
-133.00 -365.00 0.19
-129.00 -365.00 0.12
-125.00 -365.00 0.21
-121.00 -365.00 0.30
-117.00 -365.00 0.40
-113.00 -365.00 0.47
-109.00 -365.00 0.50
-105.00 -365.00 0.50
-101.00 -365.00 0.47
-97.00 -365.00 0.45
-93.00 -365.00 0.38
-89.00 -365.00 0.29
-85.00 -365.00 0.19
-81.00 -365.00 0.12
-77.00 -365.00 0.00
-73.00 -365.00 0.00
-69.00 -365.00 0.00
-65.00 -365.00 0.00
-61.00 -365.00 0.00
-57.00 -365.00 0.00
-53.00 -365.00 0.00
-49.00 -365.00 0.00
-45.00 -365.00 0.00
-41.00 -365.00 0.00
-37.00 -365.00 0.00
-33.00 -365.00 0.00
-29.00 -365.00 0.00
-25.00 -365.00 0.00
-21.00 -365.00 0.00
-17.00 -365.00 0.00
-13.00 -365.00 0.00
-9.00 -365.00 0.00
-5.00 -365.00 0.00
-1.00 -365.00 0.00
3.00 -365.00 0.00
7.00 -365.00 0.00
11.00 -365.00 0.00
15.00 -365.00 0.00
19.00 -365.00 0.00
23.00 -365.00 0.00
27.00 -365.00 0.00
31.00 -365.00 0.00
35.00 -365.00 0.00
39.00 -365.00 0.00
43.00 -365.00 0.00
47.00 -365.00 0.00
51.00 -365.00 0.00
55.00 -365.00 0.00
59.00 -365.00 0.00
63.00 -365.00 0.00
67.00 -365.00 0.00
71.00 -365.00 0.00
75.00 -365.00 0.00
79.00 -365.00 0.00
83.00 -365.00 0.00
87.00 -365.00 0.00
91.00 -365.00 0.00
95.00 -365.00 0.00
99.00 -365.00 0.00
103.00 -365.00 0.00
107.00 -365.00 0.00
111.00 -365.00 0.00
115.00 -365.00 0.00
119.00 -365.00 0.00
123.00 -365.00 0.00
127.00 -365.00 0.00
131.00 -365.00 0.00
135.00 -365.00 0.00
139.00 -365.00 0.00
143.00 -365.00 0.00
147.00 -365.00 0.00
151.00 -365.00 0.00
155.00 -365.00 0.00
159.00 -365.00 0.00
-357.00 -361.00 0.12
-353.00 -361.00 0.21
-349.00 -361.00 0.30
-345.00 -361.00 0.40
-341.00 -361.00 0.47
-337.00 -361.00 0.50
-333.00 -361.00 0.47
-329.00 -361.00 0.47
-325.00 -361.00 0.45
-321.00 -361.00 0.40
-317.00 -361.00 0.38
-313.00 -361.00 0.32
-309.00 -361.00 0.29
-305.00 -361.00 0.24
-301.00 -361.00 0.19
-297.00 -361.00 0.16
-293.00 -361.00 0.13
-289.00 -361.00 0.18
-285.00 -361.00 0.21
-281.00 -361.00 0.21
-277.00 -361.00 0.24
-273.00 -361.00 0.29
-269.00 -361.00 0.30
-265.00 -361.00 0.38
-261.00 -361.00 0.48
-257.00 -361.00 0.53
-253.00 -361.00 0.53
-249.00 -361.00 0.48
-245.00 -361.00 0.39
-241.00 -361.00 0.30
-237.00 -361.00 0.22
-233.00 -361.00 0.19
-229.00 -361.00 0.29
-225.00 -361.00 0.38
-221.00 -361.00 0.45
-217.00 -361.00 0.47
-213.00 -361.00 0.50
-209.00 -361.00 0.47
-205.00 -361.00 0.47
-201.00 -361.00 0.50
-197.00 -361.00 0.50
-193.00 -361.00 0.47
-189.00 -361.00 0.47
-185.00 -361.00 0.47
-181.00 -361.00 0.47
-177.00 -361.00 0.47
-173.00 -361.00 0.47
-169.00 -361.00 0.50
-165.00 -361.00 0.47
-161.00 -361.00 0.47
-157.00 -361.00 0.45
-153.00 -361.00 0.47
-149.00 -361.00 0.50
-145.00 -361.00 0.47
-141.00 -361.00 0.40
-137.00 -361.00 0.30
-133.00 -361.00 0.21
-129.00 -361.00 0.12
-125.00 -361.00 0.19
-121.00 -361.00 0.29
-117.00 -361.00 0.38
-113.00 -361.00 0.45
-109.00 -361.00 0.47
-105.00 -361.00 0.47
-101.00 -361.00 0.50
-97.00 -361.00 0.47
-93.00 -361.00 0.40
-89.00 -361.00 0.30
-85.00 -361.00 0.21
-81.00 -361.00 0.12
-77.00 -361.00 0.00
-73.00 -361.00 0.00
-69.00 -361.00 0.00
-65.00 -361.00 0.00
-61.00 -361.00 0.00
-57.00 -361.00 0.00
-53.00 -361.00 0.00
-49.00 -361.00 0.00
-45.00 -361.00 0.00
-41.00 -361.00 0.00
-37.00 -361.00 0.00
-33.00 -361.00 0.00
-29.00 -361.00 0.00
-25.00 -361.00 0.00
-21.00 -361.00 0.00
-17.00 -361.00 0.00
-13.00 -361.00 0.00
-9.00 -361.00 0.00
-5.00 -361.00 0.00
-1.00 -361.00 0.00
3.00 -361.00 0.00
7.00 -361.00 0.00
11.00 -361.00 0.00
15.00 -361.00 0.00
19.00 -361.00 0.00
23.00 -361.00 0.00
27.00 -361.00 0.00
31.00 -361.00 0.00
35.00 -361.00 0.00
39.00 -361.00 0.00
43.00 -361.00 0.00
47.00 -361.00 0.00
51.00 -361.00 0.00
55.00 -361.00 0.00
59.00 -361.00 0.00
63.00 -361.00 0.00
67.00 -361.00 0.00
71.00 -361.00 0.00
75.00 -361.00 0.00
79.00 -361.00 0.00
83.00 -361.00 0.00
87.00 -361.00 0.00
91.00 -361.00 0.00
95.00 -361.00 0.00
99.00 -361.00 0.00
103.00 -361.00 0.00
107.00 -361.00 0.00
111.00 -361.00 0.00
115.00 -361.00 0.00
119.00 -361.00 0.00
123.00 -361.00 0.00
127.00 -361.00 0.00
131.00 -361.00 0.00
135.00 -361.00 0.00
139.00 -361.00 0.00
143.00 -361.00 0.00
147.00 -361.00 0.00
151.00 -361.00 0.00
155.00 -361.00 0.00
159.00 -361.00 0.00
-357.00 -357.00 0.12
-353.00 -357.00 0.19
-349.00 -357.00 0.29
-345.00 -357.00 0.38
-341.00 -357.00 0.45
-337.00 -357.00 0.47
-333.00 -357.00 0.45
-329.00 -357.00 0.40
-325.00 -357.00 0.38
-321.00 -357.00 0.32
-317.00 -357.00 0.29
-313.00 -357.00 0.24
-309.00 -357.00 0.19
-305.00 -357.00 0.16
-301.00 -357.00 0.12
-297.00 -357.00 0.12
-293.00 -357.00 0.18
-289.00 -357.00 0.24
-285.00 -357.00 0.29
-281.00 -357.00 0.30
-277.00 -357.00 0.32
-273.00 -357.00 0.38
-269.00 -357.00 0.40
-265.00 -357.00 0.40
-261.00 -357.00 0.40
-257.00 -357.00 0.40
-253.00 -357.00 0.41
-249.00 -357.00 0.40
-245.00 -357.00 0.36
-241.00 -357.00 0.30
-237.00 -357.00 0.23
-233.00 -357.00 0.21
-229.00 -357.00 0.30
-225.00 -357.00 0.40
-221.00 -357.00 0.47
-217.00 -357.00 0.50
-213.00 -357.00 0.47
-209.00 -357.00 0.45
-205.00 -357.00 0.45
-201.00 -357.00 0.47
-197.00 -357.00 0.50
-193.00 -357.00 0.47
-189.00 -357.00 0.50
-185.00 -357.00 0.50
-181.00 -357.00 0.50
-177.00 -357.00 0.50
-173.00 -357.00 0.50
-169.00 -357.00 0.50
-165.00 -357.00 0.47
-161.00 -357.00 0.40
-157.00 -357.00 0.47
-153.00 -357.00 0.50
-149.00 -357.00 0.47
-145.00 -357.00 0.45
-141.00 -357.00 0.38
-137.00 -357.00 0.29
-133.00 -357.00 0.19
-129.00 -357.00 0.12
-125.00 -357.00 0.16
-121.00 -357.00 0.24
-117.00 -357.00 0.32
-113.00 -357.00 0.38
-109.00 -357.00 0.40
-105.00 -357.00 0.47
-101.00 -357.00 0.50
-97.00 -357.00 0.47
-93.00 -357.00 0.40
-89.00 -357.00 0.30
-85.00 -357.00 0.21
-81.00 -357.00 0.19
-77.00 -357.00 0.16
-73.00 -357.00 0.12
-69.00 -357.00 0.00
-65.00 -357.00 0.00
-61.00 -357.00 0.00
-57.00 -357.00 0.00
-53.00 -357.00 0.00
-49.00 -357.00 0.00
-45.00 -357.00 0.00
-41.00 -357.00 0.00
-37.00 -357.00 0.00
-33.00 -357.00 0.00
-29.00 -357.00 0.00
-25.00 -357.00 0.00
-21.00 -357.00 0.00
-17.00 -357.00 0.00
-13.00 -357.00 0.00
-9.00 -357.00 0.00
-5.00 -357.00 0.00
-1.00 -357.00 0.00
3.00 -357.00 0.00
7.00 -357.00 0.00
11.00 -357.00 0.00
15.00 -357.00 0.00
19.00 -357.00 0.00
23.00 -357.00 0.00
27.00 -357.00 0.00
31.00 -357.00 0.00
35.00 -357.00 0.00
39.00 -357.00 0.00
43.00 -357.00 0.00
47.00 -357.00 0.00
51.00 -357.00 0.00
55.00 -357.00 0.00
59.00 -357.00 0.00
63.00 -357.00 0.00
67.00 -357.00 0.00
71.00 -357.00 0.00
75.00 -357.00 0.00
79.00 -357.00 0.00
83.00 -357.00 0.00
87.00 -357.00 0.00
91.00 -357.00 0.00
95.00 -357.00 0.00
99.00 -357.00 0.00
103.00 -357.00 0.00
107.00 -357.00 0.00
111.00 -357.00 0.00
115.00 -357.00 0.00
119.00 -357.00 0.00
123.00 -357.00 0.00
127.00 -357.00 0.00
131.00 -357.00 0.00
135.00 -357.00 0.00
139.00 -357.00 0.00
143.00 -357.00 0.00
147.00 -357.00 0.00
151.00 -357.00 0.00
155.00 -357.00 0.00
159.00 -357.00 0.00
-357.00 -353.00 0.00
-353.00 -353.00 0.16
-349.00 -353.00 0.24
-345.00 -353.00 0.32
-341.00 -353.00 0.38
-337.00 -353.00 0.40
-333.00 -353.00 0.38
-329.00 -353.00 0.32
-325.00 -353.00 0.29
-321.00 -353.00 0.24
-317.00 -353.00 0.19
-313.00 -353.00 0.16
-309.00 -353.00 0.12
-305.00 -353.00 0.00
-301.00 -353.00 0.12
-297.00 -353.00 0.18
-293.00 -353.00 0.24
-289.00 -353.00 0.32
-285.00 -353.00 0.38
-281.00 -353.00 0.40
-277.00 -353.00 0.40
-273.00 -353.00 0.45
-269.00 -353.00 0.47
-265.00 -353.00 0.47
-261.00 -353.00 0.47
-257.00 -353.00 0.47
-253.00 -353.00 0.45
-249.00 -353.00 0.38
-245.00 -353.00 0.32
-241.00 -353.00 0.29
-237.00 -353.00 0.23
-233.00 -353.00 0.21
-229.00 -353.00 0.30
-225.00 -353.00 0.40
-221.00 -353.00 0.47
-217.00 -353.00 0.50
-213.00 -353.00 0.47
-209.00 -353.00 0.40
-205.00 -353.00 0.38
-201.00 -353.00 0.45
-197.00 -353.00 0.47
-193.00 -353.00 0.50
-189.00 -353.00 0.50
-185.00 -353.00 0.47
-181.00 -353.00 0.47
-177.00 -353.00 0.47
-173.00 -353.00 0.50
-169.00 -353.00 0.50
-165.00 -353.00 0.47
-161.00 -353.00 0.40
-157.00 -353.00 0.47
-153.00 -353.00 0.50
-149.00 -353.00 0.47
-145.00 -353.00 0.40
-141.00 -353.00 0.32
-137.00 -353.00 0.24
-133.00 -353.00 0.16
-129.00 -353.00 0.00
-125.00 -353.00 0.12
-121.00 -353.00 0.18
-117.00 -353.00 0.24
-113.00 -353.00 0.30
-109.00 -353.00 0.40
-105.00 -353.00 0.47
-101.00 -353.00 0.50
-97.00 -353.00 0.47
-93.00 -353.00 0.40
-89.00 -353.00 0.30
-85.00 -353.00 0.30
-81.00 -353.00 0.29
-77.00 -353.00 0.24
-73.00 -353.00 0.18
-69.00 -353.00 0.12
-65.00 -353.00 0.00
-61.00 -353.00 0.00
-57.00 -353.00 0.00
-53.00 -353.00 0.00
-49.00 -353.00 0.00
-45.00 -353.00 0.00
-41.00 -353.00 0.00
-37.00 -353.00 0.00
-33.00 -353.00 0.00
-29.00 -353.00 0.00
-25.00 -353.00 0.00
-21.00 -353.00 0.00
-17.00 -353.00 0.00
-13.00 -353.00 0.00
-9.00 -353.00 0.00
-5.00 -353.00 0.00
-1.00 -353.00 0.00
3.00 -353.00 0.00
7.00 -353.00 0.00
11.00 -353.00 0.00
15.00 -353.00 0.00
19.00 -353.00 0.00
23.00 -353.00 0.00
27.00 -353.00 0.00
31.00 -353.00 0.00
35.00 -353.00 0.00
39.00 -353.00 0.00
43.00 -353.00 0.00
47.00 -353.00 0.00
51.00 -353.00 0.00
55.00 -353.00 0.00
59.00 -353.00 0.00
63.00 -353.00 0.00
67.00 -353.00 0.00
71.00 -353.00 0.00
75.00 -353.00 0.00
79.00 -353.00 0.00
83.00 -353.00 0.00
87.00 -353.00 0.00
91.00 -353.00 0.00
95.00 -353.00 0.00
99.00 -353.00 0.00
103.00 -353.00 0.00
107.00 -353.00 0.00
111.00 -353.00 0.00
115.00 -353.00 0.00
119.00 -353.00 0.00
123.00 -353.00 0.00
127.00 -353.00 0.00
131.00 -353.00 0.00
135.00 -353.00 0.00
139.00 -353.00 0.00
143.00 -353.00 0.00
147.00 -353.00 0.00
151.00 -353.00 0.00
155.00 -353.00 0.00
159.00 -353.00 0.00
-357.00 -349.00 0.00
-353.00 -349.00 0.12
-349.00 -349.00 0.18
-345.00 -349.00 0.24
-341.00 -349.00 0.29
-337.00 -349.00 0.30
-333.00 -349.00 0.29
-329.00 -349.00 0.24
-325.00 -349.00 0.19
-321.00 -349.00 0.16
-317.00 -349.00 0.12
-313.00 -349.00 0.00
-309.00 -349.00 0.00
-305.00 -349.00 0.00
-301.00 -349.00 0.16
-297.00 -349.00 0.24
-293.00 -349.00 0.32
-289.00 -349.00 0.38
-285.00 -349.00 0.45
-281.00 -349.00 0.47
-277.00 -349.00 0.47
-273.00 -349.00 0.47
-269.00 -349.00 0.50
-265.00 -349.00 0.50
-261.00 -349.00 0.50
-257.00 -349.00 0.50
-253.00 -349.00 0.47
-249.00 -349.00 0.40
-245.00 -349.00 0.30
-241.00 -349.00 0.29
-237.00 -349.00 0.24
-233.00 -349.00 0.19
-229.00 -349.00 0.29
-225.00 -349.00 0.38
-221.00 -349.00 0.45
-217.00 -349.00 0.47
-213.00 -349.00 0.45
-209.00 -349.00 0.38
-205.00 -349.00 0.40
-201.00 -349.00 0.47
-197.00 -349.00 0.50
-193.00 -349.00 0.47
-189.00 -349.00 0.47
-185.00 -349.00 0.45
-181.00 -349.00 0.40
-177.00 -349.00 0.45
-173.00 -349.00 0.47
-169.00 -349.00 0.47
-165.00 -349.00 0.45
-161.00 -349.00 0.40
-157.00 -349.00 0.47
-153.00 -349.00 0.50
-149.00 -349.00 0.47
-145.00 -349.00 0.40
-141.00 -349.00 0.30
-137.00 -349.00 0.21
-133.00 -349.00 0.12
-129.00 -349.00 0.12
-125.00 -349.00 0.16
-121.00 -349.00 0.19
-117.00 -349.00 0.24
-113.00 -349.00 0.30
-109.00 -349.00 0.40
-105.00 -349.00 0.47
-101.00 -349.00 0.50
-97.00 -349.00 0.47
-93.00 -349.00 0.40
-89.00 -349.00 0.40
-85.00 -349.00 0.40
-81.00 -349.00 0.38
-77.00 -349.00 0.32
-73.00 -349.00 0.24
-69.00 -349.00 0.16
-65.00 -349.00 0.00
-61.00 -349.00 0.00
-57.00 -349.00 0.00
-53.00 -349.00 0.00
-49.00 -349.00 0.00
-45.00 -349.00 0.00
-41.00 -349.00 0.00
-37.00 -349.00 0.00
-33.00 -349.00 0.00
-29.00 -349.00 0.00
-25.00 -349.00 0.00
-21.00 -349.00 0.00
-17.00 -349.00 0.00
-13.00 -349.00 0.00
-9.00 -349.00 0.00
-5.00 -349.00 0.00
-1.00 -349.00 0.00
3.00 -349.00 0.00
7.00 -349.00 0.00
11.00 -349.00 0.00
15.00 -349.00 0.00
19.00 -349.00 0.00
23.00 -349.00 0.00
27.00 -349.00 0.00
31.00 -349.00 0.00
35.00 -349.00 0.00
39.00 -349.00 0.00
43.00 -349.00 0.00
47.00 -349.00 0.00
51.00 -349.00 0.00
55.00 -349.00 0.00
59.00 -349.00 0.00
63.00 -349.00 0.00
67.00 -349.00 0.00
71.00 -349.00 0.00
75.00 -349.00 0.00
79.00 -349.00 0.00
83.00 -349.00 0.00
87.00 -349.00 0.00
91.00 -349.00 0.00
95.00 -349.00 0.00
99.00 -349.00 0.00
103.00 -349.00 0.00
107.00 -349.00 0.00
111.00 -349.00 0.00
115.00 -349.00 0.00
119.00 -349.00 0.00
123.00 -349.00 0.00
127.00 -349.00 0.00
131.00 -349.00 0.00
135.00 -349.00 0.00
139.00 -349.00 0.00
143.00 -349.00 0.00
147.00 -349.00 0.00
151.00 -349.00 0.00
155.00 -349.00 0.00
159.00 -349.00 0.00
-357.00 -345.00 0.00
-353.00 -345.00 0.00
-349.00 -345.00 0.12
-345.00 -345.00 0.16
-341.00 -345.00 0.19
-337.00 -345.00 0.21
-333.00 -345.00 0.19
-329.00 -345.00 0.16
-325.00 -345.00 0.12
-321.00 -345.00 0.00
-317.00 -345.00 0.12
-313.00 -345.00 0.12
-309.00 -345.00 0.12
-305.00 -345.00 0.16
-301.00 -345.00 0.19
-297.00 -345.00 0.29
-293.00 -345.00 0.38
-289.00 -345.00 0.45
-285.00 -345.00 0.47
-281.00 -345.00 0.50
-277.00 -345.00 0.50
-273.00 -345.00 0.50
-269.00 -345.00 0.47
-265.00 -345.00 0.47
-261.00 -345.00 0.47
-257.00 -345.00 0.47
-253.00 -345.00 0.45
-249.00 -345.00 0.38
-245.00 -345.00 0.29
-241.00 -345.00 0.29
-237.00 -345.00 0.25
-233.00 -345.00 0.18
-229.00 -345.00 0.24
-225.00 -345.00 0.32
-221.00 -345.00 0.38
-217.00 -345.00 0.40
-213.00 -345.00 0.38
-209.00 -345.00 0.32
-205.00 -345.00 0.40
-201.00 -345.00 0.47
-197.00 -345.00 0.50
-193.00 -345.00 0.47
-189.00 -345.00 0.40
-185.00 -345.00 0.38
-181.00 -345.00 0.32
-177.00 -345.00 0.38
-173.00 -345.00 0.40
-169.00 -345.00 0.40
-165.00 -345.00 0.38
-161.00 -345.00 0.45
-157.00 -345.00 0.47
-153.00 -345.00 0.50
-149.00 -345.00 0.47
-145.00 -345.00 0.40
-141.00 -345.00 0.30
-137.00 -345.00 0.21
-133.00 -345.00 0.12
-129.00 -345.00 0.18
-125.00 -345.00 0.24
-121.00 -345.00 0.29
-117.00 -345.00 0.32
-113.00 -345.00 0.38
-109.00 -345.00 0.40
-105.00 -345.00 0.47
-101.00 -345.00 0.50
-97.00 -345.00 0.47
-93.00 -345.00 0.47
-89.00 -345.00 0.47
-85.00 -345.00 0.47
-81.00 -345.00 0.45
-77.00 -345.00 0.38
-73.00 -345.00 0.29
-69.00 -345.00 0.19
-65.00 -345.00 0.12
-61.00 -345.00 0.00
-57.00 -345.00 0.00
-53.00 -345.00 0.00
-49.00 -345.00 0.00
-45.00 -345.00 0.00
-41.00 -345.00 0.00
-37.00 -345.00 0.00
-33.00 -345.00 0.00
-29.00 -345.00 0.00
-25.00 -345.00 0.00
-21.00 -345.00 0.00
-17.00 -345.00 0.00
-13.00 -345.00 0.00
-9.00 -345.00 0.00
-5.00 -345.00 0.00
-1.00 -345.00 0.00
3.00 -345.00 0.00
7.00 -345.00 0.00
11.00 -345.00 0.00
15.00 -345.00 0.00
19.00 -345.00 0.00
23.00 -345.00 0.00
27.00 -345.00 0.00
31.00 -345.00 0.00
35.00 -345.00 0.00
39.00 -345.00 0.00
43.00 -345.00 0.00
47.00 -345.00 0.00
51.00 -345.00 0.00
55.00 -345.00 0.00
59.00 -345.00 0.00
63.00 -345.00 0.00
67.00 -345.00 0.00
71.00 -345.00 0.00
75.00 -345.00 0.00
79.00 -345.00 0.00
83.00 -345.00 0.00
87.00 -345.00 0.00
91.00 -345.00 0.00
95.00 -345.00 0.00
99.00 -345.00 0.00
103.00 -345.00 0.00
107.00 -345.00 0.00
111.00 -345.00 0.00
115.00 -345.00 0.00
119.00 -345.00 0.00
123.00 -345.00 0.00
127.00 -345.00 0.00
131.00 -345.00 0.00
135.00 -345.00 0.00
139.00 -345.00 0.00
143.00 -345.00 0.00
147.00 -345.00 0.00
151.00 -345.00 0.00
155.00 -345.00 0.00
159.00 -345.00 0.00
-357.00 -341.00 0.00
-353.00 -341.00 0.00
-349.00 -341.00 0.00
-345.00 -341.00 0.00
-341.00 -341.00 0.12
-337.00 -341.00 0.12
-333.00 -341.00 0.12
-329.00 -341.00 0.00
-325.00 -341.00 0.12
-321.00 -341.00 0.16
-317.00 -341.00 0.19
-313.00 -341.00 0.21
-309.00 -341.00 0.21
-305.00 -341.00 0.24
-301.00 -341.00 0.29
-297.00 -341.00 0.30
-293.00 -341.00 0.40
-289.00 -341.00 0.47
-285.00 -341.00 0.50
-281.00 -341.00 0.47
-277.00 -341.00 0.47
-273.00 -341.00 0.47
-269.00 -341.00 0.45
-265.00 -341.00 0.40
-261.00 -341.00 0.40
-257.00 -341.00 0.40
-253.00 -341.00 0.38
-249.00 -341.00 0.32
-245.00 -341.00 0.28
-241.00 -341.00 0.29
-237.00 -341.00 0.25
-233.00 -341.00 0.19
-229.00 -341.00 0.18
-225.00 -341.00 0.24
-221.00 -341.00 0.29
-217.00 -341.00 0.30
-213.00 -341.00 0.29
-209.00 -341.00 0.30
-205.00 -341.00 0.40
-201.00 -341.00 0.47
-197.00 -341.00 0.50
-193.00 -341.00 0.47
-189.00 -341.00 0.40
-185.00 -341.00 0.30
-181.00 -341.00 0.30
-177.00 -341.00 0.29
-173.00 -341.00 0.30
-169.00 -341.00 0.32
-165.00 -341.00 0.40
-161.00 -341.00 0.47
-157.00 -341.00 0.50
-153.00 -341.00 0.50
-149.00 -341.00 0.47
-145.00 -341.00 0.40
-141.00 -341.00 0.30
-137.00 -341.00 0.21
-133.00 -341.00 0.16
-129.00 -341.00 0.24
-125.00 -341.00 0.32
-121.00 -341.00 0.38
-117.00 -341.00 0.40
-113.00 -341.00 0.45
-109.00 -341.00 0.47
-105.00 -341.00 0.47
-101.00 -341.00 0.50
-97.00 -341.00 0.50
-93.00 -341.00 0.50
-89.00 -341.00 0.50
-85.00 -341.00 0.50
-81.00 -341.00 0.47
-77.00 -341.00 0.40
-73.00 -341.00 0.32
-69.00 -341.00 0.24
-65.00 -341.00 0.16
-61.00 -341.00 0.00
-57.00 -341.00 0.00
-53.00 -341.00 0.00
-49.00 -341.00 0.00
-45.00 -341.00 0.00
-41.00 -341.00 0.00
-37.00 -341.00 0.00
-33.00 -341.00 0.00
-29.00 -341.00 0.00
-25.00 -341.00 0.00
-21.00 -341.00 0.12
-17.00 -341.00 0.12
-13.00 -341.00 0.12
-9.00 -341.00 0.12
-5.00 -341.00 0.12
-1.00 -341.00 0.00
3.00 -341.00 0.00
7.00 -341.00 0.00
11.00 -341.00 0.00
15.00 -341.00 0.00
19.00 -341.00 0.00
23.00 -341.00 0.00
27.00 -341.00 0.00
31.00 -341.00 0.00
35.00 -341.00 0.00
39.00 -341.00 0.00
43.00 -341.00 0.00
47.00 -341.00 0.00
51.00 -341.00 0.00
55.00 -341.00 0.00
59.00 -341.00 0.00
63.00 -341.00 0.00
67.00 -341.00 0.00
71.00 -341.00 0.00
75.00 -341.00 0.00
79.00 -341.00 0.00
83.00 -341.00 0.00
87.00 -341.00 0.00
91.00 -341.00 0.00
95.00 -341.00 0.00
99.00 -341.00 0.00
103.00 -341.00 0.00
107.00 -341.00 0.00
111.00 -341.00 0.00
115.00 -341.00 0.00
119.00 -341.00 0.00
123.00 -341.00 0.00
127.00 -341.00 0.00
131.00 -341.00 0.00
135.00 -341.00 0.00
139.00 -341.00 0.00
143.00 -341.00 0.00
147.00 -341.00 0.00
151.00 -341.00 0.00
155.00 -341.00 0.00
159.00 -341.00 0.00
-357.00 -337.00 0.00
-353.00 -337.00 0.00
-349.00 -337.00 0.00
-345.00 -337.00 0.00
-341.00 -337.00 0.00
-337.00 -337.00 0.00
-333.00 -337.00 0.00
-329.00 -337.00 0.12
-325.00 -337.00 0.18
-321.00 -337.00 0.24
-317.00 -337.00 0.29
-313.00 -337.00 0.30
-309.00 -337.00 0.30
-305.00 -337.00 0.32
-301.00 -337.00 0.38
-297.00 -337.00 0.40
-293.00 -337.00 0.40
-289.00 -337.00 0.47
-285.00 -337.00 0.50
-281.00 -337.00 0.47
-277.00 -337.00 0.40
-273.00 -337.00 0.40
-269.00 -337.00 0.38
-265.00 -337.00 0.32
-261.00 -337.00 0.30
-257.00 -337.00 0.30
-253.00 -337.00 0.29
-249.00 -337.00 0.25
-245.00 -337.00 0.29
-241.00 -337.00 0.30
-237.00 -337.00 0.27
-233.00 -337.00 0.21
-229.00 -337.00 0.14
-225.00 -337.00 0.16
-221.00 -337.00 0.19
-217.00 -337.00 0.21
-213.00 -337.00 0.19
-209.00 -337.00 0.29
-205.00 -337.00 0.38
-201.00 -337.00 0.45
-197.00 -337.00 0.47
-193.00 -337.00 0.45
-189.00 -337.00 0.38
-185.00 -337.00 0.40
-181.00 -337.00 0.40
-177.00 -337.00 0.38
-173.00 -337.00 0.32
-169.00 -337.00 0.38
-165.00 -337.00 0.45
-161.00 -337.00 0.47
-157.00 -337.00 0.50
-153.00 -337.00 0.47
-149.00 -337.00 0.45
-145.00 -337.00 0.38
-141.00 -337.00 0.29
-137.00 -337.00 0.19
-133.00 -337.00 0.19
-129.00 -337.00 0.29
-125.00 -337.00 0.38
-121.00 -337.00 0.45
-117.00 -337.00 0.47
-113.00 -337.00 0.47
-109.00 -337.00 0.50
-105.00 -337.00 0.50
-101.00 -337.00 0.50
-97.00 -337.00 0.47
-93.00 -337.00 0.47
-89.00 -337.00 0.47
-85.00 -337.00 0.50
-81.00 -337.00 0.47
-77.00 -337.00 0.45
-73.00 -337.00 0.38
-69.00 -337.00 0.29
-65.00 -337.00 0.19
-61.00 -337.00 0.12
-57.00 -337.00 0.00
-53.00 -337.00 0.00
-49.00 -337.00 0.00
-45.00 -337.00 0.00
-41.00 -337.00 0.00
-37.00 -337.00 0.12
-33.00 -337.00 0.12
-29.00 -337.00 0.12
-25.00 -337.00 0.16
-21.00 -337.00 0.19
-17.00 -337.00 0.21
-13.00 -337.00 0.21
-9.00 -337.00 0.21
-5.00 -337.00 0.19
-1.00 -337.00 0.16
3.00 -337.00 0.12
7.00 -337.00 0.00
11.00 -337.00 0.00
15.00 -337.00 0.00
19.00 -337.00 0.00
23.00 -337.00 0.00
27.00 -337.00 0.00
31.00 -337.00 0.00
35.00 -337.00 0.00
39.00 -337.00 0.00
43.00 -337.00 0.00
47.00 -337.00 0.00
51.00 -337.00 0.00
55.00 -337.00 0.00
59.00 -337.00 0.00
63.00 -337.00 0.00
67.00 -337.00 0.00
71.00 -337.00 0.00
75.00 -337.00 0.00
79.00 -337.00 0.00
83.00 -337.00 0.00
87.00 -337.00 0.00
91.00 -337.00 0.00
95.00 -337.00 0.00
99.00 -337.00 0.00
103.00 -337.00 0.00
107.00 -337.00 0.00
111.00 -337.00 0.00
115.00 -337.00 0.00
119.00 -337.00 0.00
123.00 -337.00 0.00
127.00 -337.00 0.00
131.00 -337.00 0.00
135.00 -337.00 0.00
139.00 -337.00 0.00
143.00 -337.00 0.00
147.00 -337.00 0.00
151.00 -337.00 0.00
155.00 -337.00 0.00
159.00 -337.00 0.00
-357.00 -333.00 0.00
-353.00 -333.00 0.00
-349.00 -333.00 0.00
-345.00 -333.00 0.00
-341.00 -333.00 0.00
-337.00 -333.00 0.00
-333.00 -333.00 0.12
-329.00 -333.00 0.18
-325.00 -333.00 0.24
-321.00 -333.00 0.32
-317.00 -333.00 0.38
-313.00 -333.00 0.40
-309.00 -333.00 0.40
-305.00 -333.00 0.40
-301.00 -333.00 0.45
-297.00 -333.00 0.47
-293.00 -333.00 0.47
-289.00 -333.00 0.47
-285.00 -333.00 0.50
-281.00 -333.00 0.47
-277.00 -333.00 0.40
-273.00 -333.00 0.30
-269.00 -333.00 0.29
-265.00 -333.00 0.24
-261.00 -333.00 0.21
-257.00 -333.00 0.21
-253.00 -333.00 0.21
-249.00 -333.00 0.27
-245.00 -333.00 0.32
-241.00 -333.00 0.33
-237.00 -333.00 0.31
-233.00 -333.00 0.25
-229.00 -333.00 0.00
-225.00 -333.00 0.00
-221.00 -333.00 0.12
-217.00 -333.00 0.12
-213.00 -333.00 0.16
-209.00 -333.00 0.24
-205.00 -333.00 0.32
-201.00 -333.00 0.38
-197.00 -333.00 0.40
-193.00 -333.00 0.38
-189.00 -333.00 0.45
-185.00 -333.00 0.47
-181.00 -333.00 0.47
-177.00 -333.00 0.45
-173.00 -333.00 0.38
-169.00 -333.00 0.45
-165.00 -333.00 0.47
-161.00 -333.00 0.50
-157.00 -333.00 0.47
-153.00 -333.00 0.45
-149.00 -333.00 0.38
-145.00 -333.00 0.32
-141.00 -333.00 0.24
-137.00 -333.00 0.18
-133.00 -333.00 0.21
-129.00 -333.00 0.30
-125.00 -333.00 0.40
-121.00 -333.00 0.47
-117.00 -333.00 0.50
-113.00 -333.00 0.50
-109.00 -333.00 0.50
-105.00 -333.00 0.47
-101.00 -333.00 0.47
-97.00 -333.00 0.45
-93.00 -333.00 0.40
-89.00 -333.00 0.45
-85.00 -333.00 0.47
-81.00 -333.00 0.50
-77.00 -333.00 0.47
-73.00 -333.00 0.40
-69.00 -333.00 0.32
-65.00 -333.00 0.24
-61.00 -333.00 0.16
-57.00 -333.00 0.00
-53.00 -333.00 0.00
-49.00 -333.00 0.12
-45.00 -333.00 0.12
-41.00 -333.00 0.16
-37.00 -333.00 0.19
-33.00 -333.00 0.21
-29.00 -333.00 0.21
-25.00 -333.00 0.24
-21.00 -333.00 0.29
-17.00 -333.00 0.30
-13.00 -333.00 0.30
-9.00 -333.00 0.30
-5.00 -333.00 0.29
-1.00 -333.00 0.24
3.00 -333.00 0.18
7.00 -333.00 0.12
11.00 -333.00 0.00
15.00 -333.00 0.00
19.00 -333.00 0.00
23.00 -333.00 0.00
27.00 -333.00 0.00
31.00 -333.00 0.00
35.00 -333.00 0.00
39.00 -333.00 0.00
43.00 -333.00 0.00
47.00 -333.00 0.00
51.00 -333.00 0.00
55.00 -333.00 0.00
59.00 -333.00 0.00
63.00 -333.00 0.00
67.00 -333.00 0.00
71.00 -333.00 0.00
75.00 -333.00 0.00
79.00 -333.00 0.00
83.00 -333.00 0.00
87.00 -333.00 0.00
91.00 -333.00 0.00
95.00 -333.00 0.00
99.00 -333.00 0.00
103.00 -333.00 0.00
107.00 -333.00 0.00
111.00 -333.00 0.00
115.00 -333.00 0.00
119.00 -333.00 0.00
123.00 -333.00 0.00
127.00 -333.00 0.00
131.00 -333.00 0.00
135.00 -333.00 0.00
139.00 -333.00 0.00
143.00 -333.00 0.00
147.00 -333.00 0.00
151.00 -333.00 0.00
155.00 -333.00 0.00
159.00 -333.00 0.00
-357.00 -329.00 0.00
-353.00 -329.00 0.00
-349.00 -329.00 0.00
-345.00 -329.00 0.00
-341.00 -329.00 0.00
-337.00 -329.00 0.12
-333.00 -329.00 0.18
-329.00 -329.00 0.24
-325.00 -329.00 0.32
-321.00 -329.00 0.38
-317.00 -329.00 0.45
-313.00 -329.00 0.47
-309.00 -329.00 0.47
-305.00 -329.00 0.47
-301.00 -329.00 0.47
-297.00 -329.00 0.50
-293.00 -329.00 0.50
-289.00 -329.00 0.50
-285.00 -329.00 0.50
-281.00 -329.00 0.47
-277.00 -329.00 0.40
-273.00 -329.00 0.30
-269.00 -329.00 0.21
-265.00 -329.00 0.16
-261.00 -329.00 0.12
-257.00 -329.00 0.14
-253.00 -329.00 0.21
-249.00 -329.00 0.28
-245.00 -329.00 0.34
-241.00 -329.00 0.37
-237.00 -329.00 0.35
-233.00 -329.00 0.29
-229.00 -329.00 0.00
-225.00 -329.00 0.00
-221.00 -329.00 0.00
-217.00 -329.00 0.00
-213.00 -329.00 0.12
-209.00 -329.00 0.18
-205.00 -329.00 0.24
-201.00 -329.00 0.29
-197.00 -329.00 0.38
-193.00 -329.00 0.45
-189.00 -329.00 0.47
-185.00 -329.00 0.50
-181.00 -329.00 0.50
-177.00 -329.00 0.47
-173.00 -329.00 0.45
-169.00 -329.00 0.47
-165.00 -329.00 0.50
-161.00 -329.00 0.50
-157.00 -329.00 0.50
-153.00 -329.00 0.47
-149.00 -329.00 0.45
-145.00 -329.00 0.38
-141.00 -329.00 0.32
-137.00 -329.00 0.24
-133.00 -329.00 0.24
-129.00 -329.00 0.30
-125.00 -329.00 0.40
-121.00 -329.00 0.47
-117.00 -329.00 0.50
-113.00 -329.00 0.50
-109.00 -329.00 0.47
-105.00 -329.00 0.45
-101.00 -329.00 0.40
-97.00 -329.00 0.38
-93.00 -329.00 0.32
-89.00 -329.00 0.40
-85.00 -329.00 0.47
-81.00 -329.00 0.50
-77.00 -329.00 0.47
-73.00 -329.00 0.45
-69.00 -329.00 0.38
-65.00 -329.00 0.29
-61.00 -329.00 0.19
-57.00 -329.00 0.12
-53.00 -329.00 0.16
-49.00 -329.00 0.19
-45.00 -329.00 0.21
-41.00 -329.00 0.24
-37.00 -329.00 0.29
-33.00 -329.00 0.30
-29.00 -329.00 0.30
-25.00 -329.00 0.32
-21.00 -329.00 0.38
-17.00 -329.00 0.40
-13.00 -329.00 0.40
-9.00 -329.00 0.40
-5.00 -329.00 0.38
-1.00 -329.00 0.32
3.00 -329.00 0.24
7.00 -329.00 0.16
11.00 -329.00 0.00
15.00 -329.00 0.00
19.00 -329.00 0.00
23.00 -329.00 0.00
27.00 -329.00 0.00
31.00 -329.00 0.00
35.00 -329.00 0.00
39.00 -329.00 0.00
43.00 -329.00 0.00
47.00 -329.00 0.00
51.00 -329.00 0.00
55.00 -329.00 0.00
59.00 -329.00 0.00
63.00 -329.00 0.00
67.00 -329.00 0.00
71.00 -329.00 0.00
75.00 -329.00 0.00
79.00 -329.00 0.00
83.00 -329.00 0.00
87.00 -329.00 0.00
91.00 -329.00 0.00
95.00 -329.00 0.00
99.00 -329.00 0.00
103.00 -329.00 0.00
107.00 -329.00 0.00
111.00 -329.00 0.00
115.00 -329.00 0.00
119.00 -329.00 0.00
123.00 -329.00 0.00
127.00 -329.00 0.00
131.00 -329.00 0.00
135.00 -329.00 0.00
139.00 -329.00 0.00
143.00 -329.00 0.00
147.00 -329.00 0.00
151.00 -329.00 0.00
155.00 -329.00 0.00
159.00 -329.00 0.00
-357.00 -325.00 0.00
-353.00 -325.00 0.00
-349.00 -325.00 0.00
-345.00 -325.00 0.00
-341.00 -325.00 0.00
-337.00 -325.00 0.16
-333.00 -325.00 0.24
-329.00 -325.00 0.32
-325.00 -325.00 0.38
-321.00 -325.00 0.45
-317.00 -325.00 0.47
-313.00 -325.00 0.50
-309.00 -325.00 0.50
-305.00 -325.00 0.50
-301.00 -325.00 0.50
-297.00 -325.00 0.50
-293.00 -325.00 0.47
-289.00 -325.00 0.47
-285.00 -325.00 0.47
-281.00 -325.00 0.45
-277.00 -325.00 0.38
-273.00 -325.00 0.29
-269.00 -325.00 0.19
-265.00 -325.00 0.12
-261.00 -325.00 0.00
-257.00 -325.00 0.00
-253.00 -325.00 0.00
-249.00 -325.00 0.27
-245.00 -325.00 0.34
-241.00 -325.00 0.38
-237.00 -325.00 0.37
-233.00 -325.00 0.31
-229.00 -325.00 0.22
-225.00 -325.00 0.00
-221.00 -325.00 0.00
-217.00 -325.00 0.00
-213.00 -325.00 0.00
-209.00 -325.00 0.12
-205.00 -325.00 0.21
-201.00 -325.00 0.30
-197.00 -325.00 0.40
-193.00 -325.00 0.47
-189.00 -325.00 0.50
-185.00 -325.00 0.50
-181.00 -325.00 0.47
-177.00 -325.00 0.45
-173.00 -325.00 0.47
-169.00 -325.00 0.50
-165.00 -325.00 0.50
-161.00 -325.00 0.47
-157.00 -325.00 0.50
-153.00 -325.00 0.50
-149.00 -325.00 0.47
-145.00 -325.00 0.45
-141.00 -325.00 0.38
-137.00 -325.00 0.29
-133.00 -325.00 0.32
-129.00 -325.00 0.38
-125.00 -325.00 0.40
-121.00 -325.00 0.45
-117.00 -325.00 0.47
-113.00 -325.00 0.50
-109.00 -325.00 0.47
-105.00 -325.00 0.40
-101.00 -325.00 0.32
-97.00 -325.00 0.29
-93.00 -325.00 0.30
-89.00 -325.00 0.40
-85.00 -325.00 0.47
-81.00 -325.00 0.50
-77.00 -325.00 0.50
-73.00 -325.00 0.47
-69.00 -325.00 0.40
-65.00 -325.00 0.30
-61.00 -325.00 0.21
-57.00 -325.00 0.18
-53.00 -325.00 0.24
-49.00 -325.00 0.29
-45.00 -325.00 0.30
-41.00 -325.00 0.32
-37.00 -325.00 0.38
-33.00 -325.00 0.40
-29.00 -325.00 0.40
-25.00 -325.00 0.40
-21.00 -325.00 0.45
-17.00 -325.00 0.47
-13.00 -325.00 0.47
-9.00 -325.00 0.47
-5.00 -325.00 0.45
-1.00 -325.00 0.38
3.00 -325.00 0.29
7.00 -325.00 0.19
11.00 -325.00 0.12
15.00 -325.00 0.00
19.00 -325.00 0.00
23.00 -325.00 0.00
27.00 -325.00 0.00
31.00 -325.00 0.00
35.00 -325.00 0.00
39.00 -325.00 0.00
43.00 -325.00 0.00
47.00 -325.00 0.00
51.00 -325.00 0.00
55.00 -325.00 0.00
59.00 -325.00 0.00
63.00 -325.00 0.00
67.00 -325.00 0.00
71.00 -325.00 0.00
75.00 -325.00 0.00
79.00 -325.00 0.00
83.00 -325.00 0.00
87.00 -325.00 0.00
91.00 -325.00 0.00
95.00 -325.00 0.00
99.00 -325.00 0.00
103.00 -325.00 0.00
107.00 -325.00 0.00
111.00 -325.00 0.00
115.00 -325.00 0.00
119.00 -325.00 0.00
123.00 -325.00 0.00
127.00 -325.00 0.00
131.00 -325.00 0.00
135.00 -325.00 0.00
139.00 -325.00 0.00
143.00 -325.00 0.00
147.00 -325.00 0.00
151.00 -325.00 0.00
155.00 -325.00 0.00
159.00 -325.00 0.00
-357.00 -321.00 0.00
-353.00 -321.00 0.00
-349.00 -321.00 0.00
-345.00 -321.00 0.00
-341.00 -321.00 0.12
-337.00 -321.00 0.19
-333.00 -321.00 0.29
-329.00 -321.00 0.38
-325.00 -321.00 0.45
-321.00 -321.00 0.47
-317.00 -321.00 0.50
-313.00 -321.00 0.47
-309.00 -321.00 0.47
-305.00 -321.00 0.47
-301.00 -321.00 0.47
-297.00 -321.00 0.47
-293.00 -321.00 0.45
-289.00 -321.00 0.40
-285.00 -321.00 0.40
-281.00 -321.00 0.38
-277.00 -321.00 0.32
-273.00 -321.00 0.24
-269.00 -321.00 0.16
-265.00 -321.00 0.00
-261.00 -321.00 0.12
-257.00 -321.00 0.12
-253.00 -321.00 0.17
-249.00 -321.00 0.24
-245.00 -321.00 0.32
-241.00 -321.00 0.36
-237.00 -321.00 0.36
-233.00 -321.00 0.30
-229.00 -321.00 0.22
-225.00 -321.00 0.00
-221.00 -321.00 0.00
-217.00 -321.00 0.00
-213.00 -321.00 0.00
-209.00 -321.00 0.12
-205.00 -321.00 0.21
-201.00 -321.00 0.30
-197.00 -321.00 0.40
-193.00 -321.00 0.47
-189.00 -321.00 0.50
-185.00 -321.00 0.47
-181.00 -321.00 0.45
-177.00 -321.00 0.47
-173.00 -321.00 0.50
-169.00 -321.00 0.50
-165.00 -321.00 0.47
-161.00 -321.00 0.45
-157.00 -321.00 0.47
-153.00 -321.00 0.47
-149.00 -321.00 0.50
-145.00 -321.00 0.47
-141.00 -321.00 0.40
-137.00 -321.00 0.30
-133.00 -321.00 0.38
-129.00 -321.00 0.45
-125.00 -321.00 0.47
-121.00 -321.00 0.47
-117.00 -321.00 0.50
-113.00 -321.00 0.50
-109.00 -321.00 0.47
-105.00 -321.00 0.40
-101.00 -321.00 0.30
-97.00 -321.00 0.21
-93.00 -321.00 0.29
-89.00 -321.00 0.38
-85.00 -321.00 0.45
-81.00 -321.00 0.47
-77.00 -321.00 0.50
-73.00 -321.00 0.47
-69.00 -321.00 0.40
-65.00 -321.00 0.30
-61.00 -321.00 0.21
-57.00 -321.00 0.24
-53.00 -321.00 0.32
-49.00 -321.00 0.38
-45.00 -321.00 0.40
-41.00 -321.00 0.40
-37.00 -321.00 0.45
-33.00 -321.00 0.47
-29.00 -321.00 0.47
-25.00 -321.00 0.47
-21.00 -321.00 0.47
-17.00 -321.00 0.50
-13.00 -321.00 0.50
-9.00 -321.00 0.50
-5.00 -321.00 0.47
-1.00 -321.00 0.40
3.00 -321.00 0.30
7.00 -321.00 0.21
11.00 -321.00 0.12
15.00 -321.00 0.00
19.00 -321.00 0.00
23.00 -321.00 0.00
27.00 -321.00 0.00
31.00 -321.00 0.00
35.00 -321.00 0.00
39.00 -321.00 0.00
43.00 -321.00 0.00
47.00 -321.00 0.00
51.00 -321.00 0.00
55.00 -321.00 0.00
59.00 -321.00 0.00
63.00 -321.00 0.00
67.00 -321.00 0.00
71.00 -321.00 0.00
75.00 -321.00 0.00
79.00 -321.00 0.00
83.00 -321.00 0.00
87.00 -321.00 0.00
91.00 -321.00 0.00
95.00 -321.00 0.00
99.00 -321.00 0.00
103.00 -321.00 0.00
107.00 -321.00 0.00
111.00 -321.00 0.00
115.00 -321.00 0.00
119.00 -321.00 0.00
123.00 -321.00 0.00
127.00 -321.00 0.00
131.00 -321.00 0.00
135.00 -321.00 0.00
139.00 -321.00 0.00
143.00 -321.00 0.00
147.00 -321.00 0.00
151.00 -321.00 0.00
155.00 -321.00 0.00
159.00 -321.00 0.00
-357.00 -317.00 0.00
-353.00 -317.00 0.00
-349.00 -317.00 0.00
-345.00 -317.00 0.00
-341.00 -317.00 0.16
-337.00 -317.00 0.24
-333.00 -317.00 0.32
-329.00 -317.00 0.40
-325.00 -317.00 0.47
-321.00 -317.00 0.50
-317.00 -317.00 0.47
-313.00 -317.00 0.45
-309.00 -317.00 0.40
-305.00 -317.00 0.40
-301.00 -317.00 0.40
-297.00 -317.00 0.40
-293.00 -317.00 0.38
-289.00 -317.00 0.32
-285.00 -317.00 0.30
-281.00 -317.00 0.29
-277.00 -317.00 0.24
-273.00 -317.00 0.18
-269.00 -317.00 0.12
-265.00 -317.00 0.16
-261.00 -317.00 0.19
-257.00 -317.00 0.21
-253.00 -317.00 0.21
-249.00 -317.00 0.23
-245.00 -317.00 0.29
-241.00 -317.00 0.33
-237.00 -317.00 0.33
-233.00 -317.00 0.28
-229.00 -317.00 0.22
-225.00 -317.00 0.00
-221.00 -317.00 0.00
-217.00 -317.00 0.00
-213.00 -317.00 0.00
-209.00 -317.00 0.17
-205.00 -317.00 0.25
-201.00 -317.00 0.35
-197.00 -317.00 0.44
-193.00 -317.00 0.48
-189.00 -317.00 0.47
-185.00 -317.00 0.45
-181.00 -317.00 0.40
-177.00 -317.00 0.47
-173.00 -317.00 0.50
-169.00 -317.00 0.47
-165.00 -317.00 0.45
-161.00 -317.00 0.38
-157.00 -317.00 0.40
-153.00 -317.00 0.45
-149.00 -317.00 0.47
-145.00 -317.00 0.45
-141.00 -317.00 0.38
-137.00 -317.00 0.30
-133.00 -317.00 0.40
-129.00 -317.00 0.47
-125.00 -317.00 0.50
-121.00 -317.00 0.50
-117.00 -317.00 0.47
-113.00 -317.00 0.47
-109.00 -317.00 0.45
-105.00 -317.00 0.38
-101.00 -317.00 0.29
-97.00 -317.00 0.30
-93.00 -317.00 0.30
-89.00 -317.00 0.32
-85.00 -317.00 0.38
-81.00 -317.00 0.45
-77.00 -317.00 0.47
-73.00 -317.00 0.45
-69.00 -317.00 0.38
-65.00 -317.00 0.29
-61.00 -317.00 0.19
-57.00 -317.00 0.29
-53.00 -317.00 0.38
-49.00 -317.00 0.45
-45.00 -317.00 0.47
-41.00 -317.00 0.47
-37.00 -317.00 0.47
-33.00 -317.00 0.50
-29.00 -317.00 0.50
-25.00 -317.00 0.50
-21.00 -317.00 0.50
-17.00 -317.00 0.47
-13.00 -317.00 0.47
-9.00 -317.00 0.47
-5.00 -317.00 0.45
-1.00 -317.00 0.38
3.00 -317.00 0.29
7.00 -317.00 0.19
11.00 -317.00 0.12
15.00 -317.00 0.00
19.00 -317.00 0.00
23.00 -317.00 0.00
27.00 -317.00 0.00
31.00 -317.00 0.00
35.00 -317.00 0.00
39.00 -317.00 0.00
43.00 -317.00 0.00
47.00 -317.00 0.00
51.00 -317.00 0.00
55.00 -317.00 0.00
59.00 -317.00 0.00
63.00 -317.00 0.00
67.00 -317.00 0.00
71.00 -317.00 0.00
75.00 -317.00 0.00
79.00 -317.00 0.00
83.00 -317.00 0.00
87.00 -317.00 0.00
91.00 -317.00 0.00
95.00 -317.00 0.00
99.00 -317.00 0.00
103.00 -317.00 0.00
107.00 -317.00 0.00
111.00 -317.00 0.00
115.00 -317.00 0.00
119.00 -317.00 0.00
123.00 -317.00 0.00
127.00 -317.00 0.00
131.00 -317.00 0.00
135.00 -317.00 0.00
139.00 -317.00 0.00
143.00 -317.00 0.00
147.00 -317.00 0.00
151.00 -317.00 0.00
155.00 -317.00 0.00
159.00 -317.00 0.00
-357.00 -313.00 0.00
-353.00 -313.00 0.00
-349.00 -313.00 0.00
-345.00 -313.00 0.12
-341.00 -313.00 0.19
-337.00 -313.00 0.29
-333.00 -313.00 0.38
-329.00 -313.00 0.45
-325.00 -313.00 0.47
-321.00 -313.00 0.50
-317.00 -313.00 0.47
-313.00 -313.00 0.40
-309.00 -313.00 0.32
-305.00 -313.00 0.30
-301.00 -313.00 0.30
-297.00 -313.00 0.30
-293.00 -313.00 0.29
-289.00 -313.00 0.24
-285.00 -313.00 0.21
-281.00 -313.00 0.19
-277.00 -313.00 0.16
-273.00 -313.00 0.12
-269.00 -313.00 0.18
-265.00 -313.00 0.24
-261.00 -313.00 0.29
-257.00 -313.00 0.30
-253.00 -313.00 0.30
-249.00 -313.00 0.29
-245.00 -313.00 0.29
-241.00 -313.00 0.30
-237.00 -313.00 0.29
-233.00 -313.00 0.26
-229.00 -313.00 0.23
-225.00 -313.00 0.00
-221.00 -313.00 0.00
-217.00 -313.00 0.00
-213.00 -313.00 0.22
-209.00 -313.00 0.27
-205.00 -313.00 0.34
-201.00 -313.00 0.43
-197.00 -313.00 0.51
-193.00 -313.00 0.55
-189.00 -313.00 0.53
-185.00 -313.00 0.48
-181.00 -313.00 0.42
-177.00 -313.00 0.45
-173.00 -313.00 0.47
-169.00 -313.00 0.45
-165.00 -313.00 0.38
-161.00 -313.00 0.32
-157.00 -313.00 0.32
-153.00 -313.00 0.38
-149.00 -313.00 0.40
-145.00 -313.00 0.38
-141.00 -313.00 0.32
-137.00 -313.00 0.30
-133.00 -313.00 0.40
-129.00 -313.00 0.47
-125.00 -313.00 0.50
-121.00 -313.00 0.47
-117.00 -313.00 0.45
-113.00 -313.00 0.40
-109.00 -313.00 0.38
-105.00 -313.00 0.32
-101.00 -313.00 0.38
-97.00 -313.00 0.40
-93.00 -313.00 0.40
-89.00 -313.00 0.38
-85.00 -313.00 0.32
-81.00 -313.00 0.38
-77.00 -313.00 0.40
-73.00 -313.00 0.38
-69.00 -313.00 0.32
-65.00 -313.00 0.24
-61.00 -313.00 0.21
-57.00 -313.00 0.30
-53.00 -313.00 0.40
-49.00 -313.00 0.47
-45.00 -313.00 0.50
-41.00 -313.00 0.50
-37.00 -313.00 0.50
-33.00 -313.00 0.47
-29.00 -313.00 0.47
-25.00 -313.00 0.47
-21.00 -313.00 0.47
-17.00 -313.00 0.45
-13.00 -313.00 0.40
-9.00 -313.00 0.40
-5.00 -313.00 0.38
-1.00 -313.00 0.32
3.00 -313.00 0.24
7.00 -313.00 0.16
11.00 -313.00 0.00
15.00 -313.00 0.00
19.00 -313.00 0.00
23.00 -313.00 0.00
27.00 -313.00 0.00
31.00 -313.00 0.00
35.00 -313.00 0.00
39.00 -313.00 0.00
43.00 -313.00 0.00
47.00 -313.00 0.00
51.00 -313.00 0.00
55.00 -313.00 0.00
59.00 -313.00 0.00
63.00 -313.00 0.00
67.00 -313.00 0.00
71.00 -313.00 0.00
75.00 -313.00 0.00
79.00 -313.00 0.00
83.00 -313.00 0.00
87.00 -313.00 0.00
91.00 -313.00 0.00
95.00 -313.00 0.00
99.00 -313.00 0.00
103.00 -313.00 0.00
107.00 -313.00 0.00
111.00 -313.00 0.00
115.00 -313.00 0.00
119.00 -313.00 0.00
123.00 -313.00 0.00
127.00 -313.00 0.00
131.00 -313.00 0.00
135.00 -313.00 0.00
139.00 -313.00 0.00
143.00 -313.00 0.00
147.00 -313.00 0.00
151.00 -313.00 0.00
155.00 -313.00 0.00
159.00 -313.00 0.00
-357.00 -309.00 0.00
-353.00 -309.00 0.00
-349.00 -309.00 0.00
-345.00 -309.00 0.12
-341.00 -309.00 0.21
-337.00 -309.00 0.30
-333.00 -309.00 0.40
-329.00 -309.00 0.47
-325.00 -309.00 0.50
-321.00 -309.00 0.50
-317.00 -309.00 0.47
-313.00 -309.00 0.40
-309.00 -309.00 0.30
-305.00 -309.00 0.21
-301.00 -309.00 0.21
-297.00 -309.00 0.21
-293.00 -309.00 0.19
-289.00 -309.00 0.16
-285.00 -309.00 0.12
-281.00 -309.00 0.12
-277.00 -309.00 0.00
-273.00 -309.00 0.16
-269.00 -309.00 0.24
-265.00 -309.00 0.32
-261.00 -309.00 0.38
-257.00 -309.00 0.40
-253.00 -309.00 0.40
-249.00 -309.00 0.38
-245.00 -309.00 0.32
-241.00 -309.00 0.29
-237.00 -309.00 0.26
-233.00 -309.00 0.24
-229.00 -309.00 0.23
-225.00 -309.00 0.25
-221.00 -309.00 0.28
-217.00 -309.00 0.33
-213.00 -309.00 0.36
-209.00 -309.00 0.40
-205.00 -309.00 0.44
-201.00 -309.00 0.49
-197.00 -309.00 0.55
-193.00 -309.00 0.60
-189.00 -309.00 0.61
-185.00 -309.00 0.58
-181.00 -309.00 0.55
-177.00 -309.00 0.49
-173.00 -309.00 0.41
-169.00 -309.00 0.38
-165.00 -309.00 0.32
-161.00 -309.00 0.24
-157.00 -309.00 0.24
-153.00 -309.00 0.29
-149.00 -309.00 0.30
-145.00 -309.00 0.29
-141.00 -309.00 0.24
-137.00 -309.00 0.30
-133.00 -309.00 0.40
-129.00 -309.00 0.47
-125.00 -309.00 0.50
-121.00 -309.00 0.50
-117.00 -309.00 0.47
-113.00 -309.00 0.40
-109.00 -309.00 0.40
-105.00 -309.00 0.40
-101.00 -309.00 0.45
-97.00 -309.00 0.47
-93.00 -309.00 0.47
-89.00 -309.00 0.45
-85.00 -309.00 0.38
-81.00 -309.00 0.29
-77.00 -309.00 0.30
-73.00 -309.00 0.29
-69.00 -309.00 0.24
-65.00 -309.00 0.18
-61.00 -309.00 0.21
-57.00 -309.00 0.30
-53.00 -309.00 0.40
-49.00 -309.00 0.47
-45.00 -309.00 0.50
-41.00 -309.00 0.47
-37.00 -309.00 0.47
-33.00 -309.00 0.45
-29.00 -309.00 0.40
-25.00 -309.00 0.40
-21.00 -309.00 0.40
-17.00 -309.00 0.38
-13.00 -309.00 0.32
-9.00 -309.00 0.30
-5.00 -309.00 0.29
-1.00 -309.00 0.24
3.00 -309.00 0.18
7.00 -309.00 0.12
11.00 -309.00 0.00
15.00 -309.00 0.00
19.00 -309.00 0.00
23.00 -309.00 0.00
27.00 -309.00 0.00
31.00 -309.00 0.00
35.00 -309.00 0.00
39.00 -309.00 0.00
43.00 -309.00 0.00
47.00 -309.00 0.00
51.00 -309.00 0.00
55.00 -309.00 0.00
59.00 -309.00 0.00
63.00 -309.00 0.00
67.00 -309.00 0.00
71.00 -309.00 0.00
75.00 -309.00 0.00
79.00 -309.00 0.00
83.00 -309.00 0.00
87.00 -309.00 0.00
91.00 -309.00 0.00
95.00 -309.00 0.00
99.00 -309.00 0.00
103.00 -309.00 0.00
107.00 -309.00 0.00
111.00 -309.00 0.00
115.00 -309.00 0.00
119.00 -309.00 0.00
123.00 -309.00 0.00
127.00 -309.00 0.00
131.00 -309.00 0.00
135.00 -309.00 0.00
139.00 -309.00 0.00
143.00 -309.00 0.00
147.00 -309.00 0.00
151.00 -309.00 0.00
155.00 -309.00 0.00
159.00 -309.00 0.00
-357.00 -305.00 0.00
-353.00 -305.00 0.00
-349.00 -305.00 0.00
-345.00 -305.00 0.16
-341.00 -305.00 0.24
-337.00 -305.00 0.32
-333.00 -305.00 0.40
-329.00 -305.00 0.47
-325.00 -305.00 0.50
-321.00 -305.00 0.47
-317.00 -305.00 0.45
-313.00 -305.00 0.38
-309.00 -305.00 0.29
-305.00 -305.00 0.19
-301.00 -305.00 0.12
-297.00 -305.00 0.12
-293.00 -305.00 0.12
-289.00 -305.00 0.00
-285.00 -305.00 0.00
-281.00 -305.00 0.00
-277.00 -305.00 0.12
-273.00 -305.00 0.19
-269.00 -305.00 0.29
-265.00 -305.00 0.38
-261.00 -305.00 0.45
-257.00 -305.00 0.47
-253.00 -305.00 0.47
-249.00 -305.00 0.45
-245.00 -305.00 0.38
-241.00 -305.00 0.29
-237.00 -305.00 0.23
-233.00 -305.00 0.22
-229.00 -305.00 0.24
-225.00 -305.00 0.30
-221.00 -305.00 0.39
-217.00 -305.00 0.46
-213.00 -305.00 0.52
-209.00 -305.00 0.54
-205.00 -305.00 0.54
-201.00 -305.00 0.56
-197.00 -305.00 0.59
-193.00 -305.00 0.64
-189.00 -305.00 0.68
-185.00 -305.00 0.71
-181.00 -305.00 0.71
-177.00 -305.00 0.65
-173.00 -305.00 0.56
-169.00 -305.00 0.45
-165.00 -305.00 0.35
-161.00 -305.00 0.30
-157.00 -305.00 0.29
-153.00 -305.00 0.30
-149.00 -305.00 0.30
-145.00 -305.00 0.26
-141.00 -305.00 0.21
-137.00 -305.00 0.29
-133.00 -305.00 0.38
-129.00 -305.00 0.45
-125.00 -305.00 0.47
-121.00 -305.00 0.50
-117.00 -305.00 0.47
-113.00 -305.00 0.47
-109.00 -305.00 0.47
-105.00 -305.00 0.47
-101.00 -305.00 0.47
-97.00 -305.00 0.50
-93.00 -305.00 0.50
-89.00 -305.00 0.47
-85.00 -305.00 0.40
-81.00 -305.00 0.30
-77.00 -305.00 0.29
-73.00 -305.00 0.24
-69.00 -305.00 0.18
-65.00 -305.00 0.12
-61.00 -305.00 0.21
-57.00 -305.00 0.30
-53.00 -305.00 0.40
-49.00 -305.00 0.47
-45.00 -305.00 0.50
-41.00 -305.00 0.47
-37.00 -305.00 0.40
-33.00 -305.00 0.38
-29.00 -305.00 0.32
-25.00 -305.00 0.30
-21.00 -305.00 0.30
-17.00 -305.00 0.29
-13.00 -305.00 0.24
-9.00 -305.00 0.21
-5.00 -305.00 0.19
-1.00 -305.00 0.16
3.00 -305.00 0.12
7.00 -305.00 0.00
11.00 -305.00 0.00
15.00 -305.00 0.00
19.00 -305.00 0.00
23.00 -305.00 0.00
27.00 -305.00 0.00
31.00 -305.00 0.00
35.00 -305.00 0.00
39.00 -305.00 0.00
43.00 -305.00 0.00
47.00 -305.00 0.00
51.00 -305.00 0.00
55.00 -305.00 0.00
59.00 -305.00 0.00
63.00 -305.00 0.00
67.00 -305.00 0.00
71.00 -305.00 0.00
75.00 -305.00 0.00
79.00 -305.00 0.00
83.00 -305.00 0.00
87.00 -305.00 0.00
91.00 -305.00 0.00
95.00 -305.00 0.00
99.00 -305.00 0.00
103.00 -305.00 0.00
107.00 -305.00 0.00
111.00 -305.00 0.00
115.00 -305.00 0.00
119.00 -305.00 0.00
123.00 -305.00 0.00
127.00 -305.00 0.00
131.00 -305.00 0.00
135.00 -305.00 0.00
139.00 -305.00 0.00
143.00 -305.00 0.00
147.00 -305.00 0.00
151.00 -305.00 0.00
155.00 -305.00 0.00
159.00 -305.00 0.00
-357.00 -301.00 0.00
-353.00 -301.00 0.00
-349.00 -301.00 0.12
-345.00 -301.00 0.19
-341.00 -301.00 0.29
-337.00 -301.00 0.38
-333.00 -301.00 0.45
-329.00 -301.00 0.47
-325.00 -301.00 0.50
-321.00 -301.00 0.47
-317.00 -301.00 0.40
-313.00 -301.00 0.32
-309.00 -301.00 0.24
-305.00 -301.00 0.16
-301.00 -301.00 0.00
-297.00 -301.00 0.00
-293.00 -301.00 0.00
-289.00 -301.00 0.00
-285.00 -301.00 0.00
-281.00 -301.00 0.00
-277.00 -301.00 0.16
-273.00 -301.00 0.24
-269.00 -301.00 0.32
-265.00 -301.00 0.40
-261.00 -301.00 0.47
-257.00 -301.00 0.50
-253.00 -301.00 0.50
-249.00 -301.00 0.47
-245.00 -301.00 0.40
-241.00 -301.00 0.30
-237.00 -301.00 0.21
-233.00 -301.00 0.20
-229.00 -301.00 0.25
-225.00 -301.00 0.34
-221.00 -301.00 0.46
-217.00 -301.00 0.57
-213.00 -301.00 0.64
-209.00 -301.00 0.66
-205.00 -301.00 0.65
-201.00 -301.00 0.63
-197.00 -301.00 0.63
-193.00 -301.00 0.68
-189.00 -301.00 0.77
-185.00 -301.00 0.85
-181.00 -301.00 0.88
-177.00 -301.00 0.84
-173.00 -301.00 0.72
-169.00 -301.00 0.58
-165.00 -301.00 0.46
-161.00 -301.00 0.39
-157.00 -301.00 0.37
-153.00 -301.00 0.39
-149.00 -301.00 0.39
-145.00 -301.00 0.35
-141.00 -301.00 0.29
-137.00 -301.00 0.24
-133.00 -301.00 0.32
-129.00 -301.00 0.38
-125.00 -301.00 0.45
-121.00 -301.00 0.47
-117.00 -301.00 0.50
-113.00 -301.00 0.50
-109.00 -301.00 0.50
-105.00 -301.00 0.50
-101.00 -301.00 0.50
-97.00 -301.00 0.50
-93.00 -301.00 0.47
-89.00 -301.00 0.45
-85.00 -301.00 0.38
-81.00 -301.00 0.40
-77.00 -301.00 0.38
-73.00 -301.00 0.32
-69.00 -301.00 0.24
-65.00 -301.00 0.18
-61.00 -301.00 0.21
-57.00 -301.00 0.30
-53.00 -301.00 0.40
-49.00 -301.00 0.47
-45.00 -301.00 0.50
-41.00 -301.00 0.47
-37.00 -301.00 0.40
-33.00 -301.00 0.30
-29.00 -301.00 0.24
-25.00 -301.00 0.21
-21.00 -301.00 0.21
-17.00 -301.00 0.19
-13.00 -301.00 0.16
-9.00 -301.00 0.12
-5.00 -301.00 0.12
-1.00 -301.00 0.00
3.00 -301.00 0.00
7.00 -301.00 0.00
11.00 -301.00 0.00
15.00 -301.00 0.00
19.00 -301.00 0.00
23.00 -301.00 0.00
27.00 -301.00 0.00
31.00 -301.00 0.00
35.00 -301.00 0.00
39.00 -301.00 0.00
43.00 -301.00 0.00
47.00 -301.00 0.00
51.00 -301.00 0.00
55.00 -301.00 0.00
59.00 -301.00 0.00
63.00 -301.00 0.00
67.00 -301.00 0.00
71.00 -301.00 0.00
75.00 -301.00 0.00
79.00 -301.00 0.00
83.00 -301.00 0.00
87.00 -301.00 0.00
91.00 -301.00 0.00
95.00 -301.00 0.00
99.00 -301.00 0.00
103.00 -301.00 0.00
107.00 -301.00 0.00
111.00 -301.00 0.00
115.00 -301.00 0.00
119.00 -301.00 0.00
123.00 -301.00 0.00
127.00 -301.00 0.00
131.00 -301.00 0.00
135.00 -301.00 0.00
139.00 -301.00 0.00
143.00 -301.00 0.00
147.00 -301.00 0.00
151.00 -301.00 0.00
155.00 -301.00 0.00
159.00 -301.00 0.00
-357.00 -297.00 0.00
-353.00 -297.00 0.00
-349.00 -297.00 0.16
-345.00 -297.00 0.24
-341.00 -297.00 0.32
-337.00 -297.00 0.40
-333.00 -297.00 0.47
-329.00 -297.00 0.50
-325.00 -297.00 0.47
-321.00 -297.00 0.45
-317.00 -297.00 0.38
-313.00 -297.00 0.29
-309.00 -297.00 0.19
-305.00 -297.00 0.12
-301.00 -297.00 0.00
-297.00 -297.00 0.00
-293.00 -297.00 0.00
-289.00 -297.00 0.00
-285.00 -297.00 0.00
-281.00 -297.00 0.12
-277.00 -297.00 0.19
-273.00 -297.00 0.29
-269.00 -297.00 0.38
-265.00 -297.00 0.45
-261.00 -297.00 0.47
-257.00 -297.00 0.50
-253.00 -297.00 0.47
-249.00 -297.00 0.45
-245.00 -297.00 0.38
-241.00 -297.00 0.29
-237.00 -297.00 0.19
-233.00 -297.00 0.20
-229.00 -297.00 0.26
-225.00 -297.00 0.37
-221.00 -297.00 0.50
-217.00 -297.00 0.62
-213.00 -297.00 0.71
-209.00 -297.00 0.75
-205.00 -297.00 0.75
-201.00 -297.00 0.73
-197.00 -297.00 0.72
-193.00 -297.00 0.76
-189.00 -297.00 0.85
-185.00 -297.00 0.96
-181.00 -297.00 1.00
-177.00 -297.00 0.97
-173.00 -297.00 0.85
-169.00 -297.00 0.68
-165.00 -297.00 0.53
-161.00 -297.00 0.44
-157.00 -297.00 0.42
-153.00 -297.00 0.44
-149.00 -297.00 0.45
-145.00 -297.00 0.42
-141.00 -297.00 0.37
-137.00 -297.00 0.33
-133.00 -297.00 0.33
-129.00 -297.00 0.36
-125.00 -297.00 0.38
-121.00 -297.00 0.45
-117.00 -297.00 0.47
-113.00 -297.00 0.47
-109.00 -297.00 0.47
-105.00 -297.00 0.50
-101.00 -297.00 0.50
-97.00 -297.00 0.47
-93.00 -297.00 0.45
-89.00 -297.00 0.38
-85.00 -297.00 0.45
-81.00 -297.00 0.47
-77.00 -297.00 0.45
-73.00 -297.00 0.38
-69.00 -297.00 0.32
-65.00 -297.00 0.24
-61.00 -297.00 0.21
-57.00 -297.00 0.30
-53.00 -297.00 0.40
-49.00 -297.00 0.47
-45.00 -297.00 0.50
-41.00 -297.00 0.47
-37.00 -297.00 0.40
-33.00 -297.00 0.30
-29.00 -297.00 0.30
-25.00 -297.00 0.29
-21.00 -297.00 0.24
-17.00 -297.00 0.18
-13.00 -297.00 0.12
-9.00 -297.00 0.00
-5.00 -297.00 0.00
-1.00 -297.00 0.00
3.00 -297.00 0.00
7.00 -297.00 0.00
11.00 -297.00 0.00
15.00 -297.00 0.00
19.00 -297.00 0.00
23.00 -297.00 0.00
27.00 -297.00 0.00
31.00 -297.00 0.00
35.00 -297.00 0.00
39.00 -297.00 0.00
43.00 -297.00 0.00
47.00 -297.00 0.00
51.00 -297.00 0.00
55.00 -297.00 0.00
59.00 -297.00 0.00
63.00 -297.00 0.00
67.00 -297.00 0.00
71.00 -297.00 0.00
75.00 -297.00 0.00
79.00 -297.00 0.00
83.00 -297.00 0.00
87.00 -297.00 0.00
91.00 -297.00 0.00
95.00 -297.00 0.00
99.00 -297.00 0.00
103.00 -297.00 0.00
107.00 -297.00 0.00
111.00 -297.00 0.00
115.00 -297.00 0.00
119.00 -297.00 0.00
123.00 -297.00 0.00
127.00 -297.00 0.00
131.00 -297.00 0.00
135.00 -297.00 0.00
139.00 -297.00 0.00
143.00 -297.00 0.00
147.00 -297.00 0.00
151.00 -297.00 0.00
155.00 -297.00 0.00
159.00 -297.00 0.00
-357.00 -293.00 0.00
-353.00 -293.00 0.12
-349.00 -293.00 0.19
-345.00 -293.00 0.29
-341.00 -293.00 0.38
-337.00 -293.00 0.45
-333.00 -293.00 0.47
-329.00 -293.00 0.50
-325.00 -293.00 0.47
-321.00 -293.00 0.40
-317.00 -293.00 0.32
-313.00 -293.00 0.24
-309.00 -293.00 0.16
-305.00 -293.00 0.00
-301.00 -293.00 0.00
-297.00 -293.00 0.00
-293.00 -293.00 0.00
-289.00 -293.00 0.00
-285.00 -293.00 0.00
-281.00 -293.00 0.12
-277.00 -293.00 0.21
-273.00 -293.00 0.30
-269.00 -293.00 0.40
-265.00 -293.00 0.47
-261.00 -293.00 0.50
-257.00 -293.00 0.47
-253.00 -293.00 0.45
-249.00 -293.00 0.38
-245.00 -293.00 0.32
-241.00 -293.00 0.24
-237.00 -293.00 0.20
-233.00 -293.00 0.22
-229.00 -293.00 0.28
-225.00 -293.00 0.37
-221.00 -293.00 0.49
-217.00 -293.00 0.62
-213.00 -293.00 0.73
-209.00 -293.00 0.81
-205.00 -293.00 0.84
-201.00 -293.00 0.84
-197.00 -293.00 0.84
-193.00 -293.00 0.85
-189.00 -293.00 0.92
-185.00 -293.00 1.00
-181.00 -293.00 1.00
-177.00 -293.00 1.00
-173.00 -293.00 0.89
-169.00 -293.00 0.71
-165.00 -293.00 0.56
-161.00 -293.00 0.45
-157.00 -293.00 0.42
-153.00 -293.00 0.44
-149.00 -293.00 0.46
-145.00 -293.00 0.46
-141.00 -293.00 0.43
-137.00 -293.00 0.42
-133.00 -293.00 0.43
-129.00 -293.00 0.47
-125.00 -293.00 0.50
-121.00 -293.00 0.46
-117.00 -293.00 0.40
-113.00 -293.00 0.40
-109.00 -293.00 0.45
-105.00 -293.00 0.47
-101.00 -293.00 0.47
-97.00 -293.00 0.45
-93.00 -293.00 0.38
-89.00 -293.00 0.40
-85.00 -293.00 0.47
-81.00 -293.00 0.50
-77.00 -293.00 0.47
-73.00 -293.00 0.45
-69.00 -293.00 0.38
-65.00 -293.00 0.29
-61.00 -293.00 0.23
-57.00 -293.00 0.33
-53.00 -293.00 0.42
-49.00 -293.00 0.48
-45.00 -293.00 0.47
-41.00 -293.00 0.45
-37.00 -293.00 0.38
-33.00 -293.00 0.40
-29.00 -293.00 0.40
-25.00 -293.00 0.38
-21.00 -293.00 0.32
-17.00 -293.00 0.24
-13.00 -293.00 0.16
-9.00 -293.00 0.00
-5.00 -293.00 0.00
-1.00 -293.00 0.00
3.00 -293.00 0.00
7.00 -293.00 0.00
11.00 -293.00 0.00
15.00 -293.00 0.00
19.00 -293.00 0.00
23.00 -293.00 0.00
27.00 -293.00 0.00
31.00 -293.00 0.00
35.00 -293.00 0.00
39.00 -293.00 0.00
43.00 -293.00 0.00
47.00 -293.00 0.00
51.00 -293.00 0.00
55.00 -293.00 0.00
59.00 -293.00 0.00
63.00 -293.00 0.00
67.00 -293.00 0.00
71.00 -293.00 0.00
75.00 -293.00 0.00
79.00 -293.00 0.00
83.00 -293.00 0.00
87.00 -293.00 0.00
91.00 -293.00 0.00
95.00 -293.00 0.00
99.00 -293.00 0.00
103.00 -293.00 0.00
107.00 -293.00 0.00
111.00 -293.00 0.00
115.00 -293.00 0.00
119.00 -293.00 0.00
123.00 -293.00 0.00
127.00 -293.00 0.00
131.00 -293.00 0.00
135.00 -293.00 0.00
139.00 -293.00 0.00
143.00 -293.00 0.00
147.00 -293.00 0.00
151.00 -293.00 0.00
155.00 -293.00 0.00
159.00 -293.00 0.00
-357.00 -289.00 0.00
-353.00 -289.00 0.12
-349.00 -289.00 0.21
-345.00 -289.00 0.30
-341.00 -289.00 0.40
-337.00 -289.00 0.47
-333.00 -289.00 0.50
-329.00 -289.00 0.50
-325.00 -289.00 0.47
-321.00 -289.00 0.40
-317.00 -289.00 0.30
-313.00 -289.00 0.21
-309.00 -289.00 0.12
-305.00 -289.00 0.00
-301.00 -289.00 0.00
-297.00 -289.00 0.00
-293.00 -289.00 0.00
-289.00 -289.00 0.00
-285.00 -289.00 0.00
-281.00 -289.00 0.12
-277.00 -289.00 0.21
-273.00 -289.00 0.30
-269.00 -289.00 0.40
-265.00 -289.00 0.47
-261.00 -289.00 0.50
-257.00 -289.00 0.47
-253.00 -289.00 0.40
-249.00 -289.00 0.32
-245.00 -289.00 0.24
-241.00 -289.00 0.20
-237.00 -289.00 0.24
-233.00 -289.00 0.26
-229.00 -289.00 0.30
-225.00 -289.00 0.36
-221.00 -289.00 0.46
-217.00 -289.00 0.58
-213.00 -289.00 0.70
-209.00 -289.00 0.81
-205.00 -289.00 0.89
-201.00 -289.00 0.93
-197.00 -289.00 0.94
-193.00 -289.00 0.93
-189.00 -289.00 0.94
-185.00 -289.00 0.98
-181.00 -289.00 0.99
-177.00 -289.00 0.95
-173.00 -289.00 0.84
-169.00 -289.00 0.70
-165.00 -289.00 0.56
-161.00 -289.00 0.46
-157.00 -289.00 0.41
-153.00 -289.00 0.41
-149.00 -289.00 0.43
-145.00 -289.00 0.44
-141.00 -289.00 0.44
-137.00 -289.00 0.46
-133.00 -289.00 0.50
-129.00 -289.00 0.57
-125.00 -289.00 0.60
-121.00 -289.00 0.55
-117.00 -289.00 0.43
-113.00 -289.00 0.32
-109.00 -289.00 0.38
-105.00 -289.00 0.40
-101.00 -289.00 0.40
-97.00 -289.00 0.38
-93.00 -289.00 0.32
-89.00 -289.00 0.38
-85.00 -289.00 0.45
-81.00 -289.00 0.47
-77.00 -289.00 0.50
-73.00 -289.00 0.47
-69.00 -289.00 0.40
-65.00 -289.00 0.30
-61.00 -289.00 0.29
-57.00 -289.00 0.41
-53.00 -289.00 0.53
-49.00 -289.00 0.61
-45.00 -289.00 0.58
-41.00 -289.00 0.47
-37.00 -289.00 0.45
-33.00 -289.00 0.47
-29.00 -289.00 0.47
-25.00 -289.00 0.45
-21.00 -289.00 0.38
-17.00 -289.00 0.29
-13.00 -289.00 0.19
-9.00 -289.00 0.12
-5.00 -289.00 0.00
-1.00 -289.00 0.00
3.00 -289.00 0.00
7.00 -289.00 0.00
11.00 -289.00 0.00
15.00 -289.00 0.00
19.00 -289.00 0.00
23.00 -289.00 0.00
27.00 -289.00 0.00
31.00 -289.00 0.00
35.00 -289.00 0.00
39.00 -289.00 0.00
43.00 -289.00 0.00
47.00 -289.00 0.00
51.00 -289.00 0.00
55.00 -289.00 0.00
59.00 -289.00 0.00
63.00 -289.00 0.00
67.00 -289.00 0.00
71.00 -289.00 0.00
75.00 -289.00 0.00
79.00 -289.00 0.00
83.00 -289.00 0.00
87.00 -289.00 0.00
91.00 -289.00 0.00
95.00 -289.00 0.00
99.00 -289.00 0.00
103.00 -289.00 0.00
107.00 -289.00 0.00
111.00 -289.00 0.00
115.00 -289.00 0.00
119.00 -289.00 0.00
123.00 -289.00 0.00
127.00 -289.00 0.00
131.00 -289.00 0.00
135.00 -289.00 0.00
139.00 -289.00 0.00
143.00 -289.00 0.00
147.00 -289.00 0.00
151.00 -289.00 0.00
155.00 -289.00 0.00
159.00 -289.00 0.00
-357.00 -285.00 0.00
-353.00 -285.00 0.16
-349.00 -285.00 0.24
-345.00 -285.00 0.32
-341.00 -285.00 0.40
-337.00 -285.00 0.47
-333.00 -285.00 0.50
-329.00 -285.00 0.47
-325.00 -285.00 0.45
-321.00 -285.00 0.38
-317.00 -285.00 0.29
-313.00 -285.00 0.19
-309.00 -285.00 0.12
-305.00 -285.00 0.00
-301.00 -285.00 0.00
-297.00 -285.00 0.00
-293.00 -285.00 0.00
-289.00 -285.00 0.00
-285.00 -285.00 0.00
-281.00 -285.00 0.12
-277.00 -285.00 0.19
-273.00 -285.00 0.29
-269.00 -285.00 0.38
-265.00 -285.00 0.45
-261.00 -285.00 0.47
-257.00 -285.00 0.45
-253.00 -285.00 0.38
-249.00 -285.00 0.29
-245.00 -285.00 0.19
-241.00 -285.00 0.22
-237.00 -285.00 0.28
-233.00 -285.00 0.30
-229.00 -285.00 0.31
-225.00 -285.00 0.34
-221.00 -285.00 0.41
-217.00 -285.00 0.51
-213.00 -285.00 0.63
-209.00 -285.00 0.76
-205.00 -285.00 0.87
-201.00 -285.00 0.95
-197.00 -285.00 0.98
-193.00 -285.00 0.97
-189.00 -285.00 0.93
-185.00 -285.00 0.91
-181.00 -285.00 0.89
-177.00 -285.00 0.85
-173.00 -285.00 0.78
-169.00 -285.00 0.68
-165.00 -285.00 0.58
-161.00 -285.00 0.48
-157.00 -285.00 0.42
-153.00 -285.00 0.38
-149.00 -285.00 0.37
-145.00 -285.00 0.38
-141.00 -285.00 0.40
-137.00 -285.00 0.44
-133.00 -285.00 0.52
-129.00 -285.00 0.60
-125.00 -285.00 0.64
-121.00 -285.00 0.59
-117.00 -285.00 0.45
-113.00 -285.00 0.29
-109.00 -285.00 0.29
-105.00 -285.00 0.30
-101.00 -285.00 0.30
-97.00 -285.00 0.29
-93.00 -285.00 0.24
-89.00 -285.00 0.32
-85.00 -285.00 0.38
-81.00 -285.00 0.45
-77.00 -285.00 0.47
-73.00 -285.00 0.45
-69.00 -285.00 0.38
-65.00 -285.00 0.29
-61.00 -285.00 0.35
-57.00 -285.00 0.50
-53.00 -285.00 0.65
-49.00 -285.00 0.73
-45.00 -285.00 0.70
-41.00 -285.00 0.57
-37.00 -285.00 0.47
-33.00 -285.00 0.50
-29.00 -285.00 0.50
-25.00 -285.00 0.47
-21.00 -285.00 0.40
-17.00 -285.00 0.30
-13.00 -285.00 0.21
-9.00 -285.00 0.12
-5.00 -285.00 0.00
-1.00 -285.00 0.00
3.00 -285.00 0.00
7.00 -285.00 0.00
11.00 -285.00 0.00
15.00 -285.00 0.00
19.00 -285.00 0.00
23.00 -285.00 0.00
27.00 -285.00 0.00
31.00 -285.00 0.00
35.00 -285.00 0.00
39.00 -285.00 0.00
43.00 -285.00 0.00
47.00 -285.00 0.00
51.00 -285.00 0.00
55.00 -285.00 0.00
59.00 -285.00 0.00
63.00 -285.00 0.00
67.00 -285.00 0.00
71.00 -285.00 0.00
75.00 -285.00 0.00
79.00 -285.00 0.00
83.00 -285.00 0.00
87.00 -285.00 0.00
91.00 -285.00 0.00
95.00 -285.00 0.00
99.00 -285.00 0.00
103.00 -285.00 0.00
107.00 -285.00 0.00
111.00 -285.00 0.00
115.00 -285.00 0.00
119.00 -285.00 0.00
123.00 -285.00 0.00
127.00 -285.00 0.00
131.00 -285.00 0.00
135.00 -285.00 0.00
139.00 -285.00 0.00
143.00 -285.00 0.00
147.00 -285.00 0.00
151.00 -285.00 0.00
155.00 -285.00 0.00
159.00 -285.00 0.00
-357.00 -281.00 0.12
-353.00 -281.00 0.19
-349.00 -281.00 0.29
-345.00 -281.00 0.38
-341.00 -281.00 0.45
-337.00 -281.00 0.47
-333.00 -281.00 0.50
-329.00 -281.00 0.47
-325.00 -281.00 0.40
-321.00 -281.00 0.32
-317.00 -281.00 0.24
-313.00 -281.00 0.16
-309.00 -281.00 0.00
-305.00 -281.00 0.00
-301.00 -281.00 0.00
-297.00 -281.00 0.00
-293.00 -281.00 0.00
-289.00 -281.00 0.00
-285.00 -281.00 0.00
-281.00 -281.00 0.00
-277.00 -281.00 0.16
-273.00 -281.00 0.24
-269.00 -281.00 0.32
-265.00 -281.00 0.38
-261.00 -281.00 0.40
-257.00 -281.00 0.38
-253.00 -281.00 0.32
-249.00 -281.00 0.24
-245.00 -281.00 0.16
-241.00 -281.00 0.23
-237.00 -281.00 0.29
-233.00 -281.00 0.31
-229.00 -281.00 0.30
-225.00 -281.00 0.31
-221.00 -281.00 0.34
-217.00 -281.00 0.42
-213.00 -281.00 0.53
-209.00 -281.00 0.65
-205.00 -281.00 0.78
-201.00 -281.00 0.90
-197.00 -281.00 0.96
-193.00 -281.00 0.95
-189.00 -281.00 0.90
-185.00 -281.00 0.85
-181.00 -281.00 0.81
-177.00 -281.00 0.78
-173.00 -281.00 0.74
-169.00 -281.00 0.70
-165.00 -281.00 0.63
-161.00 -281.00 0.54
-157.00 -281.00 0.45
-153.00 -281.00 0.37
-149.00 -281.00 0.32
-145.00 -281.00 0.31
-141.00 -281.00 0.34
-137.00 -281.00 0.40
-133.00 -281.00 0.50
-129.00 -281.00 0.59
-125.00 -281.00 0.62
-121.00 -281.00 0.57
-117.00 -281.00 0.43
-113.00 -281.00 0.29
-109.00 -281.00 0.19
-105.00 -281.00 0.21
-101.00 -281.00 0.21
-97.00 -281.00 0.21
-93.00 -281.00 0.25
-89.00 -281.00 0.26
-85.00 -281.00 0.32
-81.00 -281.00 0.38
-77.00 -281.00 0.40
-73.00 -281.00 0.38
-69.00 -281.00 0.32
-65.00 -281.00 0.28
-61.00 -281.00 0.40
-57.00 -281.00 0.57
-53.00 -281.00 0.73
-49.00 -281.00 0.81
-45.00 -281.00 0.77
-41.00 -281.00 0.63
-37.00 -281.00 0.50
-33.00 -281.00 0.47
-29.00 -281.00 0.47
-25.00 -281.00 0.45
-21.00 -281.00 0.38
-17.00 -281.00 0.29
-13.00 -281.00 0.19
-9.00 -281.00 0.12
-5.00 -281.00 0.00
-1.00 -281.00 0.00
3.00 -281.00 0.00
7.00 -281.00 0.00
11.00 -281.00 0.00
15.00 -281.00 0.00
19.00 -281.00 0.00
23.00 -281.00 0.00
27.00 -281.00 0.00
31.00 -281.00 0.00
35.00 -281.00 0.00
39.00 -281.00 0.00
43.00 -281.00 0.00
47.00 -281.00 0.00
51.00 -281.00 0.00
55.00 -281.00 0.00
59.00 -281.00 0.00
63.00 -281.00 0.00
67.00 -281.00 0.00
71.00 -281.00 0.00
75.00 -281.00 0.00
79.00 -281.00 0.00
83.00 -281.00 0.00
87.00 -281.00 0.00
91.00 -281.00 0.00
95.00 -281.00 0.00
99.00 -281.00 0.00
103.00 -281.00 0.00
107.00 -281.00 0.00
111.00 -281.00 0.00
115.00 -281.00 0.00
119.00 -281.00 0.00
123.00 -281.00 0.00
127.00 -281.00 0.00
131.00 -281.00 0.00
135.00 -281.00 0.00
139.00 -281.00 0.00
143.00 -281.00 0.00
147.00 -281.00 0.00
151.00 -281.00 0.00
155.00 -281.00 0.00
159.00 -281.00 0.00
-357.00 -277.00 0.12
-353.00 -277.00 0.21
-349.00 -277.00 0.30
-345.00 -277.00 0.40
-341.00 -277.00 0.47
-337.00 -277.00 0.50
-333.00 -277.00 0.50
-329.00 -277.00 0.47
-325.00 -277.00 0.40
-321.00 -277.00 0.30
-317.00 -277.00 0.21
-313.00 -277.00 0.12
-309.00 -277.00 0.00
-305.00 -277.00 0.00
-301.00 -277.00 0.00
-297.00 -277.00 0.00
-293.00 -277.00 0.00
-289.00 -277.00 0.00
-285.00 -277.00 0.00
-281.00 -277.00 0.00
-277.00 -277.00 0.12
-273.00 -277.00 0.18
-269.00 -277.00 0.24
-265.00 -277.00 0.29
-261.00 -277.00 0.30
-257.00 -277.00 0.29
-253.00 -277.00 0.24
-249.00 -277.00 0.18
-245.00 -277.00 0.13
-241.00 -277.00 0.20
-237.00 -277.00 0.26
-233.00 -277.00 0.27
-229.00 -277.00 0.26
-225.00 -277.00 0.25
-221.00 -277.00 0.26
-217.00 -277.00 0.32
-213.00 -277.00 0.42
-209.00 -277.00 0.55
-205.00 -277.00 0.69
-201.00 -277.00 0.83
-197.00 -277.00 0.91
-193.00 -277.00 0.91
-189.00 -277.00 0.86
-185.00 -277.00 0.80
-181.00 -277.00 0.77
-177.00 -277.00 0.76
-173.00 -277.00 0.76
-169.00 -277.00 0.75
-165.00 -277.00 0.70
-161.00 -277.00 0.61
-157.00 -277.00 0.49
-153.00 -277.00 0.38
-149.00 -277.00 0.31
-145.00 -277.00 0.28
-141.00 -277.00 0.31
-137.00 -277.00 0.38
-133.00 -277.00 0.48
-129.00 -277.00 0.56
-125.00 -277.00 0.59
-121.00 -277.00 0.53
-117.00 -277.00 0.41
-113.00 -277.00 0.30
-109.00 -277.00 0.23
-105.00 -277.00 0.22
-101.00 -277.00 0.26
-97.00 -277.00 0.32
-93.00 -277.00 0.37
-89.00 -277.00 0.37
-85.00 -277.00 0.33
-81.00 -277.00 0.29
-77.00 -277.00 0.30
-73.00 -277.00 0.29
-69.00 -277.00 0.24
-65.00 -277.00 0.30
-61.00 -277.00 0.44
-57.00 -277.00 0.60
-53.00 -277.00 0.75
-49.00 -277.00 0.81
-45.00 -277.00 0.76
-41.00 -277.00 0.63
-37.00 -277.00 0.48
-33.00 -277.00 0.45
-29.00 -277.00 0.40
-25.00 -277.00 0.38
-21.00 -277.00 0.32
-17.00 -277.00 0.24
-13.00 -277.00 0.16
-9.00 -277.00 0.00
-5.00 -277.00 0.00
-1.00 -277.00 0.00
3.00 -277.00 0.00
7.00 -277.00 0.00
11.00 -277.00 0.00
15.00 -277.00 0.00
19.00 -277.00 0.00
23.00 -277.00 0.00
27.00 -277.00 0.00
31.00 -277.00 0.00
35.00 -277.00 0.00
39.00 -277.00 0.00
43.00 -277.00 0.00
47.00 -277.00 0.00
51.00 -277.00 0.00
55.00 -277.00 0.00
59.00 -277.00 0.00
63.00 -277.00 0.00
67.00 -277.00 0.00
71.00 -277.00 0.00
75.00 -277.00 0.00
79.00 -277.00 0.00
83.00 -277.00 0.00
87.00 -277.00 0.00
91.00 -277.00 0.00
95.00 -277.00 0.00
99.00 -277.00 0.00
103.00 -277.00 0.00
107.00 -277.00 0.00
111.00 -277.00 0.00
115.00 -277.00 0.00
119.00 -277.00 0.00
123.00 -277.00 0.00
127.00 -277.00 0.00
131.00 -277.00 0.00
135.00 -277.00 0.00
139.00 -277.00 0.00
143.00 -277.00 0.00
147.00 -277.00 0.00
151.00 -277.00 0.00
155.00 -277.00 0.00
159.00 -277.00 0.00
-357.00 -273.00 0.12
-353.00 -273.00 0.21
-349.00 -273.00 0.30
-345.00 -273.00 0.40
-341.00 -273.00 0.47
-337.00 -273.00 0.50
-333.00 -273.00 0.47
-329.00 -273.00 0.45
-325.00 -273.00 0.38
-321.00 -273.00 0.29
-317.00 -273.00 0.19
-313.00 -273.00 0.12
-309.00 -273.00 0.00
-305.00 -273.00 0.00
-301.00 -273.00 0.00
-297.00 -273.00 0.00
-293.00 -273.00 0.00
-289.00 -273.00 0.00
-285.00 -273.00 0.00
-281.00 -273.00 0.00
-277.00 -273.00 0.00
-273.00 -273.00 0.12
-269.00 -273.00 0.16
-265.00 -273.00 0.19
-261.00 -273.00 0.21
-257.00 -273.00 0.19
-253.00 -273.00 0.16
-249.00 -273.00 0.12
-245.00 -273.00 0.00
-241.00 -273.00 0.00
-237.00 -273.00 0.00
-233.00 -273.00 0.22
-229.00 -273.00 0.20
-225.00 -273.00 0.18
-221.00 -273.00 0.19
-217.00 -273.00 0.24
-213.00 -273.00 0.34
-209.00 -273.00 0.48
-205.00 -273.00 0.65
-201.00 -273.00 0.80
-197.00 -273.00 0.89
-193.00 -273.00 0.89
-189.00 -273.00 0.83
-185.00 -273.00 0.78
-181.00 -273.00 0.75
-177.00 -273.00 0.77
-173.00 -273.00 0.79
-169.00 -273.00 0.79
-165.00 -273.00 0.75
-161.00 -273.00 0.65
-157.00 -273.00 0.52
-153.00 -273.00 0.41
-149.00 -273.00 0.33
-145.00 -273.00 0.31
-141.00 -273.00 0.34
-137.00 -273.00 0.41
-133.00 -273.00 0.50
-129.00 -273.00 0.56
-125.00 -273.00 0.57
-121.00 -273.00 0.51
-117.00 -273.00 0.43
-113.00 -273.00 0.36
-109.00 -273.00 0.33
-105.00 -273.00 0.35
-101.00 -273.00 0.40
-97.00 -273.00 0.47
-93.00 -273.00 0.52
-89.00 -273.00 0.52
-85.00 -273.00 0.47
-81.00 -273.00 0.40
-77.00 -273.00 0.32
-73.00 -273.00 0.28
-69.00 -273.00 0.28
-65.00 -273.00 0.34
-61.00 -273.00 0.45
-57.00 -273.00 0.59
-53.00 -273.00 0.70
-49.00 -273.00 0.73
-45.00 -273.00 0.68
-41.00 -273.00 0.57
-37.00 -273.00 0.45
-33.00 -273.00 0.38
-29.00 -273.00 0.32
-25.00 -273.00 0.29
-21.00 -273.00 0.24
-17.00 -273.00 0.18
-13.00 -273.00 0.12
-9.00 -273.00 0.00
-5.00 -273.00 0.00
-1.00 -273.00 0.00
3.00 -273.00 0.00
7.00 -273.00 0.00
11.00 -273.00 0.00
15.00 -273.00 0.00
19.00 -273.00 0.00
23.00 -273.00 0.00
27.00 -273.00 0.00
31.00 -273.00 0.00
35.00 -273.00 0.00
39.00 -273.00 0.00
43.00 -273.00 0.00
47.00 -273.00 0.00
51.00 -273.00 0.00
55.00 -273.00 0.00
59.00 -273.00 0.00
63.00 -273.00 0.00
67.00 -273.00 0.00
71.00 -273.00 0.00
75.00 -273.00 0.00
79.00 -273.00 0.00
83.00 -273.00 0.00
87.00 -273.00 0.00
91.00 -273.00 0.00
95.00 -273.00 0.00
99.00 -273.00 0.00
103.00 -273.00 0.00
107.00 -273.00 0.00
111.00 -273.00 0.00
115.00 -273.00 0.00
119.00 -273.00 0.00
123.00 -273.00 0.00
127.00 -273.00 0.00
131.00 -273.00 0.00
135.00 -273.00 0.00
139.00 -273.00 0.00
143.00 -273.00 0.00
147.00 -273.00 0.00
151.00 -273.00 0.00
155.00 -273.00 0.00
159.00 -273.00 0.00
-357.00 -269.00 0.12
-353.00 -269.00 0.21
-349.00 -269.00 0.30
-345.00 -269.00 0.40
-341.00 -269.00 0.47
-337.00 -269.00 0.50
-333.00 -269.00 0.47
-329.00 -269.00 0.40
-325.00 -269.00 0.32
-321.00 -269.00 0.24
-317.00 -269.00 0.16
-313.00 -269.00 0.00
-309.00 -269.00 0.00
-305.00 -269.00 0.00
-301.00 -269.00 0.00
-297.00 -269.00 0.00
-293.00 -269.00 0.00
-289.00 -269.00 0.00
-285.00 -269.00 0.00
-281.00 -269.00 0.00
-277.00 -269.00 0.00
-273.00 -269.00 0.00
-269.00 -269.00 0.00
-265.00 -269.00 0.12
-261.00 -269.00 0.12
-257.00 -269.00 0.12
-253.00 -269.00 0.00
-249.00 -269.00 0.00
-245.00 -269.00 0.00
-241.00 -269.00 0.12
-237.00 -269.00 0.16
-233.00 -269.00 0.19
-229.00 -269.00 0.21
-225.00 -269.00 0.21
-221.00 -269.00 0.21
-217.00 -269.00 0.21
-213.00 -269.00 0.30
-209.00 -269.00 0.45
-205.00 -269.00 0.65
-201.00 -269.00 0.81
-197.00 -269.00 0.89
-193.00 -269.00 0.88
-189.00 -269.00 0.81
-185.00 -269.00 0.76
-181.00 -269.00 0.75
-177.00 -269.00 0.78
-173.00 -269.00 0.81
-169.00 -269.00 0.80
-165.00 -269.00 0.74
-161.00 -269.00 0.64
-157.00 -269.00 0.53
-153.00 -269.00 0.44
-149.00 -269.00 0.38
-145.00 -269.00 0.38
-141.00 -269.00 0.41
-137.00 -269.00 0.48
-133.00 -269.00 0.55
-129.00 -269.00 0.60
-125.00 -269.00 0.60
-121.00 -269.00 0.55
-117.00 -269.00 0.50
-113.00 -269.00 0.47
-109.00 -269.00 0.48
-105.00 -269.00 0.52
-101.00 -269.00 0.56
-97.00 -269.00 0.62
-93.00 -269.00 0.67
-89.00 -269.00 0.69
-85.00 -269.00 0.66
-81.00 -269.00 0.60
-77.00 -269.00 0.53
-73.00 -269.00 0.45
-69.00 -269.00 0.40
-65.00 -269.00 0.40
-61.00 -269.00 0.46
-57.00 -269.00 0.55
-53.00 -269.00 0.62
-49.00 -269.00 0.63
-45.00 -269.00 0.58
-41.00 -269.00 0.49
-37.00 -269.00 0.40
-33.00 -269.00 0.32
-29.00 -269.00 0.24
-25.00 -269.00 0.19
-21.00 -269.00 0.16
-17.00 -269.00 0.12
-13.00 -269.00 0.00
-9.00 -269.00 0.00
-5.00 -269.00 0.00
-1.00 -269.00 0.00
3.00 -269.00 0.00
7.00 -269.00 0.00
11.00 -269.00 0.00
15.00 -269.00 0.00
19.00 -269.00 0.00
23.00 -269.00 0.00
27.00 -269.00 0.00
31.00 -269.00 0.00
35.00 -269.00 0.00
39.00 -269.00 0.00
43.00 -269.00 0.00
47.00 -269.00 0.00
51.00 -269.00 0.00
55.00 -269.00 0.00
59.00 -269.00 0.00
63.00 -269.00 0.00
67.00 -269.00 0.00
71.00 -269.00 0.00
75.00 -269.00 0.00
79.00 -269.00 0.00
83.00 -269.00 0.00
87.00 -269.00 0.00
91.00 -269.00 0.00
95.00 -269.00 0.00
99.00 -269.00 0.00
103.00 -269.00 0.00
107.00 -269.00 0.00
111.00 -269.00 0.00
115.00 -269.00 0.00
119.00 -269.00 0.00
123.00 -269.00 0.00
127.00 -269.00 0.00
131.00 -269.00 0.00
135.00 -269.00 0.00
139.00 -269.00 0.00
143.00 -269.00 0.00
147.00 -269.00 0.00
151.00 -269.00 0.00
155.00 -269.00 0.00
159.00 -269.00 0.00
-357.00 -265.00 0.12
-353.00 -265.00 0.19
-349.00 -265.00 0.29
-345.00 -265.00 0.38
-341.00 -265.00 0.45
-337.00 -265.00 0.47
-333.00 -265.00 0.45
-329.00 -265.00 0.38
-325.00 -265.00 0.29
-321.00 -265.00 0.19
-317.00 -265.00 0.12
-313.00 -265.00 0.00
-309.00 -265.00 0.00
-305.00 -265.00 0.00
-301.00 -265.00 0.00
-297.00 -265.00 0.00
-293.00 -265.00 0.00
-289.00 -265.00 0.00
-285.00 -265.00 0.00
-281.00 -265.00 0.00
-277.00 -265.00 0.00
-273.00 -265.00 0.00
-269.00 -265.00 0.00
-265.00 -265.00 0.00
-261.00 -265.00 0.00
-257.00 -265.00 0.00
-253.00 -265.00 0.00
-249.00 -265.00 0.00
-245.00 -265.00 0.12
-241.00 -265.00 0.18
-237.00 -265.00 0.24
-233.00 -265.00 0.29
-229.00 -265.00 0.30
-225.00 -265.00 0.30
-221.00 -265.00 0.30
-217.00 -265.00 0.30
-213.00 -265.00 0.29
-209.00 -265.00 0.46
-205.00 -265.00 0.66
-201.00 -265.00 0.82
-197.00 -265.00 0.89
-193.00 -265.00 0.87
-189.00 -265.00 0.80
-185.00 -265.00 0.75
-181.00 -265.00 0.74
-177.00 -265.00 0.76
-173.00 -265.00 0.78
-169.00 -265.00 0.75
-165.00 -265.00 0.68
-161.00 -265.00 0.59
-157.00 -265.00 0.50
-153.00 -265.00 0.45
-149.00 -265.00 0.44
-145.00 -265.00 0.46
-141.00 -265.00 0.51
-137.00 -265.00 0.58
-133.00 -265.00 0.64
-129.00 -265.00 0.67
-125.00 -265.00 0.68
-121.00 -265.00 0.66
-117.00 -265.00 0.63
-113.00 -265.00 0.64
-109.00 -265.00 0.67
-105.00 -265.00 0.69
-101.00 -265.00 0.71
-97.00 -265.00 0.75
-93.00 -265.00 0.79
-89.00 -265.00 0.84
-85.00 -265.00 0.87
-81.00 -265.00 0.85
-77.00 -265.00 0.79
-73.00 -265.00 0.69
-69.00 -265.00 0.58
-65.00 -265.00 0.50
-61.00 -265.00 0.48
-57.00 -265.00 0.51
-53.00 -265.00 0.55
-49.00 -265.00 0.56
-45.00 -265.00 0.52
-41.00 -265.00 0.46
-37.00 -265.00 0.38
-33.00 -265.00 0.30
-29.00 -265.00 0.22
-25.00 -265.00 0.14
-21.00 -265.00 0.00
-17.00 -265.00 0.00
-13.00 -265.00 0.00
-9.00 -265.00 0.00
-5.00 -265.00 0.00
-1.00 -265.00 0.00
3.00 -265.00 0.00
7.00 -265.00 0.00
11.00 -265.00 0.00
15.00 -265.00 0.00
19.00 -265.00 0.00
23.00 -265.00 0.00
27.00 -265.00 0.00
31.00 -265.00 0.00
35.00 -265.00 0.00
39.00 -265.00 0.00
43.00 -265.00 0.00
47.00 -265.00 0.00
51.00 -265.00 0.00
55.00 -265.00 0.00
59.00 -265.00 0.00
63.00 -265.00 0.00
67.00 -265.00 0.00
71.00 -265.00 0.00
75.00 -265.00 0.00
79.00 -265.00 0.00
83.00 -265.00 0.00
87.00 -265.00 0.00
91.00 -265.00 0.00
95.00 -265.00 0.00
99.00 -265.00 0.00
103.00 -265.00 0.00
107.00 -265.00 0.00
111.00 -265.00 0.00
115.00 -265.00 0.00
119.00 -265.00 0.00
123.00 -265.00 0.00
127.00 -265.00 0.00
131.00 -265.00 0.00
135.00 -265.00 0.00
139.00 -265.00 0.00
143.00 -265.00 0.00
147.00 -265.00 0.00
151.00 -265.00 0.00
155.00 -265.00 0.00
159.00 -265.00 0.00
-357.00 -261.00 0.00
-353.00 -261.00 0.16
-349.00 -261.00 0.24
-345.00 -261.00 0.32
-341.00 -261.00 0.38
-337.00 -261.00 0.40
-333.00 -261.00 0.38
-329.00 -261.00 0.32
-325.00 -261.00 0.24
-321.00 -261.00 0.16
-317.00 -261.00 0.00
-313.00 -261.00 0.00
-309.00 -261.00 0.00
-305.00 -261.00 0.00
-301.00 -261.00 0.00
-297.00 -261.00 0.00
-293.00 -261.00 0.00
-289.00 -261.00 0.00
-285.00 -261.00 0.00
-281.00 -261.00 0.00
-277.00 -261.00 0.00
-273.00 -261.00 0.00
-269.00 -261.00 0.00
-265.00 -261.00 0.00
-261.00 -261.00 0.00
-257.00 -261.00 0.00
-253.00 -261.00 0.00
-249.00 -261.00 0.12
-245.00 -261.00 0.18
-241.00 -261.00 0.24
-237.00 -261.00 0.32
-233.00 -261.00 0.38
-229.00 -261.00 0.40
-225.00 -261.00 0.40
-221.00 -261.00 0.40
-217.00 -261.00 0.40
-213.00 -261.00 0.38
-209.00 -261.00 0.49
-205.00 -261.00 0.67
-201.00 -261.00 0.81
-197.00 -261.00 0.87
-193.00 -261.00 0.85
-189.00 -261.00 0.78
-185.00 -261.00 0.73
-181.00 -261.00 0.71
-177.00 -261.00 0.72
-173.00 -261.00 0.71
-169.00 -261.00 0.66
-165.00 -261.00 0.57
-161.00 -261.00 0.49
-157.00 -261.00 0.44
-153.00 -261.00 0.44
-149.00 -261.00 0.47
-145.00 -261.00 0.54
-141.00 -261.00 0.61
-137.00 -261.00 0.69
-133.00 -261.00 0.74
-129.00 -261.00 0.79
-125.00 -261.00 0.81
-121.00 -261.00 0.81
-117.00 -261.00 0.81
-113.00 -261.00 0.82
-109.00 -261.00 0.85
-105.00 -261.00 0.86
-101.00 -261.00 0.85
-97.00 -261.00 0.85
-93.00 -261.00 0.89
-89.00 -261.00 0.97
-85.00 -261.00 1.00
-81.00 -261.00 1.00
-77.00 -261.00 1.00
-73.00 -261.00 0.94
-69.00 -261.00 0.77
-65.00 -261.00 0.61
-61.00 -261.00 0.52
-57.00 -261.00 0.51
-53.00 -261.00 0.54
-49.00 -261.00 0.56
-45.00 -261.00 0.56
-41.00 -261.00 0.51
-37.00 -261.00 0.43
-33.00 -261.00 0.33
-29.00 -261.00 0.22
-25.00 -261.00 0.00
-21.00 -261.00 0.00
-17.00 -261.00 0.00
-13.00 -261.00 0.00
-9.00 -261.00 0.00
-5.00 -261.00 0.00
-1.00 -261.00 0.00
3.00 -261.00 0.00
7.00 -261.00 0.00
11.00 -261.00 0.00
15.00 -261.00 0.00
19.00 -261.00 0.00
23.00 -261.00 0.00
27.00 -261.00 0.00
31.00 -261.00 0.00
35.00 -261.00 0.00
39.00 -261.00 0.00
43.00 -261.00 0.00
47.00 -261.00 0.00
51.00 -261.00 0.00
55.00 -261.00 0.00
59.00 -261.00 0.00
63.00 -261.00 0.00
67.00 -261.00 0.00
71.00 -261.00 0.00
75.00 -261.00 0.00
79.00 -261.00 0.00
83.00 -261.00 0.00
87.00 -261.00 0.00
91.00 -261.00 0.00
95.00 -261.00 0.00
99.00 -261.00 0.00
103.00 -261.00 0.00
107.00 -261.00 0.00
111.00 -261.00 0.00
115.00 -261.00 0.00
119.00 -261.00 0.00
123.00 -261.00 0.00
127.00 -261.00 0.00
131.00 -261.00 0.00
135.00 -261.00 0.00
139.00 -261.00 0.00
143.00 -261.00 0.00
147.00 -261.00 0.00
151.00 -261.00 0.00
155.00 -261.00 0.00
159.00 -261.00 0.00
-357.00 -257.00 0.00
-353.00 -257.00 0.12
-349.00 -257.00 0.18
-345.00 -257.00 0.24
-341.00 -257.00 0.29
-337.00 -257.00 0.30
-333.00 -257.00 0.29
-329.00 -257.00 0.24
-325.00 -257.00 0.18
-321.00 -257.00 0.12
-317.00 -257.00 0.00
-313.00 -257.00 0.00
-309.00 -257.00 0.00
-305.00 -257.00 0.00
-301.00 -257.00 0.00
-297.00 -257.00 0.00
-293.00 -257.00 0.00
-289.00 -257.00 0.00
-285.00 -257.00 0.00
-281.00 -257.00 0.00
-277.00 -257.00 0.00
-273.00 -257.00 0.00
-269.00 -257.00 0.00
-265.00 -257.00 0.00
-261.00 -257.00 0.00
-257.00 -257.00 0.00
-253.00 -257.00 0.00
-249.00 -257.00 0.16
-245.00 -257.00 0.24
-241.00 -257.00 0.32
-237.00 -257.00 0.38
-233.00 -257.00 0.45
-229.00 -257.00 0.47
-225.00 -257.00 0.47
-221.00 -257.00 0.47
-217.00 -257.00 0.47
-213.00 -257.00 0.45
-209.00 -257.00 0.51
-205.00 -257.00 0.65
-201.00 -257.00 0.76
-197.00 -257.00 0.81
-193.00 -257.00 0.79
-189.00 -257.00 0.74
-185.00 -257.00 0.68
-181.00 -257.00 0.65
-177.00 -257.00 0.64
-173.00 -257.00 0.61
-169.00 -257.00 0.54
-165.00 -257.00 0.45
-161.00 -257.00 0.38
-157.00 -257.00 0.36
-153.00 -257.00 0.39
-149.00 -257.00 0.48
-145.00 -257.00 0.60
-141.00 -257.00 0.71
-137.00 -257.00 0.80
-133.00 -257.00 0.87
-129.00 -257.00 0.93
-125.00 -257.00 0.98
-121.00 -257.00 1.00
-117.00 -257.00 1.00
-113.00 -257.00 1.00
-109.00 -257.00 1.00
-105.00 -257.00 0.99
-101.00 -257.00 0.96
-97.00 -257.00 0.94
-93.00 -257.00 0.97
-89.00 -257.00 1.00
-85.00 -257.00 1.00
-81.00 -257.00 1.00
-77.00 -257.00 1.00
-73.00 -257.00 1.00
-69.00 -257.00 0.93
-65.00 -257.00 0.72
-61.00 -257.00 0.58
-57.00 -257.00 0.54
-53.00 -257.00 0.58
-49.00 -257.00 0.64
-45.00 -257.00 0.68
-41.00 -257.00 0.66
-37.00 -257.00 0.57
-33.00 -257.00 0.42
-29.00 -257.00 0.27
-25.00 -257.00 0.00
-21.00 -257.00 0.00
-17.00 -257.00 0.00
-13.00 -257.00 0.00
-9.00 -257.00 0.00
-5.00 -257.00 0.00
-1.00 -257.00 0.00
3.00 -257.00 0.00
7.00 -257.00 0.00
11.00 -257.00 0.00
15.00 -257.00 0.00
19.00 -257.00 0.00
23.00 -257.00 0.00
27.00 -257.00 0.00
31.00 -257.00 0.00
35.00 -257.00 0.00
39.00 -257.00 0.00
43.00 -257.00 0.00
47.00 -257.00 0.00
51.00 -257.00 0.00
55.00 -257.00 0.00
59.00 -257.00 0.00
63.00 -257.00 0.00
67.00 -257.00 0.00
71.00 -257.00 0.00
75.00 -257.00 0.00
79.00 -257.00 0.00
83.00 -257.00 0.00
87.00 -257.00 0.00
91.00 -257.00 0.00
95.00 -257.00 0.00
99.00 -257.00 0.00
103.00 -257.00 0.00
107.00 -257.00 0.00
111.00 -257.00 0.00
115.00 -257.00 0.00
119.00 -257.00 0.00
123.00 -257.00 0.00
127.00 -257.00 0.00
131.00 -257.00 0.00
135.00 -257.00 0.00
139.00 -257.00 0.00
143.00 -257.00 0.00
147.00 -257.00 0.00
151.00 -257.00 0.00
155.00 -257.00 0.00
159.00 -257.00 0.00
-357.00 -253.00 0.00
-353.00 -253.00 0.00
-349.00 -253.00 0.12
-345.00 -253.00 0.16
-341.00 -253.00 0.19
-337.00 -253.00 0.21
-333.00 -253.00 0.19
-329.00 -253.00 0.16
-325.00 -253.00 0.12
-321.00 -253.00 0.00
-317.00 -253.00 0.00
-313.00 -253.00 0.00
-309.00 -253.00 0.00
-305.00 -253.00 0.00
-301.00 -253.00 0.00
-297.00 -253.00 0.00
-293.00 -253.00 0.00
-289.00 -253.00 0.00
-285.00 -253.00 0.00
-281.00 -253.00 0.00
-277.00 -253.00 0.00
-273.00 -253.00 0.00
-269.00 -253.00 0.00
-265.00 -253.00 0.00
-261.00 -253.00 0.00
-257.00 -253.00 0.00
-253.00 -253.00 0.12
-249.00 -253.00 0.19
-245.00 -253.00 0.29
-241.00 -253.00 0.38
-237.00 -253.00 0.45
-233.00 -253.00 0.47
-229.00 -253.00 0.50
-225.00 -253.00 0.50
-221.00 -253.00 0.50
-217.00 -253.00 0.50
-213.00 -253.00 0.47
-209.00 -253.00 0.52
-205.00 -253.00 0.62
-201.00 -253.00 0.69
-197.00 -253.00 0.73
-193.00 -253.00 0.71
-189.00 -253.00 0.66
-185.00 -253.00 0.61
-181.00 -253.00 0.58
-177.00 -253.00 0.56
-173.00 -253.00 0.51
-169.00 -253.00 0.43
-165.00 -253.00 0.34
-161.00 -253.00 0.28
-157.00 -253.00 0.28
-153.00 -253.00 0.36
-149.00 -253.00 0.49
-145.00 -253.00 0.66
-141.00 -253.00 0.81
-137.00 -253.00 0.92
-133.00 -253.00 0.99
-129.00 -253.00 1.00
-125.00 -253.00 1.00
-121.00 -253.00 1.00
-117.00 -253.00 1.00
-113.00 -253.00 1.00
-109.00 -253.00 1.00
-105.00 -253.00 1.00
-101.00 -253.00 1.00
-97.00 -253.00 1.00
-93.00 -253.00 1.00
-89.00 -253.00 1.00
-85.00 -253.00 1.00
-81.00 -253.00 1.00
-77.00 -253.00 1.00
-73.00 -253.00 1.00
-69.00 -253.00 1.00
-65.00 -253.00 0.80
-61.00 -253.00 0.64
-57.00 -253.00 0.58
-53.00 -253.00 0.63
-49.00 -253.00 0.74
-45.00 -253.00 0.83
-41.00 -253.00 0.83
-37.00 -253.00 0.73
-33.00 -253.00 0.55
-29.00 -253.00 0.35
-25.00 -253.00 0.00
-21.00 -253.00 0.00
-17.00 -253.00 0.12
-13.00 -253.00 0.12
-9.00 -253.00 0.12
-5.00 -253.00 0.12
-1.00 -253.00 0.12
3.00 -253.00 0.00
7.00 -253.00 0.00
11.00 -253.00 0.00
15.00 -253.00 0.00
19.00 -253.00 0.00
23.00 -253.00 0.00
27.00 -253.00 0.00
31.00 -253.00 0.00
35.00 -253.00 0.00
39.00 -253.00 0.00
43.00 -253.00 0.00
47.00 -253.00 0.00
51.00 -253.00 0.00
55.00 -253.00 0.00
59.00 -253.00 0.00
63.00 -253.00 0.00
67.00 -253.00 0.00
71.00 -253.00 0.00
75.00 -253.00 0.00
79.00 -253.00 0.00
83.00 -253.00 0.00
87.00 -253.00 0.00
91.00 -253.00 0.00
95.00 -253.00 0.00
99.00 -253.00 0.00
103.00 -253.00 0.00
107.00 -253.00 0.00
111.00 -253.00 0.00
115.00 -253.00 0.00
119.00 -253.00 0.00
123.00 -253.00 0.00
127.00 -253.00 0.00
131.00 -253.00 0.00
135.00 -253.00 0.00
139.00 -253.00 0.00
143.00 -253.00 0.00
147.00 -253.00 0.00
151.00 -253.00 0.00
155.00 -253.00 0.00
159.00 -253.00 0.00
-357.00 -249.00 0.00
-353.00 -249.00 0.00
-349.00 -249.00 0.00
-345.00 -249.00 0.00
-341.00 -249.00 0.12
-337.00 -249.00 0.12
-333.00 -249.00 0.12
-329.00 -249.00 0.00
-325.00 -249.00 0.00
-321.00 -249.00 0.00
-317.00 -249.00 0.00
-313.00 -249.00 0.00
-309.00 -249.00 0.00
-305.00 -249.00 0.00
-301.00 -249.00 0.00
-297.00 -249.00 0.00
-293.00 -249.00 0.00
-289.00 -249.00 0.00
-285.00 -249.00 0.00
-281.00 -249.00 0.00
-277.00 -249.00 0.00
-273.00 -249.00 0.00
-269.00 -249.00 0.00
-265.00 -249.00 0.00
-261.00 -249.00 0.00
-257.00 -249.00 0.00
-253.00 -249.00 0.12
-249.00 -249.00 0.21
-245.00 -249.00 0.30
-241.00 -249.00 0.40
-237.00 -249.00 0.47
-233.00 -249.00 0.50
-229.00 -249.00 0.47
-225.00 -249.00 0.47
-221.00 -249.00 0.47
-217.00 -249.00 0.47
-213.00 -249.00 0.45
-209.00 -249.00 0.50
-205.00 -249.00 0.57
-201.00 -249.00 0.62
-197.00 -249.00 0.64
-193.00 -249.00 0.62
-189.00 -249.00 0.57
-185.00 -249.00 0.52
-181.00 -249.00 0.50
-177.00 -249.00 0.48
-173.00 -249.00 0.43
-169.00 -249.00 0.36
-165.00 -249.00 0.28
-161.00 -249.00 0.24
-157.00 -249.00 0.26
-153.00 -249.00 0.36
-149.00 -249.00 0.53
-145.00 -249.00 0.73
-141.00 -249.00 0.91
-137.00 -249.00 1.00
-133.00 -249.00 1.00
-129.00 -249.00 1.00
-125.00 -249.00 1.00
-121.00 -249.00 1.00
-117.00 -249.00 1.00
-113.00 -249.00 1.00
-109.00 -249.00 1.00
-105.00 -249.00 1.00
-101.00 -249.00 1.00
-97.00 -249.00 1.00
-93.00 -249.00 1.00
-89.00 -249.00 1.00
-85.00 -249.00 1.00
-81.00 -249.00 1.00
-77.00 -249.00 1.00
-73.00 -249.00 1.00
-69.00 -249.00 1.00
-65.00 -249.00 0.83
-61.00 -249.00 0.67
-57.00 -249.00 0.61
-53.00 -249.00 0.66
-49.00 -249.00 0.78
-45.00 -249.00 0.90
-41.00 -249.00 0.94
-37.00 -249.00 0.85
-33.00 -249.00 0.66
-29.00 -249.00 0.44
-25.00 -249.00 0.25
-21.00 -249.00 0.16
-17.00 -249.00 0.19
-13.00 -249.00 0.21
-9.00 -249.00 0.21
-5.00 -249.00 0.21
-1.00 -249.00 0.19
3.00 -249.00 0.16
7.00 -249.00 0.12
11.00 -249.00 0.00
15.00 -249.00 0.00
19.00 -249.00 0.00
23.00 -249.00 0.00
27.00 -249.00 0.00
31.00 -249.00 0.00
35.00 -249.00 0.00
39.00 -249.00 0.00
43.00 -249.00 0.00
47.00 -249.00 0.00
51.00 -249.00 0.00
55.00 -249.00 0.00
59.00 -249.00 0.00
63.00 -249.00 0.00
67.00 -249.00 0.00
71.00 -249.00 0.00
75.00 -249.00 0.00
79.00 -249.00 0.00
83.00 -249.00 0.00
87.00 -249.00 0.00
91.00 -249.00 0.00
95.00 -249.00 0.00
99.00 -249.00 0.00
103.00 -249.00 0.00
107.00 -249.00 0.00
111.00 -249.00 0.00
115.00 -249.00 0.00
119.00 -249.00 0.00
123.00 -249.00 0.00
127.00 -249.00 0.00
131.00 -249.00 0.00
135.00 -249.00 0.00
139.00 -249.00 0.00
143.00 -249.00 0.00
147.00 -249.00 0.00
151.00 -249.00 0.00
155.00 -249.00 0.00
159.00 -249.00 0.00
-357.00 -245.00 0.00
-353.00 -245.00 0.00
-349.00 -245.00 0.00
-345.00 -245.00 0.00
-341.00 -245.00 0.00
-337.00 -245.00 0.00
-333.00 -245.00 0.00
-329.00 -245.00 0.00
-325.00 -245.00 0.00
-321.00 -245.00 0.00
-317.00 -245.00 0.00
-313.00 -245.00 0.00
-309.00 -245.00 0.00
-305.00 -245.00 0.00
-301.00 -245.00 0.00
-297.00 -245.00 0.00
-293.00 -245.00 0.00
-289.00 -245.00 0.00
-285.00 -245.00 0.00
-281.00 -245.00 0.00
-277.00 -245.00 0.00
-273.00 -245.00 0.00
-269.00 -245.00 0.00
-265.00 -245.00 0.00
-261.00 -245.00 0.00
-257.00 -245.00 0.00
-253.00 -245.00 0.12
-249.00 -245.00 0.19
-245.00 -245.00 0.29
-241.00 -245.00 0.38
-237.00 -245.00 0.45
-233.00 -245.00 0.47
-229.00 -245.00 0.45
-225.00 -245.00 0.40
-221.00 -245.00 0.40
-217.00 -245.00 0.40
-213.00 -245.00 0.39
-209.00 -245.00 0.45
-205.00 -245.00 0.50
-201.00 -245.00 0.54
-197.00 -245.00 0.56
-193.00 -245.00 0.54
-189.00 -245.00 0.49
-185.00 -245.00 0.45
-181.00 -245.00 0.42
-177.00 -245.00 0.41
-173.00 -245.00 0.38
-169.00 -245.00 0.32
-165.00 -245.00 0.27
-161.00 -245.00 0.25
-157.00 -245.00 0.31
-153.00 -245.00 0.43
-149.00 -245.00 0.61
-145.00 -245.00 0.80
-141.00 -245.00 0.97
-137.00 -245.00 1.00
-133.00 -245.00 1.00
-129.00 -245.00 1.00
-125.00 -245.00 1.00
-121.00 -245.00 1.00
-117.00 -245.00 1.00
-113.00 -245.00 1.00
-109.00 -245.00 1.00
-105.00 -245.00 1.00
-101.00 -245.00 1.00
-97.00 -245.00 1.00
-93.00 -245.00 1.00
-89.00 -245.00 1.00
-85.00 -245.00 1.00
-81.00 -245.00 1.00
-77.00 -245.00 1.00
-73.00 -245.00 1.00
-69.00 -245.00 0.97
-65.00 -245.00 0.81
-61.00 -245.00 0.67
-57.00 -245.00 0.60
-53.00 -245.00 0.63
-49.00 -245.00 0.75
-45.00 -245.00 0.87
-41.00 -245.00 0.92
-37.00 -245.00 0.86
-33.00 -245.00 0.70
-29.00 -245.00 0.50
-25.00 -245.00 0.31
-21.00 -245.00 0.24
-17.00 -245.00 0.29
-13.00 -245.00 0.30
-9.00 -245.00 0.30
-5.00 -245.00 0.30
-1.00 -245.00 0.29
3.00 -245.00 0.24
7.00 -245.00 0.18
11.00 -245.00 0.12
15.00 -245.00 0.00
19.00 -245.00 0.00
23.00 -245.00 0.00
27.00 -245.00 0.00
31.00 -245.00 0.00
35.00 -245.00 0.00
39.00 -245.00 0.00
43.00 -245.00 0.00
47.00 -245.00 0.00
51.00 -245.00 0.00
55.00 -245.00 0.00
59.00 -245.00 0.00
63.00 -245.00 0.00
67.00 -245.00 0.00
71.00 -245.00 0.00
75.00 -245.00 0.00
79.00 -245.00 0.00
83.00 -245.00 0.00
87.00 -245.00 0.00
91.00 -245.00 0.00
95.00 -245.00 0.00
99.00 -245.00 0.00
103.00 -245.00 0.00
107.00 -245.00 0.00
111.00 -245.00 0.00
115.00 -245.00 0.00
119.00 -245.00 0.00
123.00 -245.00 0.00
127.00 -245.00 0.00
131.00 -245.00 0.00
135.00 -245.00 0.00
139.00 -245.00 0.00
143.00 -245.00 0.00
147.00 -245.00 0.00
151.00 -245.00 0.00
155.00 -245.00 0.00
159.00 -245.00 0.00
-357.00 -241.00 0.00
-353.00 -241.00 0.00
-349.00 -241.00 0.00
-345.00 -241.00 0.00
-341.00 -241.00 0.00
-337.00 -241.00 0.00
-333.00 -241.00 0.00
-329.00 -241.00 0.00
-325.00 -241.00 0.00
-321.00 -241.00 0.00
-317.00 -241.00 0.00
-313.00 -241.00 0.00
-309.00 -241.00 0.00
-305.00 -241.00 0.00
-301.00 -241.00 0.00
-297.00 -241.00 0.00
-293.00 -241.00 0.00
-289.00 -241.00 0.00
-285.00 -241.00 0.00
-281.00 -241.00 0.00
-277.00 -241.00 0.00
-273.00 -241.00 0.00
-269.00 -241.00 0.00
-265.00 -241.00 0.00
-261.00 -241.00 0.00
-257.00 -241.00 0.00
-253.00 -241.00 0.00
-249.00 -241.00 0.16
-245.00 -241.00 0.24
-241.00 -241.00 0.32
-237.00 -241.00 0.38
-233.00 -241.00 0.40
-229.00 -241.00 0.38
-225.00 -241.00 0.32
-221.00 -241.00 0.30
-217.00 -241.00 0.30
-213.00 -241.00 0.32
-209.00 -241.00 0.38
-205.00 -241.00 0.43
-201.00 -241.00 0.46
-197.00 -241.00 0.48
-193.00 -241.00 0.47
-189.00 -241.00 0.43
-185.00 -241.00 0.39
-181.00 -241.00 0.38
-177.00 -241.00 0.37
-173.00 -241.00 0.35
-169.00 -241.00 0.32
-165.00 -241.00 0.30
-161.00 -241.00 0.33
-157.00 -241.00 0.42
-153.00 -241.00 0.55
-149.00 -241.00 0.71
-145.00 -241.00 0.86
-141.00 -241.00 0.97
-137.00 -241.00 1.00
-133.00 -241.00 1.00
-129.00 -241.00 0.95
-125.00 -241.00 0.91
-121.00 -241.00 0.88
-117.00 -241.00 0.86
-113.00 -241.00 0.86
-109.00 -241.00 0.91
-105.00 -241.00 1.00
-101.00 -241.00 1.00
-97.00 -241.00 1.00
-93.00 -241.00 1.00
-89.00 -241.00 1.00
-85.00 -241.00 1.00
-81.00 -241.00 1.00
-77.00 -241.00 1.00
-73.00 -241.00 0.95
-69.00 -241.00 0.85
-65.00 -241.00 0.74
-61.00 -241.00 0.62
-57.00 -241.00 0.55
-53.00 -241.00 0.56
-49.00 -241.00 0.64
-45.00 -241.00 0.74
-41.00 -241.00 0.80
-37.00 -241.00 0.78
-33.00 -241.00 0.69
-29.00 -241.00 0.54
-25.00 -241.00 0.37
-21.00 -241.00 0.32
-17.00 -241.00 0.38
-13.00 -241.00 0.40
-9.00 -241.00 0.40
-5.00 -241.00 0.40
-1.00 -241.00 0.38
3.00 -241.00 0.32
7.00 -241.00 0.24
11.00 -241.00 0.18
15.00 -241.00 0.12
19.00 -241.00 0.00
23.00 -241.00 0.00
27.00 -241.00 0.00
31.00 -241.00 0.00
35.00 -241.00 0.00
39.00 -241.00 0.00
43.00 -241.00 0.00
47.00 -241.00 0.00
51.00 -241.00 0.00
55.00 -241.00 0.00
59.00 -241.00 0.00
63.00 -241.00 0.00
67.00 -241.00 0.00
71.00 -241.00 0.00
75.00 -241.00 0.00
79.00 -241.00 0.00
83.00 -241.00 0.00
87.00 -241.00 0.00
91.00 -241.00 0.00
95.00 -241.00 0.00
99.00 -241.00 0.00
103.00 -241.00 0.00
107.00 -241.00 0.00
111.00 -241.00 0.00
115.00 -241.00 0.00
119.00 -241.00 0.00
123.00 -241.00 0.00
127.00 -241.00 0.00
131.00 -241.00 0.00
135.00 -241.00 0.00
139.00 -241.00 0.00
143.00 -241.00 0.00
147.00 -241.00 0.00
151.00 -241.00 0.00
155.00 -241.00 0.00
159.00 -241.00 0.00
-357.00 -237.00 0.00
-353.00 -237.00 0.00
-349.00 -237.00 0.00
-345.00 -237.00 0.00
-341.00 -237.00 0.00
-337.00 -237.00 0.00
-333.00 -237.00 0.00
-329.00 -237.00 0.00
-325.00 -237.00 0.00
-321.00 -237.00 0.00
-317.00 -237.00 0.00
-313.00 -237.00 0.00
-309.00 -237.00 0.00
-305.00 -237.00 0.00
-301.00 -237.00 0.00
-297.00 -237.00 0.00
-293.00 -237.00 0.00
-289.00 -237.00 0.00
-285.00 -237.00 0.00
-281.00 -237.00 0.00
-277.00 -237.00 0.00
-273.00 -237.00 0.00
-269.00 -237.00 0.00
-265.00 -237.00 0.00
-261.00 -237.00 0.00
-257.00 -237.00 0.00
-253.00 -237.00 0.00
-249.00 -237.00 0.12
-245.00 -237.00 0.18
-241.00 -237.00 0.24
-237.00 -237.00 0.29
-233.00 -237.00 0.30
-229.00 -237.00 0.29
-225.00 -237.00 0.24
-221.00 -237.00 0.21
-217.00 -237.00 0.21
-213.00 -237.00 0.23
-209.00 -237.00 0.29
-205.00 -237.00 0.34
-201.00 -237.00 0.39
-197.00 -237.00 0.41
-193.00 -237.00 0.41
-189.00 -237.00 0.39
-185.00 -237.00 0.37
-181.00 -237.00 0.35
-177.00 -237.00 0.35
-173.00 -237.00 0.35
-169.00 -237.00 0.35
-165.00 -237.00 0.38
-161.00 -237.00 0.46
-157.00 -237.00 0.58
-153.00 -237.00 0.70
-149.00 -237.00 0.80
-145.00 -237.00 0.87
-141.00 -237.00 0.92
-137.00 -237.00 0.93
-133.00 -237.00 0.89
-129.00 -237.00 0.82
-125.00 -237.00 0.74
-121.00 -237.00 0.67
-117.00 -237.00 0.63
-113.00 -237.00 0.63
-109.00 -237.00 0.70
-105.00 -237.00 0.82
-101.00 -237.00 0.97
-97.00 -237.00 1.00
-93.00 -237.00 1.00
-89.00 -237.00 1.00
-85.00 -237.00 1.00
-81.00 -237.00 0.96
-77.00 -237.00 0.86
-73.00 -237.00 0.78
-69.00 -237.00 0.71
-65.00 -237.00 0.63
-61.00 -237.00 0.54
-57.00 -237.00 0.48
-53.00 -237.00 0.47
-49.00 -237.00 0.51
-45.00 -237.00 0.58
-41.00 -237.00 0.63
-37.00 -237.00 0.66
-33.00 -237.00 0.63
-29.00 -237.00 0.55
-25.00 -237.00 0.42
-21.00 -237.00 0.38
-17.00 -237.00 0.45
-13.00 -237.00 0.47
-9.00 -237.00 0.47
-5.00 -237.00 0.47
-1.00 -237.00 0.45
3.00 -237.00 0.38
7.00 -237.00 0.32
11.00 -237.00 0.24
15.00 -237.00 0.18
19.00 -237.00 0.12
23.00 -237.00 0.00
27.00 -237.00 0.00
31.00 -237.00 0.00
35.00 -237.00 0.00
39.00 -237.00 0.00
43.00 -237.00 0.00
47.00 -237.00 0.00
51.00 -237.00 0.00
55.00 -237.00 0.00
59.00 -237.00 0.00
63.00 -237.00 0.00
67.00 -237.00 0.00
71.00 -237.00 0.00
75.00 -237.00 0.00
79.00 -237.00 0.00
83.00 -237.00 0.00
87.00 -237.00 0.00
91.00 -237.00 0.00
95.00 -237.00 0.00
99.00 -237.00 0.00
103.00 -237.00 0.00
107.00 -237.00 0.00
111.00 -237.00 0.00
115.00 -237.00 0.00
119.00 -237.00 0.00
123.00 -237.00 0.00
127.00 -237.00 0.00
131.00 -237.00 0.00
135.00 -237.00 0.00
139.00 -237.00 0.00
143.00 -237.00 0.00
147.00 -237.00 0.00
151.00 -237.00 0.00
155.00 -237.00 0.00
159.00 -237.00 0.00
-357.00 -233.00 0.00
-353.00 -233.00 0.00
-349.00 -233.00 0.00
-345.00 -233.00 0.00
-341.00 -233.00 0.00
-337.00 -233.00 0.00
-333.00 -233.00 0.00
-329.00 -233.00 0.00
-325.00 -233.00 0.00
-321.00 -233.00 0.00
-317.00 -233.00 0.00
-313.00 -233.00 0.00
-309.00 -233.00 0.00
-305.00 -233.00 0.00
-301.00 -233.00 0.00
-297.00 -233.00 0.00
-293.00 -233.00 0.00
-289.00 -233.00 0.00
-285.00 -233.00 0.00
-281.00 -233.00 0.00
-277.00 -233.00 0.00
-273.00 -233.00 0.00
-269.00 -233.00 0.00
-265.00 -233.00 0.00
-261.00 -233.00 0.00
-257.00 -233.00 0.00
-253.00 -233.00 0.00
-249.00 -233.00 0.00
-245.00 -233.00 0.12
-241.00 -233.00 0.16
-237.00 -233.00 0.19
-233.00 -233.00 0.21
-229.00 -233.00 0.19
-225.00 -233.00 0.16
-221.00 -233.00 0.12
-217.00 -233.00 0.12
-213.00 -233.00 0.15
-209.00 -233.00 0.20
-205.00 -233.00 0.26
-201.00 -233.00 0.31
-197.00 -233.00 0.34
-193.00 -233.00 0.36
-189.00 -233.00 0.36
-185.00 -233.00 0.36
-181.00 -233.00 0.35
-177.00 -233.00 0.35
-173.00 -233.00 0.37
-169.00 -233.00 0.41
-165.00 -233.00 0.49
-161.00 -233.00 0.62
-157.00 -233.00 0.75
-153.00 -233.00 0.84
-149.00 -233.00 0.87
-145.00 -233.00 0.85
-141.00 -233.00 0.83
-137.00 -233.00 0.80
-133.00 -233.00 0.76
-129.00 -233.00 0.68
-125.00 -233.00 0.58
-121.00 -233.00 0.49
-117.00 -233.00 0.43
-113.00 -233.00 0.42
-109.00 -233.00 0.49
-105.00 -233.00 0.62
-101.00 -233.00 0.76
-97.00 -233.00 0.88
-93.00 -233.00 0.93
-89.00 -233.00 0.91
-85.00 -233.00 0.85
-81.00 -233.00 0.76
-77.00 -233.00 0.69
-73.00 -233.00 0.63
-69.00 -233.00 0.58
-65.00 -233.00 0.52
-61.00 -233.00 0.45
-57.00 -233.00 0.39
-53.00 -233.00 0.36
-49.00 -233.00 0.38
-45.00 -233.00 0.42
-41.00 -233.00 0.48
-37.00 -233.00 0.53
-33.00 -233.00 0.56
-29.00 -233.00 0.53
-25.00 -233.00 0.44
-21.00 -233.00 0.40
-17.00 -233.00 0.47
-13.00 -233.00 0.50
-9.00 -233.00 0.50
-5.00 -233.00 0.50
-1.00 -233.00 0.47
3.00 -233.00 0.45
7.00 -233.00 0.38
11.00 -233.00 0.32
15.00 -233.00 0.24
19.00 -233.00 0.18
23.00 -233.00 0.12
27.00 -233.00 0.00
31.00 -233.00 0.00
35.00 -233.00 0.00
39.00 -233.00 0.00
43.00 -233.00 0.00
47.00 -233.00 0.00
51.00 -233.00 0.00
55.00 -233.00 0.00
59.00 -233.00 0.00
63.00 -233.00 0.00
67.00 -233.00 0.00
71.00 -233.00 0.00
75.00 -233.00 0.00
79.00 -233.00 0.00
83.00 -233.00 0.00
87.00 -233.00 0.00
91.00 -233.00 0.00
95.00 -233.00 0.00
99.00 -233.00 0.00
103.00 -233.00 0.00
107.00 -233.00 0.00
111.00 -233.00 0.00
115.00 -233.00 0.00
119.00 -233.00 0.00
123.00 -233.00 0.00
127.00 -233.00 0.00
131.00 -233.00 0.00
135.00 -233.00 0.00
139.00 -233.00 0.00
143.00 -233.00 0.00
147.00 -233.00 0.00
151.00 -233.00 0.00
155.00 -233.00 0.00
159.00 -233.00 0.00
-357.00 -229.00 0.00
-353.00 -229.00 0.00
-349.00 -229.00 0.00
-345.00 -229.00 0.00
-341.00 -229.00 0.00
-337.00 -229.00 0.00
-333.00 -229.00 0.00
-329.00 -229.00 0.00
-325.00 -229.00 0.00
-321.00 -229.00 0.00
-317.00 -229.00 0.00
-313.00 -229.00 0.00
-309.00 -229.00 0.00
-305.00 -229.00 0.00
-301.00 -229.00 0.00
-297.00 -229.00 0.00
-293.00 -229.00 0.00
-289.00 -229.00 0.00
-285.00 -229.00 0.00
-281.00 -229.00 0.00
-277.00 -229.00 0.00
-273.00 -229.00 0.00
-269.00 -229.00 0.00
-265.00 -229.00 0.00
-261.00 -229.00 0.00
-257.00 -229.00 0.00
-253.00 -229.00 0.00
-249.00 -229.00 0.00
-245.00 -229.00 0.00
-241.00 -229.00 0.00
-237.00 -229.00 0.12
-233.00 -229.00 0.12
-229.00 -229.00 0.12
-225.00 -229.00 0.00
-221.00 -229.00 0.00
-217.00 -229.00 0.00
-213.00 -229.00 0.00
-209.00 -229.00 0.00
-205.00 -229.00 0.19
-201.00 -229.00 0.24
-197.00 -229.00 0.29
-193.00 -229.00 0.32
-189.00 -229.00 0.35
-185.00 -229.00 0.36
-181.00 -229.00 0.37
-177.00 -229.00 0.38
-173.00 -229.00 0.41
-169.00 -229.00 0.48
-165.00 -229.00 0.60
-161.00 -229.00 0.76
-157.00 -229.00 0.90
-153.00 -229.00 0.97
-149.00 -229.00 0.93
-145.00 -229.00 0.83
-141.00 -229.00 0.74
-137.00 -229.00 0.68
-133.00 -229.00 0.63
-129.00 -229.00 0.55
-125.00 -229.00 0.46
-121.00 -229.00 0.36
-117.00 -229.00 0.29
-113.00 -229.00 0.28
-109.00 -229.00 0.34
-105.00 -229.00 0.45
-101.00 -229.00 0.57
-97.00 -229.00 0.67
-93.00 -229.00 0.71
-89.00 -229.00 0.70
-85.00 -229.00 0.64
-81.00 -229.00 0.58
-77.00 -229.00 0.53
-73.00 -229.00 0.50
-69.00 -229.00 0.47
-65.00 -229.00 0.43
-61.00 -229.00 0.37
-57.00 -229.00 0.31
-53.00 -229.00 0.27
-49.00 -229.00 0.27
-45.00 -229.00 0.29
-41.00 -229.00 0.34
-37.00 -229.00 0.41
-33.00 -229.00 0.47
-29.00 -229.00 0.48
-25.00 -229.00 0.44
-21.00 -229.00 0.40
-17.00 -229.00 0.47
-13.00 -229.00 0.50
-9.00 -229.00 0.47
-5.00 -229.00 0.50
-1.00 -229.00 0.50
3.00 -229.00 0.47
7.00 -229.00 0.45
11.00 -229.00 0.38
15.00 -229.00 0.32
19.00 -229.00 0.24
23.00 -229.00 0.16
27.00 -229.00 0.00
31.00 -229.00 0.00
35.00 -229.00 0.00
39.00 -229.00 0.00
43.00 -229.00 0.00
47.00 -229.00 0.00
51.00 -229.00 0.00
55.00 -229.00 0.00
59.00 -229.00 0.00
63.00 -229.00 0.00
67.00 -229.00 0.00
71.00 -229.00 0.00
75.00 -229.00 0.00
79.00 -229.00 0.00
83.00 -229.00 0.00
87.00 -229.00 0.00
91.00 -229.00 0.00
95.00 -229.00 0.00
99.00 -229.00 0.00
103.00 -229.00 0.00
107.00 -229.00 0.00
111.00 -229.00 0.00
115.00 -229.00 0.00
119.00 -229.00 0.00
123.00 -229.00 0.00
127.00 -229.00 0.00
131.00 -229.00 0.00
135.00 -229.00 0.00
139.00 -229.00 0.00
143.00 -229.00 0.00
147.00 -229.00 0.00
151.00 -229.00 0.00
155.00 -229.00 0.00
159.00 -229.00 0.00
-357.00 -225.00 0.00
-353.00 -225.00 0.00
-349.00 -225.00 0.00
-345.00 -225.00 0.00
-341.00 -225.00 0.00
-337.00 -225.00 0.00
-333.00 -225.00 0.00
-329.00 -225.00 0.00
-325.00 -225.00 0.00
-321.00 -225.00 0.00
-317.00 -225.00 0.00
-313.00 -225.00 0.00
-309.00 -225.00 0.00
-305.00 -225.00 0.00
-301.00 -225.00 0.00
-297.00 -225.00 0.00
-293.00 -225.00 0.00
-289.00 -225.00 0.00
-285.00 -225.00 0.00
-281.00 -225.00 0.00
-277.00 -225.00 0.00
-273.00 -225.00 0.00
-269.00 -225.00 0.00
-265.00 -225.00 0.00
-261.00 -225.00 0.00
-257.00 -225.00 0.00
-253.00 -225.00 0.00
-249.00 -225.00 0.00
-245.00 -225.00 0.00
-241.00 -225.00 0.00
-237.00 -225.00 0.00
-233.00 -225.00 0.00
-229.00 -225.00 0.00
-225.00 -225.00 0.00
-221.00 -225.00 0.00
-217.00 -225.00 0.00
-213.00 -225.00 0.12
-209.00 -225.00 0.16
-205.00 -225.00 0.19
-201.00 -225.00 0.21
-197.00 -225.00 0.25
-193.00 -225.00 0.31
-189.00 -225.00 0.35
-185.00 -225.00 0.37
-181.00 -225.00 0.39
-177.00 -225.00 0.42
-173.00 -225.00 0.46
-169.00 -225.00 0.55
-165.00 -225.00 0.69
-161.00 -225.00 0.87
-157.00 -225.00 1.00
-153.00 -225.00 1.00
-149.00 -225.00 1.00
-145.00 -225.00 0.85
-141.00 -225.00 0.69
-137.00 -225.00 0.59
-133.00 -225.00 0.53
-129.00 -225.00 0.46
-125.00 -225.00 0.37
-121.00 -225.00 0.29
-117.00 -225.00 0.23
-113.00 -225.00 0.22
-109.00 -225.00 0.27
-105.00 -225.00 0.35
-101.00 -225.00 0.44
-97.00 -225.00 0.51
-93.00 -225.00 0.54
-89.00 -225.00 0.52
-85.00 -225.00 0.48
-81.00 -225.00 0.44
-77.00 -225.00 0.41
-73.00 -225.00 0.40
-69.00 -225.00 0.40
-65.00 -225.00 0.37
-61.00 -225.00 0.33
-57.00 -225.00 0.26
-53.00 -225.00 0.21
-49.00 -225.00 0.18
-45.00 -225.00 0.19
-41.00 -225.00 0.23
-37.00 -225.00 0.29
-33.00 -225.00 0.37
-29.00 -225.00 0.41
-25.00 -225.00 0.40
-21.00 -225.00 0.40
-17.00 -225.00 0.47
-13.00 -225.00 0.50
-9.00 -225.00 0.47
-5.00 -225.00 0.47
-1.00 -225.00 0.50
3.00 -225.00 0.50
7.00 -225.00 0.47
11.00 -225.00 0.45
15.00 -225.00 0.38
19.00 -225.00 0.29
23.00 -225.00 0.19
27.00 -225.00 0.12
31.00 -225.00 0.00
35.00 -225.00 0.00
39.00 -225.00 0.00
43.00 -225.00 0.00
47.00 -225.00 0.00
51.00 -225.00 0.00
55.00 -225.00 0.00
59.00 -225.00 0.00
63.00 -225.00 0.00
67.00 -225.00 0.00
71.00 -225.00 0.00
75.00 -225.00 0.00
79.00 -225.00 0.00
83.00 -225.00 0.00
87.00 -225.00 0.00
91.00 -225.00 0.00
95.00 -225.00 0.00
99.00 -225.00 0.00
103.00 -225.00 0.00
107.00 -225.00 0.00
111.00 -225.00 0.00
115.00 -225.00 0.00
119.00 -225.00 0.00
123.00 -225.00 0.00
127.00 -225.00 0.00
131.00 -225.00 0.00
135.00 -225.00 0.00
139.00 -225.00 0.00
143.00 -225.00 0.00
147.00 -225.00 0.00
151.00 -225.00 0.00
155.00 -225.00 0.00
159.00 -225.00 0.00
-357.00 -221.00 0.00
-353.00 -221.00 0.00
-349.00 -221.00 0.00
-345.00 -221.00 0.00
-341.00 -221.00 0.00
-337.00 -221.00 0.00
-333.00 -221.00 0.00
-329.00 -221.00 0.00
-325.00 -221.00 0.00
-321.00 -221.00 0.00
-317.00 -221.00 0.00
-313.00 -221.00 0.00
-309.00 -221.00 0.00
-305.00 -221.00 0.00
-301.00 -221.00 0.00
-297.00 -221.00 0.00
-293.00 -221.00 0.00
-289.00 -221.00 0.00
-285.00 -221.00 0.00
-281.00 -221.00 0.00
-277.00 -221.00 0.00
-273.00 -221.00 0.00
-269.00 -221.00 0.00
-265.00 -221.00 0.00
-261.00 -221.00 0.00
-257.00 -221.00 0.00
-253.00 -221.00 0.00
-249.00 -221.00 0.12
-245.00 -221.00 0.12
-241.00 -221.00 0.12
-237.00 -221.00 0.12
-233.00 -221.00 0.12
-229.00 -221.00 0.12
-225.00 -221.00 0.12
-221.00 -221.00 0.12
-217.00 -221.00 0.12
-213.00 -221.00 0.18
-209.00 -221.00 0.24
-205.00 -221.00 0.29
-201.00 -221.00 0.30
-197.00 -221.00 0.29
-193.00 -221.00 0.31
-189.00 -221.00 0.36
-185.00 -221.00 0.40
-181.00 -221.00 0.43
-177.00 -221.00 0.45
-173.00 -221.00 0.50
-169.00 -221.00 0.60
-165.00 -221.00 0.74
-161.00 -221.00 0.91
-157.00 -221.00 1.00
-153.00 -221.00 1.00
-149.00 -221.00 1.00
-145.00 -221.00 0.90
-141.00 -221.00 0.71
-137.00 -221.00 0.57
-133.00 -221.00 0.48
-129.00 -221.00 0.41
-125.00 -221.00 0.34
-121.00 -221.00 0.28
-117.00 -221.00 0.23
-113.00 -221.00 0.21
-109.00 -221.00 0.24
-105.00 -221.00 0.29
-101.00 -221.00 0.35
-97.00 -221.00 0.40
-93.00 -221.00 0.42
-89.00 -221.00 0.41
-85.00 -221.00 0.38
-81.00 -221.00 0.34
-77.00 -221.00 0.33
-73.00 -221.00 0.34
-69.00 -221.00 0.35
-65.00 -221.00 0.35
-61.00 -221.00 0.31
-57.00 -221.00 0.24
-53.00 -221.00 0.18
-49.00 -221.00 0.19
-45.00 -221.00 0.21
-41.00 -221.00 0.21
-37.00 -221.00 0.20
-33.00 -221.00 0.27
-29.00 -221.00 0.33
-25.00 -221.00 0.36
-21.00 -221.00 0.38
-17.00 -221.00 0.45
-13.00 -221.00 0.47
-9.00 -221.00 0.45
-5.00 -221.00 0.45
-1.00 -221.00 0.47
3.00 -221.00 0.47
7.00 -221.00 0.50
11.00 -221.00 0.47
15.00 -221.00 0.40
19.00 -221.00 0.30
23.00 -221.00 0.21
27.00 -221.00 0.12
31.00 -221.00 0.00
35.00 -221.00 0.00
39.00 -221.00 0.00
43.00 -221.00 0.00
47.00 -221.00 0.00
51.00 -221.00 0.00
55.00 -221.00 0.00
59.00 -221.00 0.00
63.00 -221.00 0.00
67.00 -221.00 0.00
71.00 -221.00 0.00
75.00 -221.00 0.00
79.00 -221.00 0.00
83.00 -221.00 0.00
87.00 -221.00 0.00
91.00 -221.00 0.00
95.00 -221.00 0.00
99.00 -221.00 0.00
103.00 -221.00 0.00
107.00 -221.00 0.00
111.00 -221.00 0.00
115.00 -221.00 0.00
119.00 -221.00 0.00
123.00 -221.00 0.00
127.00 -221.00 0.00
131.00 -221.00 0.00
135.00 -221.00 0.00
139.00 -221.00 0.00
143.00 -221.00 0.00
147.00 -221.00 0.00
151.00 -221.00 0.00
155.00 -221.00 0.00
159.00 -221.00 0.00
-357.00 -217.00 0.00
-353.00 -217.00 0.00
-349.00 -217.00 0.00
-345.00 -217.00 0.00
-341.00 -217.00 0.00
-337.00 -217.00 0.00
-333.00 -217.00 0.00
-329.00 -217.00 0.00
-325.00 -217.00 0.00
-321.00 -217.00 0.00
-317.00 -217.00 0.00
-313.00 -217.00 0.00
-309.00 -217.00 0.00
-305.00 -217.00 0.00
-301.00 -217.00 0.00
-297.00 -217.00 0.00
-293.00 -217.00 0.00
-289.00 -217.00 0.00
-285.00 -217.00 0.00
-281.00 -217.00 0.00
-277.00 -217.00 0.00
-273.00 -217.00 0.00
-269.00 -217.00 0.00
-265.00 -217.00 0.00
-261.00 -217.00 0.00
-257.00 -217.00 0.12
-253.00 -217.00 0.16
-249.00 -217.00 0.19
-245.00 -217.00 0.21
-241.00 -217.00 0.21
-237.00 -217.00 0.21
-233.00 -217.00 0.21
-229.00 -217.00 0.21
-225.00 -217.00 0.21
-221.00 -217.00 0.21
-217.00 -217.00 0.21
-213.00 -217.00 0.24
-209.00 -217.00 0.32
-205.00 -217.00 0.38
-201.00 -217.00 0.40
-197.00 -217.00 0.38
-193.00 -217.00 0.32
-189.00 -217.00 0.37
-185.00 -217.00 0.43
-181.00 -217.00 0.45
-177.00 -217.00 0.47
-173.00 -217.00 0.52
-169.00 -217.00 0.60
-165.00 -217.00 0.73
-161.00 -217.00 0.89
-157.00 -217.00 1.00
-153.00 -217.00 1.00
-149.00 -217.00 1.00
-145.00 -217.00 0.97
-141.00 -217.00 0.76
-137.00 -217.00 0.59
-133.00 -217.00 0.48
-129.00 -217.00 0.42
-125.00 -217.00 0.36
-121.00 -217.00 0.31
-117.00 -217.00 0.26
-113.00 -217.00 0.23
-109.00 -217.00 0.23
-105.00 -217.00 0.25
-101.00 -217.00 0.28
-97.00 -217.00 0.32
-93.00 -217.00 0.34
-89.00 -217.00 0.34
-85.00 -217.00 0.32
-81.00 -217.00 0.29
-77.00 -217.00 0.28
-73.00 -217.00 0.29
-69.00 -217.00 0.31
-65.00 -217.00 0.32
-61.00 -217.00 0.28
-57.00 -217.00 0.22
-53.00 -217.00 0.24
-49.00 -217.00 0.29
-45.00 -217.00 0.30
-41.00 -217.00 0.30
-37.00 -217.00 0.29
-33.00 -217.00 0.24
-29.00 -217.00 0.27
-25.00 -217.00 0.32
-21.00 -217.00 0.35
-17.00 -217.00 0.38
-13.00 -217.00 0.40
-9.00 -217.00 0.38
-5.00 -217.00 0.38
-1.00 -217.00 0.40
3.00 -217.00 0.45
7.00 -217.00 0.47
11.00 -217.00 0.45
15.00 -217.00 0.38
19.00 -217.00 0.29
23.00 -217.00 0.19
27.00 -217.00 0.12
31.00 -217.00 0.00
35.00 -217.00 0.00
39.00 -217.00 0.00
43.00 -217.00 0.00
47.00 -217.00 0.00
51.00 -217.00 0.00
55.00 -217.00 0.00
59.00 -217.00 0.00
63.00 -217.00 0.00
67.00 -217.00 0.00
71.00 -217.00 0.00
75.00 -217.00 0.00
79.00 -217.00 0.00
83.00 -217.00 0.00
87.00 -217.00 0.00
91.00 -217.00 0.00
95.00 -217.00 0.00
99.00 -217.00 0.00
103.00 -217.00 0.00
107.00 -217.00 0.00
111.00 -217.00 0.00
115.00 -217.00 0.00
119.00 -217.00 0.00
123.00 -217.00 0.00
127.00 -217.00 0.00
131.00 -217.00 0.00
135.00 -217.00 0.00
139.00 -217.00 0.00
143.00 -217.00 0.00
147.00 -217.00 0.00
151.00 -217.00 0.00
155.00 -217.00 0.00
159.00 -217.00 0.00
-357.00 -213.00 0.00
-353.00 -213.00 0.00
-349.00 -213.00 0.00
-345.00 -213.00 0.00
-341.00 -213.00 0.00
-337.00 -213.00 0.00
-333.00 -213.00 0.00
-329.00 -213.00 0.00
-325.00 -213.00 0.00
-321.00 -213.00 0.00
-317.00 -213.00 0.00
-313.00 -213.00 0.00
-309.00 -213.00 0.00
-305.00 -213.00 0.00
-301.00 -213.00 0.00
-297.00 -213.00 0.00
-293.00 -213.00 0.00
-289.00 -213.00 0.00
-285.00 -213.00 0.00
-281.00 -213.00 0.00
-277.00 -213.00 0.00
-273.00 -213.00 0.00
-269.00 -213.00 0.00
-265.00 -213.00 0.00
-261.00 -213.00 0.12
-257.00 -213.00 0.18
-253.00 -213.00 0.24
-249.00 -213.00 0.29
-245.00 -213.00 0.30
-241.00 -213.00 0.30
-237.00 -213.00 0.30
-233.00 -213.00 0.30
-229.00 -213.00 0.30
-225.00 -213.00 0.30
-221.00 -213.00 0.30
-217.00 -213.00 0.30
-213.00 -213.00 0.32
-209.00 -213.00 0.38
-205.00 -213.00 0.45
-201.00 -213.00 0.47
-197.00 -213.00 0.45
-193.00 -213.00 0.38
-189.00 -213.00 0.36
-185.00 -213.00 0.42
-181.00 -213.00 0.45
-177.00 -213.00 0.46
-173.00 -213.00 0.49
-169.00 -213.00 0.56
-165.00 -213.00 0.67
-161.00 -213.00 0.83
-157.00 -213.00 1.00
-153.00 -213.00 1.00
-149.00 -213.00 1.00
-145.00 -213.00 1.00
-141.00 -213.00 0.80
-137.00 -213.00 0.62
-133.00 -213.00 0.50
-129.00 -213.00 0.45
-125.00 -213.00 0.41
-121.00 -213.00 0.36
-117.00 -213.00 0.31
-113.00 -213.00 0.26
-109.00 -213.00 0.23
-105.00 -213.00 0.22
-101.00 -213.00 0.23
-97.00 -213.00 0.26
-93.00 -213.00 0.29
-89.00 -213.00 0.30
-85.00 -213.00 0.29
-81.00 -213.00 0.26
-77.00 -213.00 0.25
-73.00 -213.00 0.25
-69.00 -213.00 0.27
-65.00 -213.00 0.27
-61.00 -213.00 0.24
-57.00 -213.00 0.24
-53.00 -213.00 0.32
-49.00 -213.00 0.38
-45.00 -213.00 0.40
-41.00 -213.00 0.40
-37.00 -213.00 0.38
-33.00 -213.00 0.32
-29.00 -213.00 0.24
-25.00 -213.00 0.29
-21.00 -213.00 0.34
-17.00 -213.00 0.37
-13.00 -213.00 0.38
-9.00 -213.00 0.37
-5.00 -213.00 0.33
-1.00 -213.00 0.32
3.00 -213.00 0.38
7.00 -213.00 0.40
11.00 -213.00 0.38
15.00 -213.00 0.32
19.00 -213.00 0.24
23.00 -213.00 0.16
27.00 -213.00 0.00
31.00 -213.00 0.00
35.00 -213.00 0.00
39.00 -213.00 0.00
43.00 -213.00 0.00
47.00 -213.00 0.00
51.00 -213.00 0.00
55.00 -213.00 0.00
59.00 -213.00 0.00
63.00 -213.00 0.00
67.00 -213.00 0.00
71.00 -213.00 0.00
75.00 -213.00 0.00
79.00 -213.00 0.00
83.00 -213.00 0.00
87.00 -213.00 0.00
91.00 -213.00 0.00
95.00 -213.00 0.00
99.00 -213.00 0.00
103.00 -213.00 0.00
107.00 -213.00 0.00
111.00 -213.00 0.00
115.00 -213.00 0.00
119.00 -213.00 0.00
123.00 -213.00 0.00
127.00 -213.00 0.00
131.00 -213.00 0.00
135.00 -213.00 0.00
139.00 -213.00 0.00
143.00 -213.00 0.00
147.00 -213.00 0.00
151.00 -213.00 0.00
155.00 -213.00 0.00
159.00 -213.00 0.00
-357.00 -209.00 0.00
-353.00 -209.00 0.00
-349.00 -209.00 0.00
-345.00 -209.00 0.00
-341.00 -209.00 0.00
-337.00 -209.00 0.00
-333.00 -209.00 0.00
-329.00 -209.00 0.00
-325.00 -209.00 0.00
-321.00 -209.00 0.00
-317.00 -209.00 0.00
-313.00 -209.00 0.00
-309.00 -209.00 0.00
-305.00 -209.00 0.00
-301.00 -209.00 0.00
-297.00 -209.00 0.00
-293.00 -209.00 0.00
-289.00 -209.00 0.00
-285.00 -209.00 0.00
-281.00 -209.00 0.00
-277.00 -209.00 0.00
-273.00 -209.00 0.00
-269.00 -209.00 0.00
-265.00 -209.00 0.00
-261.00 -209.00 0.16
-257.00 -209.00 0.24
-253.00 -209.00 0.32
-249.00 -209.00 0.38
-245.00 -209.00 0.40
-241.00 -209.00 0.40
-237.00 -209.00 0.40
-233.00 -209.00 0.40
-229.00 -209.00 0.40
-225.00 -209.00 0.40
-221.00 -209.00 0.40
-217.00 -209.00 0.40
-213.00 -209.00 0.38
-209.00 -209.00 0.45
-205.00 -209.00 0.47
-201.00 -209.00 0.50
-197.00 -209.00 0.47
-193.00 -209.00 0.40
-189.00 -209.00 0.32
-185.00 -209.00 0.37
-181.00 -209.00 0.40
-177.00 -209.00 0.41
-173.00 -209.00 0.43
-169.00 -209.00 0.49
-165.00 -209.00 0.59
-161.00 -209.00 0.74
-157.00 -209.00 0.91
-153.00 -209.00 1.00
-149.00 -209.00 1.00
-145.00 -209.00 0.99
-141.00 -209.00 0.80
-137.00 -209.00 0.62
-133.00 -209.00 0.52
-129.00 -209.00 0.48
-125.00 -209.00 0.45
-121.00 -209.00 0.41
-117.00 -209.00 0.35
-113.00 -209.00 0.29
-109.00 -209.00 0.25
-105.00 -209.00 0.23
-101.00 -209.00 0.23
-97.00 -209.00 0.25
-93.00 -209.00 0.28
-89.00 -209.00 0.29
-85.00 -209.00 0.29
-81.00 -209.00 0.27
-77.00 -209.00 0.24
-73.00 -209.00 0.23
-69.00 -209.00 0.22
-65.00 -209.00 0.21
-61.00 -209.00 0.19
-57.00 -209.00 0.29
-53.00 -209.00 0.38
-49.00 -209.00 0.45
-45.00 -209.00 0.47
-41.00 -209.00 0.47
-37.00 -209.00 0.45
-33.00 -209.00 0.38
-29.00 -209.00 0.32
-25.00 -209.00 0.27
-21.00 -209.00 0.33
-17.00 -209.00 0.39
-13.00 -209.00 0.43
-9.00 -209.00 0.44
-5.00 -209.00 0.40
-1.00 -209.00 0.32
3.00 -209.00 0.30
7.00 -209.00 0.30
11.00 -209.00 0.29
15.00 -209.00 0.24
19.00 -209.00 0.18
23.00 -209.00 0.12
27.00 -209.00 0.00
31.00 -209.00 0.00
35.00 -209.00 0.00
39.00 -209.00 0.00
43.00 -209.00 0.00
47.00 -209.00 0.00
51.00 -209.00 0.00
55.00 -209.00 0.00
59.00 -209.00 0.00
63.00 -209.00 0.00
67.00 -209.00 0.00
71.00 -209.00 0.00
75.00 -209.00 0.00
79.00 -209.00 0.00
83.00 -209.00 0.00
87.00 -209.00 0.00
91.00 -209.00 0.00
95.00 -209.00 0.00
99.00 -209.00 0.00
103.00 -209.00 0.00
107.00 -209.00 0.00
111.00 -209.00 0.00
115.00 -209.00 0.00
119.00 -209.00 0.00
123.00 -209.00 0.00
127.00 -209.00 0.00
131.00 -209.00 0.00
135.00 -209.00 0.00
139.00 -209.00 0.00
143.00 -209.00 0.00
147.00 -209.00 0.00
151.00 -209.00 0.00
155.00 -209.00 0.00
159.00 -209.00 0.00
-357.00 -205.00 0.00
-353.00 -205.00 0.00
-349.00 -205.00 0.00
-345.00 -205.00 0.00
-341.00 -205.00 0.00
-337.00 -205.00 0.00
-333.00 -205.00 0.00
-329.00 -205.00 0.00
-325.00 -205.00 0.00
-321.00 -205.00 0.00
-317.00 -205.00 0.00
-313.00 -205.00 0.00
-309.00 -205.00 0.00
-305.00 -205.00 0.00
-301.00 -205.00 0.00
-297.00 -205.00 0.00
-293.00 -205.00 0.00
-289.00 -205.00 0.00
-285.00 -205.00 0.00
-281.00 -205.00 0.00
-277.00 -205.00 0.00
-273.00 -205.00 0.00
-269.00 -205.00 0.00
-265.00 -205.00 0.12
-261.00 -205.00 0.19
-257.00 -205.00 0.29
-253.00 -205.00 0.38
-249.00 -205.00 0.45
-245.00 -205.00 0.47
-241.00 -205.00 0.47
-237.00 -205.00 0.47
-233.00 -205.00 0.47
-229.00 -205.00 0.47
-225.00 -205.00 0.47
-221.00 -205.00 0.47
-217.00 -205.00 0.47
-213.00 -205.00 0.45
-209.00 -205.00 0.47
-205.00 -205.00 0.50
-201.00 -205.00 0.47
-197.00 -205.00 0.45
-193.00 -205.00 0.38
-189.00 -205.00 0.29
-185.00 -205.00 0.30
-181.00 -205.00 0.32
-177.00 -205.00 0.33
-173.00 -205.00 0.35
-169.00 -205.00 0.40
-165.00 -205.00 0.49
-161.00 -205.00 0.63
-157.00 -205.00 0.81
-153.00 -205.00 0.95
-149.00 -205.00 1.00
-145.00 -205.00 0.91
-141.00 -205.00 0.75
-137.00 -205.00 0.60
-133.00 -205.00 0.52
-129.00 -205.00 0.50
-125.00 -205.00 0.49
-121.00 -205.00 0.44
-117.00 -205.00 0.39
-113.00 -205.00 0.34
-109.00 -205.00 0.31
-105.00 -205.00 0.30
-101.00 -205.00 0.31
-97.00 -205.00 0.33
-93.00 -205.00 0.35
-89.00 -205.00 0.36
-85.00 -205.00 0.35
-81.00 -205.00 0.33
-77.00 -205.00 0.29
-73.00 -205.00 0.24
-69.00 -205.00 0.00
-65.00 -205.00 0.16
-61.00 -205.00 0.21
-57.00 -205.00 0.30
-53.00 -205.00 0.40
-49.00 -205.00 0.47
-45.00 -205.00 0.50
-41.00 -205.00 0.50
-37.00 -205.00 0.47
-33.00 -205.00 0.45
-29.00 -205.00 0.38
-25.00 -205.00 0.29
-21.00 -205.00 0.34
-17.00 -205.00 0.41
-13.00 -205.00 0.47
-9.00 -205.00 0.50
-5.00 -205.00 0.47
-1.00 -205.00 0.38
3.00 -205.00 0.40
7.00 -205.00 0.38
11.00 -205.00 0.32
15.00 -205.00 0.24
19.00 -205.00 0.16
23.00 -205.00 0.12
27.00 -205.00 0.00
31.00 -205.00 0.00
35.00 -205.00 0.00
39.00 -205.00 0.00
43.00 -205.00 0.00
47.00 -205.00 0.00
51.00 -205.00 0.00
55.00 -205.00 0.00
59.00 -205.00 0.00
63.00 -205.00 0.00
67.00 -205.00 0.00
71.00 -205.00 0.00
75.00 -205.00 0.00
79.00 -205.00 0.00
83.00 -205.00 0.00
87.00 -205.00 0.00
91.00 -205.00 0.00
95.00 -205.00 0.00
99.00 -205.00 0.00
103.00 -205.00 0.00
107.00 -205.00 0.00
111.00 -205.00 0.00
115.00 -205.00 0.00
119.00 -205.00 0.00
123.00 -205.00 0.00
127.00 -205.00 0.00
131.00 -205.00 0.00
135.00 -205.00 0.00
139.00 -205.00 0.00
143.00 -205.00 0.00
147.00 -205.00 0.00
151.00 -205.00 0.00
155.00 -205.00 0.00
159.00 -205.00 0.00
-357.00 -201.00 0.00
-353.00 -201.00 0.00
-349.00 -201.00 0.00
-345.00 -201.00 0.00
-341.00 -201.00 0.00
-337.00 -201.00 0.00
-333.00 -201.00 0.00
-329.00 -201.00 0.00
-325.00 -201.00 0.00
-321.00 -201.00 0.00
-317.00 -201.00 0.00
-313.00 -201.00 0.00
-309.00 -201.00 0.00
-305.00 -201.00 0.00
-301.00 -201.00 0.00
-297.00 -201.00 0.00
-293.00 -201.00 0.00
-289.00 -201.00 0.00
-285.00 -201.00 0.00
-281.00 -201.00 0.00
-277.00 -201.00 0.00
-273.00 -201.00 0.00
-269.00 -201.00 0.00
-265.00 -201.00 0.12
-261.00 -201.00 0.21
-257.00 -201.00 0.30
-253.00 -201.00 0.40
-249.00 -201.00 0.47
-245.00 -201.00 0.50
-241.00 -201.00 0.50
-237.00 -201.00 0.50
-233.00 -201.00 0.50
-229.00 -201.00 0.50
-225.00 -201.00 0.50
-221.00 -201.00 0.50
-217.00 -201.00 0.50
-213.00 -201.00 0.47
-209.00 -201.00 0.47
-205.00 -201.00 0.50
-201.00 -201.00 0.47
-197.00 -201.00 0.40
-193.00 -201.00 0.32
-189.00 -201.00 0.24
-185.00 -201.00 0.21
-181.00 -201.00 0.23
-177.00 -201.00 0.25
-173.00 -201.00 0.32
-169.00 -201.00 0.40
-165.00 -201.00 0.47
-161.00 -201.00 0.52
-157.00 -201.00 0.68
-153.00 -201.00 0.82
-149.00 -201.00 0.86
-145.00 -201.00 0.79
-141.00 -201.00 0.65
-137.00 -201.00 0.54
-133.00 -201.00 0.50
-129.00 -201.00 0.50
-125.00 -201.00 0.49
-121.00 -201.00 0.46
-117.00 -201.00 0.42
-113.00 -201.00 0.40
-109.00 -201.00 0.42
-105.00 -201.00 0.45
-101.00 -201.00 0.49
-97.00 -201.00 0.53
-93.00 -201.00 0.54
-89.00 -201.00 0.53
-85.00 -201.00 0.50
-81.00 -201.00 0.46
-77.00 -201.00 0.38
-73.00 -201.00 0.29
-69.00 -201.00 0.20
-65.00 -201.00 0.14
-61.00 -201.00 0.19
-57.00 -201.00 0.29
-53.00 -201.00 0.38
-49.00 -201.00 0.45
-45.00 -201.00 0.47
-41.00 -201.00 0.47
-37.00 -201.00 0.50
-33.00 -201.00 0.47
-29.00 -201.00 0.40
-25.00 -201.00 0.30
-21.00 -201.00 0.36
-17.00 -201.00 0.43
-13.00 -201.00 0.50
-9.00 -201.00 0.53
-5.00 -201.00 0.50
-1.00 -201.00 0.45
3.00 -201.00 0.47
7.00 -201.00 0.45
11.00 -201.00 0.38
15.00 -201.00 0.29
19.00 -201.00 0.24
23.00 -201.00 0.18
27.00 -201.00 0.12
31.00 -201.00 0.00
35.00 -201.00 0.00
39.00 -201.00 0.00
43.00 -201.00 0.00
47.00 -201.00 0.00
51.00 -201.00 0.00
55.00 -201.00 0.00
59.00 -201.00 0.00
63.00 -201.00 0.00
67.00 -201.00 0.00
71.00 -201.00 0.00
75.00 -201.00 0.00
79.00 -201.00 0.00
83.00 -201.00 0.00
87.00 -201.00 0.00
91.00 -201.00 0.00
95.00 -201.00 0.00
99.00 -201.00 0.00
103.00 -201.00 0.00
107.00 -201.00 0.00
111.00 -201.00 0.00
115.00 -201.00 0.00
119.00 -201.00 0.00
123.00 -201.00 0.00
127.00 -201.00 0.00
131.00 -201.00 0.00
135.00 -201.00 0.00
139.00 -201.00 0.00
143.00 -201.00 0.00
147.00 -201.00 0.00
151.00 -201.00 0.00
155.00 -201.00 0.00
159.00 -201.00 0.00
-357.00 -197.00 0.00
-353.00 -197.00 0.00
-349.00 -197.00 0.00
-345.00 -197.00 0.00
-341.00 -197.00 0.00
-337.00 -197.00 0.00
-333.00 -197.00 0.00
-329.00 -197.00 0.00
-325.00 -197.00 0.00
-321.00 -197.00 0.00
-317.00 -197.00 0.00
-313.00 -197.00 0.00
-309.00 -197.00 0.00
-305.00 -197.00 0.00
-301.00 -197.00 0.00
-297.00 -197.00 0.00
-293.00 -197.00 0.00
-289.00 -197.00 0.00
-285.00 -197.00 0.00
-281.00 -197.00 0.00
-277.00 -197.00 0.00
-273.00 -197.00 0.00
-269.00 -197.00 0.00
-265.00 -197.00 0.12
-261.00 -197.00 0.19
-257.00 -197.00 0.29
-253.00 -197.00 0.38
-249.00 -197.00 0.45
-245.00 -197.00 0.47
-241.00 -197.00 0.47
-237.00 -197.00 0.47
-233.00 -197.00 0.47
-229.00 -197.00 0.47
-225.00 -197.00 0.47
-221.00 -197.00 0.47
-217.00 -197.00 0.47
-213.00 -197.00 0.50
-209.00 -197.00 0.50
-205.00 -197.00 0.50
-201.00 -197.00 0.47
-197.00 -197.00 0.45
-193.00 -197.00 0.38
-189.00 -197.00 0.32
-185.00 -197.00 0.24
-181.00 -197.00 0.19
-177.00 -197.00 0.29
-173.00 -197.00 0.38
-169.00 -197.00 0.45
-165.00 -197.00 0.47
-161.00 -197.00 0.50
-157.00 -197.00 0.53
-153.00 -197.00 0.64
-149.00 -197.00 0.68
-145.00 -197.00 0.63
-141.00 -197.00 0.53
-137.00 -197.00 0.46
-133.00 -197.00 0.45
-129.00 -197.00 0.47
-125.00 -197.00 0.47
-121.00 -197.00 0.45
-117.00 -197.00 0.44
-113.00 -197.00 0.47
-109.00 -197.00 0.55
-105.00 -197.00 0.65
-101.00 -197.00 0.75
-97.00 -197.00 0.80
-93.00 -197.00 0.80
-89.00 -197.00 0.76
-85.00 -197.00 0.70
-81.00 -197.00 0.62
-77.00 -197.00 0.51
-73.00 -197.00 0.37
-69.00 -197.00 0.24
-65.00 -197.00 0.00
-61.00 -197.00 0.16
-57.00 -197.00 0.24
-53.00 -197.00 0.32
-49.00 -197.00 0.38
-45.00 -197.00 0.40
-41.00 -197.00 0.45
-37.00 -197.00 0.47
-33.00 -197.00 0.45
-29.00 -197.00 0.38
-25.00 -197.00 0.29
-21.00 -197.00 0.36
-17.00 -197.00 0.44
-13.00 -197.00 0.50
-9.00 -197.00 0.52
-5.00 -197.00 0.49
-1.00 -197.00 0.47
3.00 -197.00 0.50
7.00 -197.00 0.47
11.00 -197.00 0.40
15.00 -197.00 0.38
19.00 -197.00 0.32
23.00 -197.00 0.24
27.00 -197.00 0.18
31.00 -197.00 0.12
35.00 -197.00 0.00
39.00 -197.00 0.00
43.00 -197.00 0.00
47.00 -197.00 0.00
51.00 -197.00 0.00
55.00 -197.00 0.00
59.00 -197.00 0.00
63.00 -197.00 0.00
67.00 -197.00 0.00
71.00 -197.00 0.00
75.00 -197.00 0.00
79.00 -197.00 0.00
83.00 -197.00 0.00
87.00 -197.00 0.00
91.00 -197.00 0.00
95.00 -197.00 0.00
99.00 -197.00 0.00
103.00 -197.00 0.00
107.00 -197.00 0.00
111.00 -197.00 0.00
115.00 -197.00 0.00
119.00 -197.00 0.00
123.00 -197.00 0.00
127.00 -197.00 0.00
131.00 -197.00 0.00
135.00 -197.00 0.00
139.00 -197.00 0.00
143.00 -197.00 0.00
147.00 -197.00 0.00
151.00 -197.00 0.00
155.00 -197.00 0.00
159.00 -197.00 0.00
-357.00 -193.00 0.00
-353.00 -193.00 0.00
-349.00 -193.00 0.00
-345.00 -193.00 0.00
-341.00 -193.00 0.00
-337.00 -193.00 0.00
-333.00 -193.00 0.00
-329.00 -193.00 0.00
-325.00 -193.00 0.00
-321.00 -193.00 0.00
-317.00 -193.00 0.00
-313.00 -193.00 0.00
-309.00 -193.00 0.00
-305.00 -193.00 0.00
-301.00 -193.00 0.00
-297.00 -193.00 0.00
-293.00 -193.00 0.00
-289.00 -193.00 0.00
-285.00 -193.00 0.00
-281.00 -193.00 0.00
-277.00 -193.00 0.00
-273.00 -193.00 0.00
-269.00 -193.00 0.00
-265.00 -193.00 0.00
-261.00 -193.00 0.16
-257.00 -193.00 0.24
-253.00 -193.00 0.32
-249.00 -193.00 0.38
-245.00 -193.00 0.40
-241.00 -193.00 0.40
-237.00 -193.00 0.40
-233.00 -193.00 0.40
-229.00 -193.00 0.40
-225.00 -193.00 0.40
-221.00 -193.00 0.40
-217.00 -193.00 0.45
-213.00 -193.00 0.47
-209.00 -193.00 0.47
-205.00 -193.00 0.47
-201.00 -193.00 0.50
-197.00 -193.00 0.47
-193.00 -193.00 0.45
-189.00 -193.00 0.38
-185.00 -193.00 0.32
-181.00 -193.00 0.24
-177.00 -193.00 0.30
-173.00 -193.00 0.40
-169.00 -193.00 0.47
-165.00 -193.00 0.50
-161.00 -193.00 0.47
-157.00 -193.00 0.45
-153.00 -193.00 0.46
-149.00 -193.00 0.49
-145.00 -193.00 0.46
-141.00 -193.00 0.40
-137.00 -193.00 0.38
-133.00 -193.00 0.39
-129.00 -193.00 0.43
-125.00 -193.00 0.44
-121.00 -193.00 0.44
-117.00 -193.00 0.46
-113.00 -193.00 0.55
-109.00 -193.00 0.69
-105.00 -193.00 0.86
-101.00 -193.00 1.00
-97.00 -193.00 1.00
-93.00 -193.00 1.00
-89.00 -193.00 0.95
-85.00 -193.00 0.86
-81.00 -193.00 0.76
-77.00 -193.00 0.63
-73.00 -193.00 0.47
-69.00 -193.00 0.31
-65.00 -193.00 0.21
-61.00 -193.00 0.16
-57.00 -193.00 0.18
-53.00 -193.00 0.24
-49.00 -193.00 0.29
-45.00 -193.00 0.32
-41.00 -193.00 0.38
-37.00 -193.00 0.40
-33.00 -193.00 0.38
-29.00 -193.00 0.32
-25.00 -193.00 0.26
-21.00 -193.00 0.33
-17.00 -193.00 0.40
-13.00 -193.00 0.46
-9.00 -193.00 0.47
-5.00 -193.00 0.44
-1.00 -193.00 0.47
3.00 -193.00 0.50
7.00 -193.00 0.47
11.00 -193.00 0.47
15.00 -193.00 0.45
19.00 -193.00 0.38
23.00 -193.00 0.32
27.00 -193.00 0.24
31.00 -193.00 0.18
35.00 -193.00 0.12
39.00 -193.00 0.00
43.00 -193.00 0.00
47.00 -193.00 0.00
51.00 -193.00 0.00
55.00 -193.00 0.00
59.00 -193.00 0.00
63.00 -193.00 0.00
67.00 -193.00 0.00
71.00 -193.00 0.00
75.00 -193.00 0.00
79.00 -193.00 0.00
83.00 -193.00 0.00
87.00 -193.00 0.00
91.00 -193.00 0.00
95.00 -193.00 0.00
99.00 -193.00 0.00
103.00 -193.00 0.00
107.00 -193.00 0.00
111.00 -193.00 0.00
115.00 -193.00 0.00
119.00 -193.00 0.00
123.00 -193.00 0.00
127.00 -193.00 0.00
131.00 -193.00 0.00
135.00 -193.00 0.00
139.00 -193.00 0.00
143.00 -193.00 0.00
147.00 -193.00 0.00
151.00 -193.00 0.00
155.00 -193.00 0.00
159.00 -193.00 0.00
-357.00 -189.00 0.00
-353.00 -189.00 0.00
-349.00 -189.00 0.00
-345.00 -189.00 0.00
-341.00 -189.00 0.00
-337.00 -189.00 0.00
-333.00 -189.00 0.00
-329.00 -189.00 0.00
-325.00 -189.00 0.00
-321.00 -189.00 0.00
-317.00 -189.00 0.00
-313.00 -189.00 0.00
-309.00 -189.00 0.00
-305.00 -189.00 0.00
-301.00 -189.00 0.00
-297.00 -189.00 0.00
-293.00 -189.00 0.00
-289.00 -189.00 0.00
-285.00 -189.00 0.00
-281.00 -189.00 0.00
-277.00 -189.00 0.00
-273.00 -189.00 0.00
-269.00 -189.00 0.00
-265.00 -189.00 0.00
-261.00 -189.00 0.12
-257.00 -189.00 0.18
-253.00 -189.00 0.24
-249.00 -189.00 0.29
-245.00 -189.00 0.30
-241.00 -189.00 0.30
-237.00 -189.00 0.30
-233.00 -189.00 0.30
-229.00 -189.00 0.30
-225.00 -189.00 0.30
-221.00 -189.00 0.32
-217.00 -189.00 0.38
-213.00 -189.00 0.40
-209.00 -189.00 0.40
-205.00 -189.00 0.45
-201.00 -189.00 0.47
-197.00 -189.00 0.50
-193.00 -189.00 0.47
-189.00 -189.00 0.45
-185.00 -189.00 0.38
-181.00 -189.00 0.32
-177.00 -189.00 0.30
-173.00 -189.00 0.40
-169.00 -189.00 0.47
-165.00 -189.00 0.50
-161.00 -189.00 0.47
-157.00 -189.00 0.40
-153.00 -189.00 0.32
-149.00 -189.00 0.34
-145.00 -189.00 0.33
-141.00 -189.00 0.32
-137.00 -189.00 0.35
-133.00 -189.00 0.40
-129.00 -189.00 0.45
-125.00 -189.00 0.48
-121.00 -189.00 0.49
-117.00 -189.00 0.53
-113.00 -189.00 0.64
-109.00 -189.00 0.83
-105.00 -189.00 1.00
-101.00 -189.00 1.00
-97.00 -189.00 1.00
-93.00 -189.00 1.00
-89.00 -189.00 1.00
-85.00 -189.00 0.93
-81.00 -189.00 0.84
-77.00 -189.00 0.73
-73.00 -189.00 0.57
-69.00 -189.00 0.42
-65.00 -189.00 0.30
-61.00 -189.00 0.24
-57.00 -189.00 0.23
-53.00 -189.00 0.24
-49.00 -189.00 0.26
-45.00 -189.00 0.25
-41.00 -189.00 0.29
-37.00 -189.00 0.30
-33.00 -189.00 0.29
-29.00 -189.00 0.24
-25.00 -189.00 0.22
-21.00 -189.00 0.28
-17.00 -189.00 0.34
-13.00 -189.00 0.38
-9.00 -189.00 0.39
-5.00 -189.00 0.38
-1.00 -189.00 0.45
3.00 -189.00 0.47
7.00 -189.00 0.50
11.00 -189.00 0.50
15.00 -189.00 0.47
19.00 -189.00 0.45
23.00 -189.00 0.38
27.00 -189.00 0.32
31.00 -189.00 0.24
35.00 -189.00 0.18
39.00 -189.00 0.12
43.00 -189.00 0.00
47.00 -189.00 0.00
51.00 -189.00 0.00
55.00 -189.00 0.00
59.00 -189.00 0.00
63.00 -189.00 0.00
67.00 -189.00 0.00
71.00 -189.00 0.00
75.00 -189.00 0.00
79.00 -189.00 0.00
83.00 -189.00 0.00
87.00 -189.00 0.00
91.00 -189.00 0.00
95.00 -189.00 0.00
99.00 -189.00 0.00
103.00 -189.00 0.00
107.00 -189.00 0.00
111.00 -189.00 0.00
115.00 -189.00 0.00
119.00 -189.00 0.00
123.00 -189.00 0.00
127.00 -189.00 0.00
131.00 -189.00 0.00
135.00 -189.00 0.00
139.00 -189.00 0.00
143.00 -189.00 0.00
147.00 -189.00 0.00
151.00 -189.00 0.00
155.00 -189.00 0.00
159.00 -189.00 0.00
-357.00 -185.00 0.00
-353.00 -185.00 0.00
-349.00 -185.00 0.00
-345.00 -185.00 0.00
-341.00 -185.00 0.00
-337.00 -185.00 0.00
-333.00 -185.00 0.00
-329.00 -185.00 0.00
-325.00 -185.00 0.00
-321.00 -185.00 0.00
-317.00 -185.00 0.00
-313.00 -185.00 0.00
-309.00 -185.00 0.00
-305.00 -185.00 0.00
-301.00 -185.00 0.00
-297.00 -185.00 0.00
-293.00 -185.00 0.00
-289.00 -185.00 0.00
-285.00 -185.00 0.00
-281.00 -185.00 0.00
-277.00 -185.00 0.00
-273.00 -185.00 0.00
-269.00 -185.00 0.00
-265.00 -185.00 0.00
-261.00 -185.00 0.00
-257.00 -185.00 0.12
-253.00 -185.00 0.16
-249.00 -185.00 0.19
-245.00 -185.00 0.21
-241.00 -185.00 0.21
-237.00 -185.00 0.21
-233.00 -185.00 0.21
-229.00 -185.00 0.21
-225.00 -185.00 0.21
-221.00 -185.00 0.24
-217.00 -185.00 0.29
-213.00 -185.00 0.30
-209.00 -185.00 0.32
-205.00 -185.00 0.38
-201.00 -185.00 0.45
-197.00 -185.00 0.47
-193.00 -185.00 0.50
-189.00 -185.00 0.47
-185.00 -185.00 0.45
-181.00 -185.00 0.38
-177.00 -185.00 0.29
-173.00 -185.00 0.38
-169.00 -185.00 0.45
-165.00 -185.00 0.47
-161.00 -185.00 0.45
-157.00 -185.00 0.38
-153.00 -185.00 0.29
-149.00 -185.00 0.28
-145.00 -185.00 0.29
-141.00 -185.00 0.33
-137.00 -185.00 0.41
-133.00 -185.00 0.51
-129.00 -185.00 0.59
-125.00 -185.00 0.63
-121.00 -185.00 0.64
-117.00 -185.00 0.68
-113.00 -185.00 0.78
-109.00 -185.00 0.96
-105.00 -185.00 1.00
-101.00 -185.00 1.00
-97.00 -185.00 1.00
-93.00 -185.00 1.00
-89.00 -185.00 1.00
-85.00 -185.00 0.94
-81.00 -185.00 0.90
-77.00 -185.00 0.83
-73.00 -185.00 0.71
-69.00 -185.00 0.57
-65.00 -185.00 0.45
-61.00 -185.00 0.37
-57.00 -185.00 0.33
-53.00 -185.00 0.30
-49.00 -185.00 0.28
-45.00 -185.00 0.25
-41.00 -185.00 0.21
-37.00 -185.00 0.21
-33.00 -185.00 0.19
-29.00 -185.00 0.16
-25.00 -185.00 0.20
-21.00 -185.00 0.24
-17.00 -185.00 0.28
-13.00 -185.00 0.30
-9.00 -185.00 0.29
-5.00 -185.00 0.32
-1.00 -185.00 0.38
3.00 -185.00 0.45
7.00 -185.00 0.47
11.00 -185.00 0.50
15.00 -185.00 0.50
19.00 -185.00 0.47
23.00 -185.00 0.45
27.00 -185.00 0.38
31.00 -185.00 0.32
35.00 -185.00 0.24
39.00 -185.00 0.16
43.00 -185.00 0.00
47.00 -185.00 0.00
51.00 -185.00 0.00
55.00 -185.00 0.00
59.00 -185.00 0.00
63.00 -185.00 0.00
67.00 -185.00 0.00
71.00 -185.00 0.00
75.00 -185.00 0.00
79.00 -185.00 0.00
83.00 -185.00 0.00
87.00 -185.00 0.00
91.00 -185.00 0.00
95.00 -185.00 0.00
99.00 -185.00 0.00
103.00 -185.00 0.00
107.00 -185.00 0.00
111.00 -185.00 0.00
115.00 -185.00 0.00
119.00 -185.00 0.00
123.00 -185.00 0.00
127.00 -185.00 0.00
131.00 -185.00 0.00
135.00 -185.00 0.00
139.00 -185.00 0.00
143.00 -185.00 0.00
147.00 -185.00 0.00
151.00 -185.00 0.00
155.00 -185.00 0.00
159.00 -185.00 0.00
-357.00 -181.00 0.00
-353.00 -181.00 0.00
-349.00 -181.00 0.00
-345.00 -181.00 0.00
-341.00 -181.00 0.00
-337.00 -181.00 0.00
-333.00 -181.00 0.00
-329.00 -181.00 0.00
-325.00 -181.00 0.00
-321.00 -181.00 0.00
-317.00 -181.00 0.00
-313.00 -181.00 0.00
-309.00 -181.00 0.00
-305.00 -181.00 0.00
-301.00 -181.00 0.00
-297.00 -181.00 0.00
-293.00 -181.00 0.00
-289.00 -181.00 0.00
-285.00 -181.00 0.00
-281.00 -181.00 0.00
-277.00 -181.00 0.00
-273.00 -181.00 0.00
-269.00 -181.00 0.00
-265.00 -181.00 0.00
-261.00 -181.00 0.00
-257.00 -181.00 0.00
-253.00 -181.00 0.00
-249.00 -181.00 0.12
-245.00 -181.00 0.12
-241.00 -181.00 0.12
-237.00 -181.00 0.12
-233.00 -181.00 0.12
-229.00 -181.00 0.12
-225.00 -181.00 0.12
-221.00 -181.00 0.16
-217.00 -181.00 0.19
-213.00 -181.00 0.21
-209.00 -181.00 0.24
-205.00 -181.00 0.32
-201.00 -181.00 0.40
-197.00 -181.00 0.47
-193.00 -181.00 0.50
-189.00 -181.00 0.50
-185.00 -181.00 0.47
-181.00 -181.00 0.40
-177.00 -181.00 0.30
-173.00 -181.00 0.32
-169.00 -181.00 0.38
-165.00 -181.00 0.40
-161.00 -181.00 0.38
-157.00 -181.00 0.32
-153.00 -181.00 0.30
-149.00 -181.00 0.31
-145.00 -181.00 0.34
-141.00 -181.00 0.42
-137.00 -181.00 0.55
-133.00 -181.00 0.70
-129.00 -181.00 0.83
-125.00 -181.00 0.89
-121.00 -181.00 0.90
-117.00 -181.00 0.91
-113.00 -181.00 0.98
-109.00 -181.00 1.00
-105.00 -181.00 1.00
-101.00 -181.00 1.00
-97.00 -181.00 1.00
-93.00 -181.00 1.00
-89.00 -181.00 0.98
-85.00 -181.00 0.96
-81.00 -181.00 0.96
-77.00 -181.00 0.94
-73.00 -181.00 0.87
-69.00 -181.00 0.76
-65.00 -181.00 0.66
-61.00 -181.00 0.56
-57.00 -181.00 0.47
-53.00 -181.00 0.39
-49.00 -181.00 0.32
-45.00 -181.00 0.26
-41.00 -181.00 0.21
-37.00 -181.00 0.17
-33.00 -181.00 0.16
-29.00 -181.00 0.00
-25.00 -181.00 0.22
-21.00 -181.00 0.26
-17.00 -181.00 0.26
-13.00 -181.00 0.25
-9.00 -181.00 0.21
-5.00 -181.00 0.24
-1.00 -181.00 0.32
3.00 -181.00 0.38
7.00 -181.00 0.45
11.00 -181.00 0.47
15.00 -181.00 0.50
19.00 -181.00 0.50
23.00 -181.00 0.47
27.00 -181.00 0.45
31.00 -181.00 0.38
35.00 -181.00 0.29
39.00 -181.00 0.19
43.00 -181.00 0.12
47.00 -181.00 0.12
51.00 -181.00 0.12
55.00 -181.00 0.00
59.00 -181.00 0.00
63.00 -181.00 0.00
67.00 -181.00 0.00
71.00 -181.00 0.00
75.00 -181.00 0.00
79.00 -181.00 0.00
83.00 -181.00 0.00
87.00 -181.00 0.00
91.00 -181.00 0.00
95.00 -181.00 0.00
99.00 -181.00 0.00
103.00 -181.00 0.00
107.00 -181.00 0.00
111.00 -181.00 0.00
115.00 -181.00 0.00
119.00 -181.00 0.00
123.00 -181.00 0.00
127.00 -181.00 0.00
131.00 -181.00 0.00
135.00 -181.00 0.00
139.00 -181.00 0.00
143.00 -181.00 0.00
147.00 -181.00 0.00
151.00 -181.00 0.00
155.00 -181.00 0.00
159.00 -181.00 0.00
-357.00 -177.00 0.00
-353.00 -177.00 0.00
-349.00 -177.00 0.00
-345.00 -177.00 0.00
-341.00 -177.00 0.00
-337.00 -177.00 0.00
-333.00 -177.00 0.00
-329.00 -177.00 0.00
-325.00 -177.00 0.00
-321.00 -177.00 0.00
-317.00 -177.00 0.00
-313.00 -177.00 0.00
-309.00 -177.00 0.00
-305.00 -177.00 0.00
-301.00 -177.00 0.00
-297.00 -177.00 0.00
-293.00 -177.00 0.00
-289.00 -177.00 0.00
-285.00 -177.00 0.00
-281.00 -177.00 0.00
-277.00 -177.00 0.00
-273.00 -177.00 0.00
-269.00 -177.00 0.00
-265.00 -177.00 0.00
-261.00 -177.00 0.00
-257.00 -177.00 0.00
-253.00 -177.00 0.00
-249.00 -177.00 0.00
-245.00 -177.00 0.00
-241.00 -177.00 0.00
-237.00 -177.00 0.00
-233.00 -177.00 0.00
-229.00 -177.00 0.00
-225.00 -177.00 0.00
-221.00 -177.00 0.00
-217.00 -177.00 0.12
-213.00 -177.00 0.19
-209.00 -177.00 0.29
-205.00 -177.00 0.38
-201.00 -177.00 0.45
-197.00 -177.00 0.47
-193.00 -177.00 0.50
-189.00 -177.00 0.47
-185.00 -177.00 0.45
-181.00 -177.00 0.38
-177.00 -177.00 0.29
-173.00 -177.00 0.24
-169.00 -177.00 0.29
-165.00 -177.00 0.30
-161.00 -177.00 0.31
-157.00 -177.00 0.35
-153.00 -177.00 0.36
-149.00 -177.00 0.38
-145.00 -177.00 0.43
-141.00 -177.00 0.54
-137.00 -177.00 0.71
-133.00 -177.00 0.92
-129.00 -177.00 1.00
-125.00 -177.00 1.00
-121.00 -177.00 1.00
-117.00 -177.00 1.00
-113.00 -177.00 1.00
-109.00 -177.00 1.00
-105.00 -177.00 1.00
-101.00 -177.00 1.00
-97.00 -177.00 1.00
-93.00 -177.00 1.00
-89.00 -177.00 1.00
-85.00 -177.00 1.00
-81.00 -177.00 1.00
-77.00 -177.00 1.00
-73.00 -177.00 1.00
-69.00 -177.00 0.96
-65.00 -177.00 0.87
-61.00 -177.00 0.77
-57.00 -177.00 0.65
-53.00 -177.00 0.52
-49.00 -177.00 0.39
-45.00 -177.00 0.30
-41.00 -177.00 0.23
-37.00 -177.00 0.00
-33.00 -177.00 0.00
-29.00 -177.00 0.24
-25.00 -177.00 0.29
-21.00 -177.00 0.31
-17.00 -177.00 0.30
-13.00 -177.00 0.24
-9.00 -177.00 0.18
-5.00 -177.00 0.18
-1.00 -177.00 0.24
3.00 -177.00 0.32
7.00 -177.00 0.38
11.00 -177.00 0.45
15.00 -177.00 0.47
19.00 -177.00 0.47
23.00 -177.00 0.50
27.00 -177.00 0.47
31.00 -177.00 0.40
35.00 -177.00 0.30
39.00 -177.00 0.21
43.00 -177.00 0.21
47.00 -177.00 0.21
51.00 -177.00 0.19
55.00 -177.00 0.16
59.00 -177.00 0.12
63.00 -177.00 0.00
67.00 -177.00 0.00
71.00 -177.00 0.00
75.00 -177.00 0.00
79.00 -177.00 0.00
83.00 -177.00 0.00
87.00 -177.00 0.00
91.00 -177.00 0.00
95.00 -177.00 0.00
99.00 -177.00 0.00
103.00 -177.00 0.00
107.00 -177.00 0.00
111.00 -177.00 0.00
115.00 -177.00 0.00
119.00 -177.00 0.00
123.00 -177.00 0.00
127.00 -177.00 0.00
131.00 -177.00 0.00
135.00 -177.00 0.00
139.00 -177.00 0.00
143.00 -177.00 0.00
147.00 -177.00 0.00
151.00 -177.00 0.00
155.00 -177.00 0.00
159.00 -177.00 0.00
-357.00 -173.00 0.00
-353.00 -173.00 0.00
-349.00 -173.00 0.00
-345.00 -173.00 0.00
-341.00 -173.00 0.00
-337.00 -173.00 0.00
-333.00 -173.00 0.00
-329.00 -173.00 0.00
-325.00 -173.00 0.00
-321.00 -173.00 0.00
-317.00 -173.00 0.00
-313.00 -173.00 0.00
-309.00 -173.00 0.00
-305.00 -173.00 0.00
-301.00 -173.00 0.00
-297.00 -173.00 0.00
-293.00 -173.00 0.00
-289.00 -173.00 0.00
-285.00 -173.00 0.00
-281.00 -173.00 0.00
-277.00 -173.00 0.00
-273.00 -173.00 0.00
-269.00 -173.00 0.00
-265.00 -173.00 0.00
-261.00 -173.00 0.00
-257.00 -173.00 0.00
-253.00 -173.00 0.00
-249.00 -173.00 0.00
-245.00 -173.00 0.00
-241.00 -173.00 0.00
-237.00 -173.00 0.00
-233.00 -173.00 0.00
-229.00 -173.00 0.00
-225.00 -173.00 0.00
-221.00 -173.00 0.12
-217.00 -173.00 0.18
-213.00 -173.00 0.24
-209.00 -173.00 0.32
-205.00 -173.00 0.40
-201.00 -173.00 0.47
-197.00 -173.00 0.50
-193.00 -173.00 0.50
-189.00 -173.00 0.47
-185.00 -173.00 0.40
-181.00 -173.00 0.32
-177.00 -173.00 0.24
-173.00 -173.00 0.16
-169.00 -173.00 0.19
-165.00 -173.00 0.25
-161.00 -173.00 0.33
-157.00 -173.00 0.38
-153.00 -173.00 0.40
-149.00 -173.00 0.43
-145.00 -173.00 0.49
-141.00 -173.00 0.63
-137.00 -173.00 0.83
-133.00 -173.00 1.00
-129.00 -173.00 1.00
-125.00 -173.00 1.00
-121.00 -173.00 1.00
-117.00 -173.00 1.00
-113.00 -173.00 1.00
-109.00 -173.00 1.00
-105.00 -173.00 1.00
-101.00 -173.00 1.00
-97.00 -173.00 1.00
-93.00 -173.00 1.00
-89.00 -173.00 1.00
-85.00 -173.00 1.00
-81.00 -173.00 1.00
-77.00 -173.00 1.00
-73.00 -173.00 1.00
-69.00 -173.00 1.00
-65.00 -173.00 1.00
-61.00 -173.00 0.94
-57.00 -173.00 0.81
-53.00 -173.00 0.65
-49.00 -173.00 0.50
-45.00 -173.00 0.37
-41.00 -173.00 0.29
-37.00 -173.00 0.27
-33.00 -173.00 0.29
-29.00 -173.00 0.34
-25.00 -173.00 0.39
-21.00 -173.00 0.40
-17.00 -173.00 0.36
-13.00 -173.00 0.28
-9.00 -173.00 0.19
-5.00 -173.00 0.19
-1.00 -173.00 0.21
3.00 -173.00 0.24
7.00 -173.00 0.32
11.00 -173.00 0.38
15.00 -173.00 0.40
19.00 -173.00 0.45
23.00 -173.00 0.47
27.00 -173.00 0.45
31.00 -173.00 0.38
35.00 -173.00 0.29
39.00 -173.00 0.29
43.00 -173.00 0.30
47.00 -173.00 0.30
51.00 -173.00 0.29
55.00 -173.00 0.24
59.00 -173.00 0.18
63.00 -173.00 0.12
67.00 -173.00 0.00
71.00 -173.00 0.00
75.00 -173.00 0.00
79.00 -173.00 0.00
83.00 -173.00 0.00
87.00 -173.00 0.00
91.00 -173.00 0.00
95.00 -173.00 0.00
99.00 -173.00 0.00
103.00 -173.00 0.00
107.00 -173.00 0.00
111.00 -173.00 0.00
115.00 -173.00 0.00
119.00 -173.00 0.00
123.00 -173.00 0.00
127.00 -173.00 0.00
131.00 -173.00 0.00
135.00 -173.00 0.00
139.00 -173.00 0.00
143.00 -173.00 0.00
147.00 -173.00 0.00
151.00 -173.00 0.00
155.00 -173.00 0.00
159.00 -173.00 0.00
-357.00 -169.00 0.00
-353.00 -169.00 0.00
-349.00 -169.00 0.00
-345.00 -169.00 0.00
-341.00 -169.00 0.00
-337.00 -169.00 0.00
-333.00 -169.00 0.00
-329.00 -169.00 0.00
-325.00 -169.00 0.00
-321.00 -169.00 0.00
-317.00 -169.00 0.00
-313.00 -169.00 0.00
-309.00 -169.00 0.00
-305.00 -169.00 0.00
-301.00 -169.00 0.00
-297.00 -169.00 0.00
-293.00 -169.00 0.00
-289.00 -169.00 0.00
-285.00 -169.00 0.00
-281.00 -169.00 0.00
-277.00 -169.00 0.00
-273.00 -169.00 0.00
-269.00 -169.00 0.00
-265.00 -169.00 0.00
-261.00 -169.00 0.00
-257.00 -169.00 0.00
-253.00 -169.00 0.00
-249.00 -169.00 0.00
-245.00 -169.00 0.00
-241.00 -169.00 0.00
-237.00 -169.00 0.00
-233.00 -169.00 0.00
-229.00 -169.00 0.00
-225.00 -169.00 0.00
-221.00 -169.00 0.16
-217.00 -169.00 0.24
-213.00 -169.00 0.32
-209.00 -169.00 0.38
-205.00 -169.00 0.45
-201.00 -169.00 0.47
-197.00 -169.00 0.50
-193.00 -169.00 0.47
-189.00 -169.00 0.45
-185.00 -169.00 0.38
-181.00 -169.00 0.29
-177.00 -169.00 0.19
-173.00 -169.00 0.12
-169.00 -169.00 0.14
-165.00 -169.00 0.22
-161.00 -169.00 0.30
-157.00 -169.00 0.35
-153.00 -169.00 0.38
-149.00 -169.00 0.41
-145.00 -169.00 0.49
-141.00 -169.00 0.63
-137.00 -169.00 0.83
-133.00 -169.00 1.00
-129.00 -169.00 1.00
-125.00 -169.00 1.00
-121.00 -169.00 1.00
-117.00 -169.00 1.00
-113.00 -169.00 1.00
-109.00 -169.00 1.00
-105.00 -169.00 1.00
-101.00 -169.00 1.00
-97.00 -169.00 1.00
-93.00 -169.00 1.00
-89.00 -169.00 1.00
-85.00 -169.00 1.00
-81.00 -169.00 1.00
-77.00 -169.00 1.00
-73.00 -169.00 1.00
-69.00 -169.00 1.00
-65.00 -169.00 1.00
-61.00 -169.00 1.00
-57.00 -169.00 0.93
-53.00 -169.00 0.78
-49.00 -169.00 0.63
-45.00 -169.00 0.50
-41.00 -169.00 0.42
-37.00 -169.00 0.40
-33.00 -169.00 0.43
-29.00 -169.00 0.48
-25.00 -169.00 0.50
-21.00 -169.00 0.48
-17.00 -169.00 0.42
-13.00 -169.00 0.32
-9.00 -169.00 0.24
-5.00 -169.00 0.29
-1.00 -169.00 0.30
3.00 -169.00 0.30
7.00 -169.00 0.29
11.00 -169.00 0.29
15.00 -169.00 0.32
19.00 -169.00 0.38
23.00 -169.00 0.40
27.00 -169.00 0.38
31.00 -169.00 0.32
35.00 -169.00 0.32
39.00 -169.00 0.38
43.00 -169.00 0.40
47.00 -169.00 0.40
51.00 -169.00 0.38
55.00 -169.00 0.32
59.00 -169.00 0.24
63.00 -169.00 0.16
67.00 -169.00 0.00
71.00 -169.00 0.00
75.00 -169.00 0.00
79.00 -169.00 0.00
83.00 -169.00 0.00
87.00 -169.00 0.00
91.00 -169.00 0.00
95.00 -169.00 0.00
99.00 -169.00 0.00
103.00 -169.00 0.00
107.00 -169.00 0.00
111.00 -169.00 0.00
115.00 -169.00 0.00
119.00 -169.00 0.00
123.00 -169.00 0.00
127.00 -169.00 0.00
131.00 -169.00 0.00
135.00 -169.00 0.00
139.00 -169.00 0.00
143.00 -169.00 0.00
147.00 -169.00 0.00
151.00 -169.00 0.00
155.00 -169.00 0.00
159.00 -169.00 0.00
-357.00 -165.00 0.00
-353.00 -165.00 0.00
-349.00 -165.00 0.00
-345.00 -165.00 0.00
-341.00 -165.00 0.00
-337.00 -165.00 0.00
-333.00 -165.00 0.00
-329.00 -165.00 0.00
-325.00 -165.00 0.00
-321.00 -165.00 0.00
-317.00 -165.00 0.00
-313.00 -165.00 0.00
-309.00 -165.00 0.00
-305.00 -165.00 0.00
-301.00 -165.00 0.00
-297.00 -165.00 0.00
-293.00 -165.00 0.00
-289.00 -165.00 0.00
-285.00 -165.00 0.00
-281.00 -165.00 0.00
-277.00 -165.00 0.00
-273.00 -165.00 0.00
-269.00 -165.00 0.00
-265.00 -165.00 0.00
-261.00 -165.00 0.00
-257.00 -165.00 0.00
-253.00 -165.00 0.00
-249.00 -165.00 0.00
-245.00 -165.00 0.00
-241.00 -165.00 0.00
-237.00 -165.00 0.00
-233.00 -165.00 0.00
-229.00 -165.00 0.00
-225.00 -165.00 0.12
-221.00 -165.00 0.19
-217.00 -165.00 0.29
-213.00 -165.00 0.38
-209.00 -165.00 0.45
-205.00 -165.00 0.47
-201.00 -165.00 0.50
-197.00 -165.00 0.47
-193.00 -165.00 0.45
-189.00 -165.00 0.38
-185.00 -165.00 0.32
-181.00 -165.00 0.24
-177.00 -165.00 0.16
-173.00 -165.00 0.00
-169.00 -165.00 0.00
-165.00 -165.00 0.00
-161.00 -165.00 0.23
-157.00 -165.00 0.27
-153.00 -165.00 0.31
-149.00 -165.00 0.35
-145.00 -165.00 0.43
-141.00 -165.00 0.57
-137.00 -165.00 0.75
-133.00 -165.00 0.94
-129.00 -165.00 1.00
-125.00 -165.00 1.00
-121.00 -165.00 1.00
-117.00 -165.00 1.00
-113.00 -165.00 1.00
-109.00 -165.00 1.00
-105.00 -165.00 1.00
-101.00 -165.00 1.00
-97.00 -165.00 1.00
-93.00 -165.00 1.00
-89.00 -165.00 1.00
-85.00 -165.00 1.00
-81.00 -165.00 1.00
-77.00 -165.00 1.00
-73.00 -165.00 1.00
-69.00 -165.00 1.00
-65.00 -165.00 1.00
-61.00 -165.00 1.00
-57.00 -165.00 1.00
-53.00 -165.00 0.91
-49.00 -165.00 0.79
-45.00 -165.00 0.67
-41.00 -165.00 0.59
-37.00 -165.00 0.57
-33.00 -165.00 0.61
-29.00 -165.00 0.64
-25.00 -165.00 0.62
-21.00 -165.00 0.55
-17.00 -165.00 0.45
-13.00 -165.00 0.34
-9.00 -165.00 0.32
-5.00 -165.00 0.38
-1.00 -165.00 0.40
3.00 -165.00 0.40
7.00 -165.00 0.38
11.00 -165.00 0.32
15.00 -165.00 0.24
19.00 -165.00 0.29
23.00 -165.00 0.30
27.00 -165.00 0.29
31.00 -165.00 0.32
35.00 -165.00 0.38
39.00 -165.00 0.45
43.00 -165.00 0.47
47.00 -165.00 0.47
51.00 -165.00 0.45
55.00 -165.00 0.38
59.00 -165.00 0.29
63.00 -165.00 0.19
67.00 -165.00 0.12
71.00 -165.00 0.00
75.00 -165.00 0.00
79.00 -165.00 0.00
83.00 -165.00 0.00
87.00 -165.00 0.00
91.00 -165.00 0.00
95.00 -165.00 0.00
99.00 -165.00 0.00
103.00 -165.00 0.00
107.00 -165.00 0.00
111.00 -165.00 0.00
115.00 -165.00 0.00
119.00 -165.00 0.00
123.00 -165.00 0.00
127.00 -165.00 0.00
131.00 -165.00 0.00
135.00 -165.00 0.00
139.00 -165.00 0.00
143.00 -165.00 0.00
147.00 -165.00 0.00
151.00 -165.00 0.00
155.00 -165.00 0.00
159.00 -165.00 0.00
-357.00 -161.00 0.00
-353.00 -161.00 0.00
-349.00 -161.00 0.00
-345.00 -161.00 0.00
-341.00 -161.00 0.00
-337.00 -161.00 0.00
-333.00 -161.00 0.00
-329.00 -161.00 0.00
-325.00 -161.00 0.00
-321.00 -161.00 0.00
-317.00 -161.00 0.00
-313.00 -161.00 0.00
-309.00 -161.00 0.00
-305.00 -161.00 0.00
-301.00 -161.00 0.00
-297.00 -161.00 0.00
-293.00 -161.00 0.00
-289.00 -161.00 0.00
-285.00 -161.00 0.00
-281.00 -161.00 0.00
-277.00 -161.00 0.00
-273.00 -161.00 0.00
-269.00 -161.00 0.00
-265.00 -161.00 0.00
-261.00 -161.00 0.00
-257.00 -161.00 0.00
-253.00 -161.00 0.00
-249.00 -161.00 0.00
-245.00 -161.00 0.00
-241.00 -161.00 0.00
-237.00 -161.00 0.00
-233.00 -161.00 0.00
-229.00 -161.00 0.00
-225.00 -161.00 0.16
-221.00 -161.00 0.24
-217.00 -161.00 0.32
-213.00 -161.00 0.40
-209.00 -161.00 0.47
-205.00 -161.00 0.50
-201.00 -161.00 0.50
-197.00 -161.00 0.47
-193.00 -161.00 0.40
-189.00 -161.00 0.32
-185.00 -161.00 0.24
-181.00 -161.00 0.18
-177.00 -161.00 0.12
-173.00 -161.00 0.00
-169.00 -161.00 0.00
-165.00 -161.00 0.00
-161.00 -161.00 0.00
-157.00 -161.00 0.00
-153.00 -161.00 0.21
-149.00 -161.00 0.26
-145.00 -161.00 0.34
-141.00 -161.00 0.47
-137.00 -161.00 0.62
-133.00 -161.00 0.77
-129.00 -161.00 0.87
-125.00 -161.00 0.94
-121.00 -161.00 0.99
-117.00 -161.00 1.00
-113.00 -161.00 1.00
-109.00 -161.00 1.00
-105.00 -161.00 1.00
-101.00 -161.00 1.00
-97.00 -161.00 1.00
-93.00 -161.00 1.00
-89.00 -161.00 1.00
-85.00 -161.00 1.00
-81.00 -161.00 1.00
-77.00 -161.00 1.00
-73.00 -161.00 1.00
-69.00 -161.00 1.00
-65.00 -161.00 1.00
-61.00 -161.00 1.00
-57.00 -161.00 1.00
-53.00 -161.00 1.00
-49.00 -161.00 0.96
-45.00 -161.00 0.86
-41.00 -161.00 0.77
-37.00 -161.00 0.75
-33.00 -161.00 0.77
-29.00 -161.00 0.77
-25.00 -161.00 0.71
-21.00 -161.00 0.59
-17.00 -161.00 0.45
-13.00 -161.00 0.34
-9.00 -161.00 0.38
-5.00 -161.00 0.45
-1.00 -161.00 0.47
3.00 -161.00 0.47
7.00 -161.00 0.45
11.00 -161.00 0.38
15.00 -161.00 0.29
19.00 -161.00 0.19
23.00 -161.00 0.21
27.00 -161.00 0.29
31.00 -161.00 0.38
35.00 -161.00 0.45
39.00 -161.00 0.47
43.00 -161.00 0.50
47.00 -161.00 0.50
51.00 -161.00 0.47
55.00 -161.00 0.40
59.00 -161.00 0.30
63.00 -161.00 0.21
67.00 -161.00 0.12
71.00 -161.00 0.00
75.00 -161.00 0.00
79.00 -161.00 0.00
83.00 -161.00 0.00
87.00 -161.00 0.00
91.00 -161.00 0.00
95.00 -161.00 0.00
99.00 -161.00 0.00
103.00 -161.00 0.00
107.00 -161.00 0.00
111.00 -161.00 0.00
115.00 -161.00 0.00
119.00 -161.00 0.00
123.00 -161.00 0.00
127.00 -161.00 0.00
131.00 -161.00 0.00
135.00 -161.00 0.00
139.00 -161.00 0.00
143.00 -161.00 0.00
147.00 -161.00 0.00
151.00 -161.00 0.00
155.00 -161.00 0.00
159.00 -161.00 0.00
-357.00 -157.00 0.00
-353.00 -157.00 0.00
-349.00 -157.00 0.00
-345.00 -157.00 0.00
-341.00 -157.00 0.00
-337.00 -157.00 0.00
-333.00 -157.00 0.00
-329.00 -157.00 0.00
-325.00 -157.00 0.00
-321.00 -157.00 0.00
-317.00 -157.00 0.00
-313.00 -157.00 0.00
-309.00 -157.00 0.00
-305.00 -157.00 0.00
-301.00 -157.00 0.00
-297.00 -157.00 0.00
-293.00 -157.00 0.00
-289.00 -157.00 0.00
-285.00 -157.00 0.00
-281.00 -157.00 0.00
-277.00 -157.00 0.00
-273.00 -157.00 0.00
-269.00 -157.00 0.00
-265.00 -157.00 0.00
-261.00 -157.00 0.00
-257.00 -157.00 0.00
-253.00 -157.00 0.00
-249.00 -157.00 0.00
-245.00 -157.00 0.00
-241.00 -157.00 0.00
-237.00 -157.00 0.00
-233.00 -157.00 0.00
-229.00 -157.00 0.12
-225.00 -157.00 0.19
-221.00 -157.00 0.29
-217.00 -157.00 0.38
-213.00 -157.00 0.45
-209.00 -157.00 0.47
-205.00 -157.00 0.50
-201.00 -157.00 0.47
-197.00 -157.00 0.45
-193.00 -157.00 0.38
-189.00 -157.00 0.29
-185.00 -157.00 0.19
-181.00 -157.00 0.12
-177.00 -157.00 0.00
-173.00 -157.00 0.00
-169.00 -157.00 0.00
-165.00 -157.00 0.00
-161.00 -157.00 0.00
-157.00 -157.00 0.00
-153.00 -157.00 0.00
-149.00 -157.00 0.00
-145.00 -157.00 0.25
-141.00 -157.00 0.36
-137.00 -157.00 0.50
-133.00 -157.00 0.62
-129.00 -157.00 0.69
-125.00 -157.00 0.74
-121.00 -157.00 0.79
-117.00 -157.00 0.88
-113.00 -157.00 1.00
-109.00 -157.00 1.00
-105.00 -157.00 1.00
-101.00 -157.00 1.00
-97.00 -157.00 1.00
-93.00 -157.00 1.00
-89.00 -157.00 1.00
-85.00 -157.00 1.00
-81.00 -157.00 1.00
-77.00 -157.00 1.00
-73.00 -157.00 1.00
-69.00 -157.00 1.00
-65.00 -157.00 1.00
-61.00 -157.00 1.00
-57.00 -157.00 1.00
-53.00 -157.00 1.00
-49.00 -157.00 1.00
-45.00 -157.00 1.00
-41.00 -157.00 0.94
-37.00 -157.00 0.89
-33.00 -157.00 0.89
-29.00 -157.00 0.85
-25.00 -157.00 0.75
-21.00 -157.00 0.59
-17.00 -157.00 0.44
-13.00 -157.00 0.38
-9.00 -157.00 0.45
-5.00 -157.00 0.47
-1.00 -157.00 0.50
3.00 -157.00 0.50
7.00 -157.00 0.47
11.00 -157.00 0.40
15.00 -157.00 0.30
19.00 -157.00 0.21
23.00 -157.00 0.24
27.00 -157.00 0.32
31.00 -157.00 0.40
35.00 -157.00 0.47
39.00 -157.00 0.50
43.00 -157.00 0.50
47.00 -157.00 0.47
51.00 -157.00 0.45
55.00 -157.00 0.38
59.00 -157.00 0.29
63.00 -157.00 0.19
67.00 -157.00 0.12
71.00 -157.00 0.00
75.00 -157.00 0.00
79.00 -157.00 0.00
83.00 -157.00 0.00
87.00 -157.00 0.00
91.00 -157.00 0.00
95.00 -157.00 0.00
99.00 -157.00 0.00
103.00 -157.00 0.00
107.00 -157.00 0.00
111.00 -157.00 0.00
115.00 -157.00 0.00
119.00 -157.00 0.00
123.00 -157.00 0.00
127.00 -157.00 0.00
131.00 -157.00 0.00
135.00 -157.00 0.00
139.00 -157.00 0.00
143.00 -157.00 0.00
147.00 -157.00 0.00
151.00 -157.00 0.00
155.00 -157.00 0.00
159.00 -157.00 0.00
-357.00 -153.00 0.00
-353.00 -153.00 0.00
-349.00 -153.00 0.00
-345.00 -153.00 0.00
-341.00 -153.00 0.00
-337.00 -153.00 0.00
-333.00 -153.00 0.00
-329.00 -153.00 0.00
-325.00 -153.00 0.00
-321.00 -153.00 0.00
-317.00 -153.00 0.00
-313.00 -153.00 0.00
-309.00 -153.00 0.00
-305.00 -153.00 0.00
-301.00 -153.00 0.00
-297.00 -153.00 0.00
-293.00 -153.00 0.00
-289.00 -153.00 0.00
-285.00 -153.00 0.00
-281.00 -153.00 0.00
-277.00 -153.00 0.00
-273.00 -153.00 0.00
-269.00 -153.00 0.00
-265.00 -153.00 0.00
-261.00 -153.00 0.00
-257.00 -153.00 0.00
-253.00 -153.00 0.00
-249.00 -153.00 0.00
-245.00 -153.00 0.00
-241.00 -153.00 0.00
-237.00 -153.00 0.00
-233.00 -153.00 0.12
-229.00 -153.00 0.18
-225.00 -153.00 0.24
-221.00 -153.00 0.32
-217.00 -153.00 0.40
-213.00 -153.00 0.47
-209.00 -153.00 0.50
-205.00 -153.00 0.47
-201.00 -153.00 0.45
-197.00 -153.00 0.38
-193.00 -153.00 0.32
-189.00 -153.00 0.24
-185.00 -153.00 0.16
-181.00 -153.00 0.00
-177.00 -153.00 0.00
-173.00 -153.00 0.00
-169.00 -153.00 0.00
-165.00 -153.00 0.00
-161.00 -153.00 0.00
-157.00 -153.00 0.00
-153.00 -153.00 0.00
-149.00 -153.00 0.00
-145.00 -153.00 0.00
-141.00 -153.00 0.27
-137.00 -153.00 0.39
-133.00 -153.00 0.50
-129.00 -153.00 0.57
-125.00 -153.00 0.62
-121.00 -153.00 0.69
-117.00 -153.00 0.80
-113.00 -153.00 0.92
-109.00 -153.00 1.00
-105.00 -153.00 1.00
-101.00 -153.00 1.00
-97.00 -153.00 1.00
-93.00 -153.00 1.00
-89.00 -153.00 1.00
-85.00 -153.00 1.00
-81.00 -153.00 1.00
-77.00 -153.00 1.00
-73.00 -153.00 1.00
-69.00 -153.00 1.00
-65.00 -153.00 1.00
-61.00 -153.00 1.00
-57.00 -153.00 1.00
-53.00 -153.00 1.00
-49.00 -153.00 1.00
-45.00 -153.00 1.00
-41.00 -153.00 1.00
-37.00 -153.00 1.00
-33.00 -153.00 0.99
-29.00 -153.00 0.91
-25.00 -153.00 0.77
-21.00 -153.00 0.59
-17.00 -153.00 0.43
-13.00 -153.00 0.40
-9.00 -153.00 0.47
-5.00 -153.00 0.50
-1.00 -153.00 0.50
3.00 -153.00 0.47
7.00 -153.00 0.45
11.00 -153.00 0.38
15.00 -153.00 0.29
19.00 -153.00 0.19
23.00 -153.00 0.29
27.00 -153.00 0.38
31.00 -153.00 0.45
35.00 -153.00 0.47
39.00 -153.00 0.50
43.00 -153.00 0.47
47.00 -153.00 0.45
51.00 -153.00 0.38
55.00 -153.00 0.32
59.00 -153.00 0.24
63.00 -153.00 0.16
67.00 -153.00 0.00
71.00 -153.00 0.00
75.00 -153.00 0.00
79.00 -153.00 0.00
83.00 -153.00 0.00
87.00 -153.00 0.00
91.00 -153.00 0.00
95.00 -153.00 0.00
99.00 -153.00 0.00
103.00 -153.00 0.00
107.00 -153.00 0.00
111.00 -153.00 0.00
115.00 -153.00 0.00
119.00 -153.00 0.00
123.00 -153.00 0.00
127.00 -153.00 0.00
131.00 -153.00 0.00
135.00 -153.00 0.00
139.00 -153.00 0.00
143.00 -153.00 0.00
147.00 -153.00 0.00
151.00 -153.00 0.00
155.00 -153.00 0.00
159.00 -153.00 0.00
-357.00 -149.00 0.00
-353.00 -149.00 0.00
-349.00 -149.00 0.00
-345.00 -149.00 0.00
-341.00 -149.00 0.00
-337.00 -149.00 0.00
-333.00 -149.00 0.00
-329.00 -149.00 0.00
-325.00 -149.00 0.00
-321.00 -149.00 0.00
-317.00 -149.00 0.00
-313.00 -149.00 0.00
-309.00 -149.00 0.00
-305.00 -149.00 0.00
-301.00 -149.00 0.00
-297.00 -149.00 0.00
-293.00 -149.00 0.00
-289.00 -149.00 0.00
-285.00 -149.00 0.00
-281.00 -149.00 0.00
-277.00 -149.00 0.00
-273.00 -149.00 0.00
-269.00 -149.00 0.00
-265.00 -149.00 0.00
-261.00 -149.00 0.00
-257.00 -149.00 0.00
-253.00 -149.00 0.00
-249.00 -149.00 0.00
-245.00 -149.00 0.00
-241.00 -149.00 0.00
-237.00 -149.00 0.00
-233.00 -149.00 0.16
-229.00 -149.00 0.24
-225.00 -149.00 0.32
-221.00 -149.00 0.38
-217.00 -149.00 0.45
-213.00 -149.00 0.47
-209.00 -149.00 0.50
-205.00 -149.00 0.47
-201.00 -149.00 0.40
-197.00 -149.00 0.32
-193.00 -149.00 0.24
-189.00 -149.00 0.18
-185.00 -149.00 0.12
-181.00 -149.00 0.00
-177.00 -149.00 0.00
-173.00 -149.00 0.00
-169.00 -149.00 0.00
-165.00 -149.00 0.00
-161.00 -149.00 0.00
-157.00 -149.00 0.00
-153.00 -149.00 0.00
-149.00 -149.00 0.00
-145.00 -149.00 0.00
-141.00 -149.00 0.22
-137.00 -149.00 0.32
-133.00 -149.00 0.42
-129.00 -149.00 0.51
-125.00 -149.00 0.59
-121.00 -149.00 0.69
-117.00 -149.00 0.80
-113.00 -149.00 0.90
-109.00 -149.00 0.94
-105.00 -149.00 0.94
-101.00 -149.00 0.95
-97.00 -149.00 1.00
-93.00 -149.00 1.00
-89.00 -149.00 1.00
-85.00 -149.00 1.00
-81.00 -149.00 1.00
-77.00 -149.00 1.00
-73.00 -149.00 1.00
-69.00 -149.00 1.00
-65.00 -149.00 1.00
-61.00 -149.00 1.00
-57.00 -149.00 1.00
-53.00 -149.00 1.00
-49.00 -149.00 1.00
-45.00 -149.00 1.00
-41.00 -149.00 1.00
-37.00 -149.00 1.00
-33.00 -149.00 1.00
-29.00 -149.00 1.00
-25.00 -149.00 0.83
-21.00 -149.00 0.62
-17.00 -149.00 0.45
-13.00 -149.00 0.40
-9.00 -149.00 0.47
-5.00 -149.00 0.50
-1.00 -149.00 0.47
3.00 -149.00 0.45
7.00 -149.00 0.38
11.00 -149.00 0.32
15.00 -149.00 0.24
19.00 -149.00 0.21
23.00 -149.00 0.30
27.00 -149.00 0.40
31.00 -149.00 0.47
35.00 -149.00 0.50
39.00 -149.00 0.47
43.00 -149.00 0.45
47.00 -149.00 0.38
51.00 -149.00 0.32
55.00 -149.00 0.24
59.00 -149.00 0.18
63.00 -149.00 0.12
67.00 -149.00 0.00
71.00 -149.00 0.00
75.00 -149.00 0.00
79.00 -149.00 0.00
83.00 -149.00 0.00
87.00 -149.00 0.00
91.00 -149.00 0.00
95.00 -149.00 0.00
99.00 -149.00 0.00
103.00 -149.00 0.00
107.00 -149.00 0.00
111.00 -149.00 0.00
115.00 -149.00 0.00
119.00 -149.00 0.00
123.00 -149.00 0.00
127.00 -149.00 0.00
131.00 -149.00 0.00
135.00 -149.00 0.00
139.00 -149.00 0.00
143.00 -149.00 0.00
147.00 -149.00 0.00
151.00 -149.00 0.00
155.00 -149.00 0.00
159.00 -149.00 0.00
-357.00 -145.00 0.00
-353.00 -145.00 0.00
-349.00 -145.00 0.00
-345.00 -145.00 0.00
-341.00 -145.00 0.00
-337.00 -145.00 0.00
-333.00 -145.00 0.00
-329.00 -145.00 0.00
-325.00 -145.00 0.00
-321.00 -145.00 0.00
-317.00 -145.00 0.00
-313.00 -145.00 0.00
-309.00 -145.00 0.00
-305.00 -145.00 0.00
-301.00 -145.00 0.00
-297.00 -145.00 0.00
-293.00 -145.00 0.00
-289.00 -145.00 0.00
-285.00 -145.00 0.00
-281.00 -145.00 0.00
-277.00 -145.00 0.00
-273.00 -145.00 0.00
-269.00 -145.00 0.00
-265.00 -145.00 0.00
-261.00 -145.00 0.00
-257.00 -145.00 0.00
-253.00 -145.00 0.00
-249.00 -145.00 0.00
-245.00 -145.00 0.00
-241.00 -145.00 0.00
-237.00 -145.00 0.12
-233.00 -145.00 0.19
-229.00 -145.00 0.29
-225.00 -145.00 0.38
-221.00 -145.00 0.45
-217.00 -145.00 0.47
-213.00 -145.00 0.50
-209.00 -145.00 0.47
-205.00 -145.00 0.45
-201.00 -145.00 0.38
-197.00 -145.00 0.29
-193.00 -145.00 0.19
-189.00 -145.00 0.12
-185.00 -145.00 0.00
-181.00 -145.00 0.00
-177.00 -145.00 0.00
-173.00 -145.00 0.00
-169.00 -145.00 0.00
-165.00 -145.00 0.00
-161.00 -145.00 0.00
-157.00 -145.00 0.00
-153.00 -145.00 0.00
-149.00 -145.00 0.00
-145.00 -145.00 0.00
-141.00 -145.00 0.00
-137.00 -145.00 0.28
-133.00 -145.00 0.37
-129.00 -145.00 0.46
-125.00 -145.00 0.57
-121.00 -145.00 0.70
-117.00 -145.00 0.82
-113.00 -145.00 0.89
-109.00 -145.00 0.89
-105.00 -145.00 0.85
-101.00 -145.00 0.86
-97.00 -145.00 0.94
-93.00 -145.00 1.00
-89.00 -145.00 1.00
-85.00 -145.00 1.00
-81.00 -145.00 1.00
-77.00 -145.00 1.00
-73.00 -145.00 1.00
-69.00 -145.00 1.00
-65.00 -145.00 1.00
-61.00 -145.00 1.00
-57.00 -145.00 1.00
-53.00 -145.00 1.00
-49.00 -145.00 1.00
-45.00 -145.00 1.00
-41.00 -145.00 1.00
-37.00 -145.00 1.00
-33.00 -145.00 1.00
-29.00 -145.00 1.00
-25.00 -145.00 0.97
-21.00 -145.00 0.72
-17.00 -145.00 0.52
-13.00 -145.00 0.39
-9.00 -145.00 0.45
-5.00 -145.00 0.47
-1.00 -145.00 0.45
3.00 -145.00 0.38
7.00 -145.00 0.32
11.00 -145.00 0.24
15.00 -145.00 0.18
19.00 -145.00 0.21
23.00 -145.00 0.30
27.00 -145.00 0.40
31.00 -145.00 0.47
35.00 -145.00 0.50
39.00 -145.00 0.47
43.00 -145.00 0.40
47.00 -145.00 0.32
51.00 -145.00 0.24
55.00 -145.00 0.18
59.00 -145.00 0.17
63.00 -145.00 0.00
67.00 -145.00 0.00
71.00 -145.00 0.00
75.00 -145.00 0.00
79.00 -145.00 0.00
83.00 -145.00 0.00
87.00 -145.00 0.00
91.00 -145.00 0.00
95.00 -145.00 0.00
99.00 -145.00 0.00
103.00 -145.00 0.00
107.00 -145.00 0.00
111.00 -145.00 0.00
115.00 -145.00 0.00
119.00 -145.00 0.00
123.00 -145.00 0.00
127.00 -145.00 0.00
131.00 -145.00 0.00
135.00 -145.00 0.00
139.00 -145.00 0.00
143.00 -145.00 0.00
147.00 -145.00 0.00
151.00 -145.00 0.00
155.00 -145.00 0.00
159.00 -145.00 0.00
-357.00 -141.00 0.00
-353.00 -141.00 0.00
-349.00 -141.00 0.00
-345.00 -141.00 0.00
-341.00 -141.00 0.00
-337.00 -141.00 0.00
-333.00 -141.00 0.00
-329.00 -141.00 0.00
-325.00 -141.00 0.00
-321.00 -141.00 0.00
-317.00 -141.00 0.00
-313.00 -141.00 0.00
-309.00 -141.00 0.00
-305.00 -141.00 0.00
-301.00 -141.00 0.00
-297.00 -141.00 0.00
-293.00 -141.00 0.00
-289.00 -141.00 0.00
-285.00 -141.00 0.00
-281.00 -141.00 0.00
-277.00 -141.00 0.00
-273.00 -141.00 0.00
-269.00 -141.00 0.00
-265.00 -141.00 0.00
-261.00 -141.00 0.00
-257.00 -141.00 0.00
-253.00 -141.00 0.00
-249.00 -141.00 0.00
-245.00 -141.00 0.00
-241.00 -141.00 0.00
-237.00 -141.00 0.16
-233.00 -141.00 0.24
-229.00 -141.00 0.32
-225.00 -141.00 0.40
-221.00 -141.00 0.47
-217.00 -141.00 0.50
-213.00 -141.00 0.50
-209.00 -141.00 0.47
-205.00 -141.00 0.40
-201.00 -141.00 0.32
-197.00 -141.00 0.24
-193.00 -141.00 0.16
-189.00 -141.00 0.00
-185.00 -141.00 0.00
-181.00 -141.00 0.00
-177.00 -141.00 0.00
-173.00 -141.00 0.00
-169.00 -141.00 0.00
-165.00 -141.00 0.00
-161.00 -141.00 0.00
-157.00 -141.00 0.00
-153.00 -141.00 0.00
-149.00 -141.00 0.00
-145.00 -141.00 0.00
-141.00 -141.00 0.00
-137.00 -141.00 0.24
-133.00 -141.00 0.32
-129.00 -141.00 0.41
-125.00 -141.00 0.53
-121.00 -141.00 0.66
-117.00 -141.00 0.78
-113.00 -141.00 0.83
-109.00 -141.00 0.81
-105.00 -141.00 0.79
-101.00 -141.00 0.81
-97.00 -141.00 0.92
-93.00 -141.00 1.00
-89.00 -141.00 1.00
-85.00 -141.00 1.00
-81.00 -141.00 1.00
-77.00 -141.00 1.00
-73.00 -141.00 1.00
-69.00 -141.00 1.00
-65.00 -141.00 1.00
-61.00 -141.00 1.00
-57.00 -141.00 1.00
-53.00 -141.00 1.00
-49.00 -141.00 1.00
-45.00 -141.00 1.00
-41.00 -141.00 1.00
-37.00 -141.00 1.00
-33.00 -141.00 1.00
-29.00 -141.00 1.00
-25.00 -141.00 1.00
-21.00 -141.00 0.88
-17.00 -141.00 0.63
-13.00 -141.00 0.48
-9.00 -141.00 0.40
-5.00 -141.00 0.40
-1.00 -141.00 0.38
3.00 -141.00 0.32
7.00 -141.00 0.24
11.00 -141.00 0.19
15.00 -141.00 0.20
19.00 -141.00 0.23
23.00 -141.00 0.30
27.00 -141.00 0.40
31.00 -141.00 0.47
35.00 -141.00 0.50
39.00 -141.00 0.47
43.00 -141.00 0.40
47.00 -141.00 0.30
51.00 -141.00 0.28
55.00 -141.00 0.30
59.00 -141.00 0.30
63.00 -141.00 0.27
67.00 -141.00 0.22
71.00 -141.00 0.00
75.00 -141.00 0.00
79.00 -141.00 0.00
83.00 -141.00 0.00
87.00 -141.00 0.00
91.00 -141.00 0.00
95.00 -141.00 0.00
99.00 -141.00 0.00
103.00 -141.00 0.00
107.00 -141.00 0.00
111.00 -141.00 0.00
115.00 -141.00 0.00
119.00 -141.00 0.00
123.00 -141.00 0.00
127.00 -141.00 0.00
131.00 -141.00 0.00
135.00 -141.00 0.00
139.00 -141.00 0.00
143.00 -141.00 0.00
147.00 -141.00 0.00
151.00 -141.00 0.00
155.00 -141.00 0.00
159.00 -141.00 0.00
-357.00 -137.00 0.00
-353.00 -137.00 0.00
-349.00 -137.00 0.00
-345.00 -137.00 0.00
-341.00 -137.00 0.00
-337.00 -137.00 0.00
-333.00 -137.00 0.00
-329.00 -137.00 0.00
-325.00 -137.00 0.00
-321.00 -137.00 0.00
-317.00 -137.00 0.00
-313.00 -137.00 0.00
-309.00 -137.00 0.00
-305.00 -137.00 0.00
-301.00 -137.00 0.00
-297.00 -137.00 0.00
-293.00 -137.00 0.00
-289.00 -137.00 0.00
-285.00 -137.00 0.00
-281.00 -137.00 0.00
-277.00 -137.00 0.00
-273.00 -137.00 0.00
-269.00 -137.00 0.00
-265.00 -137.00 0.00
-261.00 -137.00 0.00
-257.00 -137.00 0.00
-253.00 -137.00 0.00
-249.00 -137.00 0.00
-245.00 -137.00 0.00
-241.00 -137.00 0.12
-237.00 -137.00 0.19
-233.00 -137.00 0.29
-229.00 -137.00 0.38
-225.00 -137.00 0.45
-221.00 -137.00 0.47
-217.00 -137.00 0.50
-213.00 -137.00 0.47
-209.00 -137.00 0.45
-205.00 -137.00 0.38
-201.00 -137.00 0.29
-197.00 -137.00 0.19
-193.00 -137.00 0.12
-189.00 -137.00 0.00
-185.00 -137.00 0.00
-181.00 -137.00 0.00
-177.00 -137.00 0.00
-173.00 -137.00 0.00
-169.00 -137.00 0.00
-165.00 -137.00 0.00
-161.00 -137.00 0.00
-157.00 -137.00 0.00
-153.00 -137.00 0.00
-149.00 -137.00 0.12
-145.00 -137.00 0.12
-141.00 -137.00 0.14
-137.00 -137.00 0.20
-133.00 -137.00 0.27
-129.00 -137.00 0.35
-125.00 -137.00 0.45
-121.00 -137.00 0.57
-117.00 -137.00 0.66
-113.00 -137.00 0.71
-109.00 -137.00 0.72
-105.00 -137.00 0.74
-101.00 -137.00 0.81
-97.00 -137.00 0.94
-93.00 -137.00 1.00
-89.00 -137.00 1.00
-85.00 -137.00 1.00
-81.00 -137.00 1.00
-77.00 -137.00 1.00
-73.00 -137.00 1.00
-69.00 -137.00 1.00
-65.00 -137.00 1.00
-61.00 -137.00 1.00
-57.00 -137.00 1.00
-53.00 -137.00 1.00
-49.00 -137.00 1.00
-45.00 -137.00 1.00
-41.00 -137.00 1.00
-37.00 -137.00 1.00
-33.00 -137.00 1.00
-29.00 -137.00 1.00
-25.00 -137.00 1.00
-21.00 -137.00 1.00
-17.00 -137.00 0.80
-13.00 -137.00 0.60
-9.00 -137.00 0.48
-5.00 -137.00 0.41
-1.00 -137.00 0.34
3.00 -137.00 0.29
7.00 -137.00 0.26
11.00 -137.00 0.25
15.00 -137.00 0.26
19.00 -137.00 0.29
23.00 -137.00 0.34
27.00 -137.00 0.40
31.00 -137.00 0.47
35.00 -137.00 0.50
39.00 -137.00 0.47
43.00 -137.00 0.40
47.00 -137.00 0.38
51.00 -137.00 0.43
55.00 -137.00 0.47
59.00 -137.00 0.48
63.00 -137.00 0.44
67.00 -137.00 0.36
71.00 -137.00 0.25
75.00 -137.00 0.00
79.00 -137.00 0.00
83.00 -137.00 0.00
87.00 -137.00 0.00
91.00 -137.00 0.00
95.00 -137.00 0.00
99.00 -137.00 0.00
103.00 -137.00 0.00
107.00 -137.00 0.00
111.00 -137.00 0.00
115.00 -137.00 0.00
119.00 -137.00 0.00
123.00 -137.00 0.00
127.00 -137.00 0.00
131.00 -137.00 0.00
135.00 -137.00 0.00
139.00 -137.00 0.00
143.00 -137.00 0.00
147.00 -137.00 0.00
151.00 -137.00 0.00
155.00 -137.00 0.00
159.00 -137.00 0.00
-357.00 -133.00 0.00
-353.00 -133.00 0.00
-349.00 -133.00 0.00
-345.00 -133.00 0.00
-341.00 -133.00 0.00
-337.00 -133.00 0.00
-333.00 -133.00 0.00
-329.00 -133.00 0.00
-325.00 -133.00 0.00
-321.00 -133.00 0.00
-317.00 -133.00 0.00
-313.00 -133.00 0.00
-309.00 -133.00 0.00
-305.00 -133.00 0.00
-301.00 -133.00 0.00
-297.00 -133.00 0.00
-293.00 -133.00 0.00
-289.00 -133.00 0.00
-285.00 -133.00 0.00
-281.00 -133.00 0.00
-277.00 -133.00 0.00
-273.00 -133.00 0.00
-269.00 -133.00 0.00
-265.00 -133.00 0.00
-261.00 -133.00 0.00
-257.00 -133.00 0.00
-253.00 -133.00 0.00
-249.00 -133.00 0.00
-245.00 -133.00 0.00
-241.00 -133.00 0.12
-237.00 -133.00 0.21
-233.00 -133.00 0.30
-229.00 -133.00 0.40
-225.00 -133.00 0.47
-221.00 -133.00 0.50
-217.00 -133.00 0.47
-213.00 -133.00 0.45
-209.00 -133.00 0.38
-205.00 -133.00 0.32
-201.00 -133.00 0.24
-197.00 -133.00 0.16
-193.00 -133.00 0.00
-189.00 -133.00 0.00
-185.00 -133.00 0.00
-181.00 -133.00 0.00
-177.00 -133.00 0.00
-173.00 -133.00 0.00
-169.00 -133.00 0.00
-165.00 -133.00 0.00
-161.00 -133.00 0.00
-157.00 -133.00 0.12
-153.00 -133.00 0.16
-149.00 -133.00 0.19
-145.00 -133.00 0.21
-141.00 -133.00 0.21
-137.00 -133.00 0.21
-133.00 -133.00 0.24
-129.00 -133.00 0.32
-125.00 -133.00 0.39
-121.00 -133.00 0.46
-117.00 -133.00 0.52
-113.00 -133.00 0.57
-109.00 -133.00 0.62
-105.00 -133.00 0.70
-101.00 -133.00 0.80
-97.00 -133.00 0.93
-93.00 -133.00 1.00
-89.00 -133.00 1.00
-85.00 -133.00 1.00
-81.00 -133.00 1.00
-77.00 -133.00 1.00
-73.00 -133.00 1.00
-69.00 -133.00 1.00
-65.00 -133.00 1.00
-61.00 -133.00 1.00
-57.00 -133.00 1.00
-53.00 -133.00 1.00
-49.00 -133.00 1.00
-45.00 -133.00 1.00
-41.00 -133.00 1.00
-37.00 -133.00 1.00
-33.00 -133.00 1.00
-29.00 -133.00 1.00
-25.00 -133.00 1.00
-21.00 -133.00 1.00
-17.00 -133.00 0.99
-13.00 -133.00 0.73
-9.00 -133.00 0.57
-5.00 -133.00 0.45
-1.00 -133.00 0.37
3.00 -133.00 0.32
7.00 -133.00 0.30
11.00 -133.00 0.29
15.00 -133.00 0.30
19.00 -133.00 0.31
23.00 -133.00 0.35
27.00 -133.00 0.40
31.00 -133.00 0.45
35.00 -133.00 0.48
39.00 -133.00 0.48
43.00 -133.00 0.49
47.00 -133.00 0.53
51.00 -133.00 0.59
55.00 -133.00 0.66
59.00 -133.00 0.68
63.00 -133.00 0.63
67.00 -133.00 0.52
71.00 -133.00 0.37
75.00 -133.00 0.23
79.00 -133.00 0.00
83.00 -133.00 0.00
87.00 -133.00 0.00
91.00 -133.00 0.00
95.00 -133.00 0.00
99.00 -133.00 0.00
103.00 -133.00 0.00
107.00 -133.00 0.00
111.00 -133.00 0.00
115.00 -133.00 0.00
119.00 -133.00 0.00
123.00 -133.00 0.00
127.00 -133.00 0.00
131.00 -133.00 0.00
135.00 -133.00 0.00
139.00 -133.00 0.00
143.00 -133.00 0.00
147.00 -133.00 0.00
151.00 -133.00 0.00
155.00 -133.00 0.00
159.00 -133.00 0.00
-357.00 -129.00 0.00
-353.00 -129.00 0.00
-349.00 -129.00 0.00
-345.00 -129.00 0.00
-341.00 -129.00 0.00
-337.00 -129.00 0.00
-333.00 -129.00 0.00
-329.00 -129.00 0.00
-325.00 -129.00 0.00
-321.00 -129.00 0.00
-317.00 -129.00 0.00
-313.00 -129.00 0.00
-309.00 -129.00 0.00
-305.00 -129.00 0.00
-301.00 -129.00 0.00
-297.00 -129.00 0.00
-293.00 -129.00 0.00
-289.00 -129.00 0.00
-285.00 -129.00 0.00
-281.00 -129.00 0.00
-277.00 -129.00 0.00
-273.00 -129.00 0.00
-269.00 -129.00 0.00
-265.00 -129.00 0.00
-261.00 -129.00 0.00
-257.00 -129.00 0.00
-253.00 -129.00 0.00
-249.00 -129.00 0.00
-245.00 -129.00 0.00
-241.00 -129.00 0.12
-237.00 -129.00 0.21
-233.00 -129.00 0.30
-229.00 -129.00 0.40
-225.00 -129.00 0.47
-221.00 -129.00 0.50
-217.00 -129.00 0.47
-213.00 -129.00 0.40
-209.00 -129.00 0.32
-205.00 -129.00 0.24
-201.00 -129.00 0.18
-197.00 -129.00 0.12
-193.00 -129.00 0.00
-189.00 -129.00 0.00
-185.00 -129.00 0.00
-181.00 -129.00 0.00
-177.00 -129.00 0.00
-173.00 -129.00 0.00
-169.00 -129.00 0.00
-165.00 -129.00 0.00
-161.00 -129.00 0.12
-157.00 -129.00 0.18
-153.00 -129.00 0.24
-149.00 -129.00 0.29
-145.00 -129.00 0.30
-141.00 -129.00 0.30
-137.00 -129.00 0.30
-133.00 -129.00 0.30
-129.00 -129.00 0.32
-125.00 -129.00 0.37
-121.00 -129.00 0.40
-117.00 -129.00 0.43
-113.00 -129.00 0.47
-109.00 -129.00 0.56
-105.00 -129.00 0.67
-101.00 -129.00 0.78
-97.00 -129.00 0.86
-93.00 -129.00 0.93
-89.00 -129.00 0.99
-85.00 -129.00 1.00
-81.00 -129.00 1.00
-77.00 -129.00 1.00
-73.00 -129.00 1.00
-69.00 -129.00 1.00
-65.00 -129.00 1.00
-61.00 -129.00 1.00
-57.00 -129.00 1.00
-53.00 -129.00 1.00
-49.00 -129.00 1.00
-45.00 -129.00 1.00
-41.00 -129.00 1.00
-37.00 -129.00 1.00
-33.00 -129.00 1.00
-29.00 -129.00 1.00
-25.00 -129.00 1.00
-21.00 -129.00 1.00
-17.00 -129.00 1.00
-13.00 -129.00 0.86
-9.00 -129.00 0.63
-5.00 -129.00 0.47
-1.00 -129.00 0.37
3.00 -129.00 0.32
7.00 -129.00 0.30
11.00 -129.00 0.30
15.00 -129.00 0.29
19.00 -129.00 0.29
23.00 -129.00 0.31
27.00 -129.00 0.36
31.00 -129.00 0.42
35.00 -129.00 0.48
39.00 -129.00 0.53
43.00 -129.00 0.57
47.00 -129.00 0.64
51.00 -129.00 0.72
55.00 -129.00 0.80
59.00 -129.00 0.84
63.00 -129.00 0.80
67.00 -129.00 0.67
71.00 -129.00 0.49
75.00 -129.00 0.31
79.00 -129.00 0.16
83.00 -129.00 0.12
87.00 -129.00 0.00
91.00 -129.00 0.00
95.00 -129.00 0.00
99.00 -129.00 0.00
103.00 -129.00 0.00
107.00 -129.00 0.00
111.00 -129.00 0.00
115.00 -129.00 0.00
119.00 -129.00 0.00
123.00 -129.00 0.00
127.00 -129.00 0.00
131.00 -129.00 0.00
135.00 -129.00 0.00
139.00 -129.00 0.00
143.00 -129.00 0.00
147.00 -129.00 0.00
151.00 -129.00 0.00
155.00 -129.00 0.00
159.00 -129.00 0.00
-357.00 -125.00 0.00
-353.00 -125.00 0.00
-349.00 -125.00 0.00
-345.00 -125.00 0.00
-341.00 -125.00 0.00
-337.00 -125.00 0.00
-333.00 -125.00 0.00
-329.00 -125.00 0.00
-325.00 -125.00 0.00
-321.00 -125.00 0.00
-317.00 -125.00 0.00
-313.00 -125.00 0.00
-309.00 -125.00 0.00
-305.00 -125.00 0.00
-301.00 -125.00 0.00
-297.00 -125.00 0.00
-293.00 -125.00 0.00
-289.00 -125.00 0.00
-285.00 -125.00 0.00
-281.00 -125.00 0.00
-277.00 -125.00 0.00
-273.00 -125.00 0.00
-269.00 -125.00 0.00
-265.00 -125.00 0.00
-261.00 -125.00 0.00
-257.00 -125.00 0.00
-253.00 -125.00 0.00
-249.00 -125.00 0.00
-245.00 -125.00 0.00
-241.00 -125.00 0.12
-237.00 -125.00 0.19
-233.00 -125.00 0.29
-229.00 -125.00 0.38
-225.00 -125.00 0.45
-221.00 -125.00 0.47
-217.00 -125.00 0.45
-213.00 -125.00 0.38
-209.00 -125.00 0.29
-205.00 -125.00 0.19
-201.00 -125.00 0.12
-197.00 -125.00 0.00
-193.00 -125.00 0.00
-189.00 -125.00 0.00
-185.00 -125.00 0.00
-181.00 -125.00 0.00
-177.00 -125.00 0.00
-173.00 -125.00 0.00
-169.00 -125.00 0.00
-165.00 -125.00 0.00
-161.00 -125.00 0.16
-157.00 -125.00 0.24
-153.00 -125.00 0.32
-149.00 -125.00 0.38
-145.00 -125.00 0.40
-141.00 -125.00 0.40
-137.00 -125.00 0.40
-133.00 -125.00 0.40
-129.00 -125.00 0.38
-125.00 -125.00 0.38
-121.00 -125.00 0.39
-117.00 -125.00 0.38
-113.00 -125.00 0.42
-109.00 -125.00 0.51
-105.00 -125.00 0.62
-101.00 -125.00 0.71
-97.00 -125.00 0.75
-93.00 -125.00 0.76
-89.00 -125.00 0.76
-85.00 -125.00 0.79
-81.00 -125.00 0.86
-77.00 -125.00 0.95
-73.00 -125.00 1.00
-69.00 -125.00 1.00
-65.00 -125.00 1.00
-61.00 -125.00 1.00
-57.00 -125.00 1.00
-53.00 -125.00 1.00
-49.00 -125.00 1.00
-45.00 -125.00 1.00
-41.00 -125.00 1.00
-37.00 -125.00 1.00
-33.00 -125.00 1.00
-29.00 -125.00 1.00
-25.00 -125.00 1.00
-21.00 -125.00 1.00
-17.00 -125.00 1.00
-13.00 -125.00 0.98
-9.00 -125.00 0.68
-5.00 -125.00 0.47
-1.00 -125.00 0.35
3.00 -125.00 0.30
7.00 -125.00 0.29
11.00 -125.00 0.29
15.00 -125.00 0.28
19.00 -125.00 0.26
23.00 -125.00 0.26
27.00 -125.00 0.29
31.00 -125.00 0.35
35.00 -125.00 0.43
39.00 -125.00 0.52
43.00 -125.00 0.60
47.00 -125.00 0.68
51.00 -125.00 0.77
55.00 -125.00 0.87
59.00 -125.00 0.92
63.00 -125.00 0.90
67.00 -125.00 0.77
71.00 -125.00 0.58
75.00 -125.00 0.37
79.00 -125.00 0.21
83.00 -125.00 0.19
87.00 -125.00 0.16
91.00 -125.00 0.12
95.00 -125.00 0.00
99.00 -125.00 0.00
103.00 -125.00 0.00
107.00 -125.00 0.00
111.00 -125.00 0.00
115.00 -125.00 0.00
119.00 -125.00 0.00
123.00 -125.00 0.00
127.00 -125.00 0.00
131.00 -125.00 0.00
135.00 -125.00 0.00
139.00 -125.00 0.00
143.00 -125.00 0.00
147.00 -125.00 0.00
151.00 -125.00 0.00
155.00 -125.00 0.00
159.00 -125.00 0.00
-357.00 -121.00 0.00
-353.00 -121.00 0.00
-349.00 -121.00 0.00
-345.00 -121.00 0.00
-341.00 -121.00 0.00
-337.00 -121.00 0.00
-333.00 -121.00 0.00
-329.00 -121.00 0.00
-325.00 -121.00 0.00
-321.00 -121.00 0.00
-317.00 -121.00 0.00
-313.00 -121.00 0.00
-309.00 -121.00 0.00
-305.00 -121.00 0.00
-301.00 -121.00 0.00
-297.00 -121.00 0.00
-293.00 -121.00 0.00
-289.00 -121.00 0.00
-285.00 -121.00 0.00
-281.00 -121.00 0.00
-277.00 -121.00 0.00
-273.00 -121.00 0.00
-269.00 -121.00 0.00
-265.00 -121.00 0.00
-261.00 -121.00 0.00
-257.00 -121.00 0.00
-253.00 -121.00 0.00
-249.00 -121.00 0.00
-245.00 -121.00 0.00
-241.00 -121.00 0.00
-237.00 -121.00 0.16
-233.00 -121.00 0.24
-229.00 -121.00 0.32
-225.00 -121.00 0.38
-221.00 -121.00 0.40
-217.00 -121.00 0.38
-213.00 -121.00 0.32
-209.00 -121.00 0.24
-205.00 -121.00 0.16
-201.00 -121.00 0.00
-197.00 -121.00 0.00
-193.00 -121.00 0.00
-189.00 -121.00 0.00
-185.00 -121.00 0.00
-181.00 -121.00 0.00
-177.00 -121.00 0.00
-173.00 -121.00 0.00
-169.00 -121.00 0.00
-165.00 -121.00 0.12
-161.00 -121.00 0.19
-157.00 -121.00 0.29
-153.00 -121.00 0.38
-149.00 -121.00 0.45
-145.00 -121.00 0.47
-141.00 -121.00 0.47
-137.00 -121.00 0.47
-133.00 -121.00 0.47
-129.00 -121.00 0.45
-125.00 -121.00 0.40
-121.00 -121.00 0.39
-117.00 -121.00 0.38
-113.00 -121.00 0.40
-109.00 -121.00 0.46
-105.00 -121.00 0.55
-101.00 -121.00 0.61
-97.00 -121.00 0.62
-93.00 -121.00 0.59
-89.00 -121.00 0.57
-85.00 -121.00 0.61
-81.00 -121.00 0.71
-77.00 -121.00 0.86
-73.00 -121.00 1.00
-69.00 -121.00 1.00
-65.00 -121.00 1.00
-61.00 -121.00 1.00
-57.00 -121.00 1.00
-53.00 -121.00 1.00
-49.00 -121.00 1.00
-45.00 -121.00 1.00
-41.00 -121.00 1.00
-37.00 -121.00 1.00
-33.00 -121.00 1.00
-29.00 -121.00 1.00
-25.00 -121.00 1.00
-21.00 -121.00 1.00
-17.00 -121.00 1.00
-13.00 -121.00 1.00
-9.00 -121.00 0.75
-5.00 -121.00 0.50
-1.00 -121.00 0.36
3.00 -121.00 0.31
7.00 -121.00 0.30
11.00 -121.00 0.30
15.00 -121.00 0.28
19.00 -121.00 0.26
23.00 -121.00 0.24
27.00 -121.00 0.25
31.00 -121.00 0.30
35.00 -121.00 0.37
39.00 -121.00 0.46
43.00 -121.00 0.55
47.00 -121.00 0.63
51.00 -121.00 0.73
55.00 -121.00 0.83
59.00 -121.00 0.90
63.00 -121.00 0.90
67.00 -121.00 0.79
71.00 -121.00 0.60
75.00 -121.00 0.39
79.00 -121.00 0.30
83.00 -121.00 0.29
87.00 -121.00 0.24
91.00 -121.00 0.18
95.00 -121.00 0.12
99.00 -121.00 0.00
103.00 -121.00 0.00
107.00 -121.00 0.00
111.00 -121.00 0.00
115.00 -121.00 0.00
119.00 -121.00 0.00
123.00 -121.00 0.00
127.00 -121.00 0.00
131.00 -121.00 0.00
135.00 -121.00 0.00
139.00 -121.00 0.00
143.00 -121.00 0.00
147.00 -121.00 0.00
151.00 -121.00 0.00
155.00 -121.00 0.00
159.00 -121.00 0.00
-357.00 -117.00 0.00
-353.00 -117.00 0.00
-349.00 -117.00 0.00
-345.00 -117.00 0.00
-341.00 -117.00 0.00
-337.00 -117.00 0.00
-333.00 -117.00 0.00
-329.00 -117.00 0.00
-325.00 -117.00 0.00
-321.00 -117.00 0.00
-317.00 -117.00 0.00
-313.00 -117.00 0.00
-309.00 -117.00 0.00
-305.00 -117.00 0.00
-301.00 -117.00 0.00
-297.00 -117.00 0.00
-293.00 -117.00 0.00
-289.00 -117.00 0.00
-285.00 -117.00 0.00
-281.00 -117.00 0.00
-277.00 -117.00 0.00
-273.00 -117.00 0.00
-269.00 -117.00 0.00
-265.00 -117.00 0.00
-261.00 -117.00 0.00
-257.00 -117.00 0.00
-253.00 -117.00 0.00
-249.00 -117.00 0.00
-245.00 -117.00 0.00
-241.00 -117.00 0.00
-237.00 -117.00 0.12
-233.00 -117.00 0.18
-229.00 -117.00 0.24
-225.00 -117.00 0.29
-221.00 -117.00 0.30
-217.00 -117.00 0.29
-213.00 -117.00 0.24
-209.00 -117.00 0.18
-205.00 -117.00 0.12
-201.00 -117.00 0.00
-197.00 -117.00 0.00
-193.00 -117.00 0.00
-189.00 -117.00 0.00
-185.00 -117.00 0.00
-181.00 -117.00 0.00
-177.00 -117.00 0.00
-173.00 -117.00 0.00
-169.00 -117.00 0.00
-165.00 -117.00 0.12
-161.00 -117.00 0.21
-157.00 -117.00 0.30
-153.00 -117.00 0.40
-149.00 -117.00 0.47
-145.00 -117.00 0.50
-141.00 -117.00 0.50
-137.00 -117.00 0.50
-133.00 -117.00 0.50
-129.00 -117.00 0.47
-125.00 -117.00 0.40
-121.00 -117.00 0.39
-117.00 -117.00 0.37
-113.00 -117.00 0.38
-109.00 -117.00 0.43
-105.00 -117.00 0.49
-101.00 -117.00 0.53
-97.00 -117.00 0.52
-93.00 -117.00 0.49
-89.00 -117.00 0.48
-85.00 -117.00 0.53
-81.00 -117.00 0.68
-77.00 -117.00 0.89
-73.00 -117.00 1.00
-69.00 -117.00 1.00
-65.00 -117.00 1.00
-61.00 -117.00 1.00
-57.00 -117.00 1.00
-53.00 -117.00 1.00
-49.00 -117.00 1.00
-45.00 -117.00 1.00
-41.00 -117.00 1.00
-37.00 -117.00 1.00
-33.00 -117.00 1.00
-29.00 -117.00 1.00
-25.00 -117.00 1.00
-21.00 -117.00 1.00
-17.00 -117.00 1.00
-13.00 -117.00 1.00
-9.00 -117.00 0.87
-5.00 -117.00 0.59
-1.00 -117.00 0.42
3.00 -117.00 0.36
7.00 -117.00 0.34
11.00 -117.00 0.34
15.00 -117.00 0.31
19.00 -117.00 0.28
23.00 -117.00 0.26
27.00 -117.00 0.26
31.00 -117.00 0.28
35.00 -117.00 0.32
39.00 -117.00 0.38
43.00 -117.00 0.45
47.00 -117.00 0.53
51.00 -117.00 0.62
55.00 -117.00 0.72
59.00 -117.00 0.80
63.00 -117.00 0.80
67.00 -117.00 0.71
71.00 -117.00 0.54
75.00 -117.00 0.40
79.00 -117.00 0.40
83.00 -117.00 0.38
87.00 -117.00 0.32
91.00 -117.00 0.24
95.00 -117.00 0.18
99.00 -117.00 0.12
103.00 -117.00 0.00
107.00 -117.00 0.00
111.00 -117.00 0.00
115.00 -117.00 0.00
119.00 -117.00 0.00
123.00 -117.00 0.00
127.00 -117.00 0.00
131.00 -117.00 0.00
135.00 -117.00 0.00
139.00 -117.00 0.00
143.00 -117.00 0.00
147.00 -117.00 0.00
151.00 -117.00 0.00
155.00 -117.00 0.00
159.00 -117.00 0.00
-357.00 -113.00 0.00
-353.00 -113.00 0.00
-349.00 -113.00 0.00
-345.00 -113.00 0.00
-341.00 -113.00 0.00
-337.00 -113.00 0.00
-333.00 -113.00 0.00
-329.00 -113.00 0.00
-325.00 -113.00 0.00
-321.00 -113.00 0.00
-317.00 -113.00 0.00
-313.00 -113.00 0.00
-309.00 -113.00 0.00
-305.00 -113.00 0.00
-301.00 -113.00 0.00
-297.00 -113.00 0.00
-293.00 -113.00 0.00
-289.00 -113.00 0.00
-285.00 -113.00 0.00
-281.00 -113.00 0.00
-277.00 -113.00 0.00
-273.00 -113.00 0.00
-269.00 -113.00 0.00
-265.00 -113.00 0.00
-261.00 -113.00 0.00
-257.00 -113.00 0.00
-253.00 -113.00 0.00
-249.00 -113.00 0.00
-245.00 -113.00 0.00
-241.00 -113.00 0.00
-237.00 -113.00 0.00
-233.00 -113.00 0.12
-229.00 -113.00 0.16
-225.00 -113.00 0.19
-221.00 -113.00 0.21
-217.00 -113.00 0.19
-213.00 -113.00 0.16
-209.00 -113.00 0.12
-205.00 -113.00 0.00
-201.00 -113.00 0.00
-197.00 -113.00 0.00
-193.00 -113.00 0.00
-189.00 -113.00 0.00
-185.00 -113.00 0.00
-181.00 -113.00 0.00
-177.00 -113.00 0.00
-173.00 -113.00 0.00
-169.00 -113.00 0.00
-165.00 -113.00 0.12
-161.00 -113.00 0.19
-157.00 -113.00 0.29
-153.00 -113.00 0.38
-149.00 -113.00 0.45
-145.00 -113.00 0.47
-141.00 -113.00 0.47
-137.00 -113.00 0.47
-133.00 -113.00 0.50
-129.00 -113.00 0.47
-125.00 -113.00 0.40
-121.00 -113.00 0.35
-117.00 -113.00 0.35
-113.00 -113.00 0.37
-109.00 -113.00 0.41
-105.00 -113.00 0.46
-101.00 -113.00 0.50
-97.00 -113.00 0.49
-93.00 -113.00 0.47
-89.00 -113.00 0.47
-85.00 -113.00 0.55
-81.00 -113.00 0.73
-77.00 -113.00 0.97
-73.00 -113.00 1.00
-69.00 -113.00 1.00
-65.00 -113.00 1.00
-61.00 -113.00 1.00
-57.00 -113.00 1.00
-53.00 -113.00 1.00
-49.00 -113.00 1.00
-45.00 -113.00 1.00
-41.00 -113.00 1.00
-37.00 -113.00 1.00
-33.00 -113.00 1.00
-29.00 -113.00 1.00
-25.00 -113.00 1.00
-21.00 -113.00 1.00
-17.00 -113.00 1.00
-13.00 -113.00 1.00
-9.00 -113.00 1.00
-5.00 -113.00 0.75
-1.00 -113.00 0.56
3.00 -113.00 0.46
7.00 -113.00 0.42
11.00 -113.00 0.40
15.00 -113.00 0.36
19.00 -113.00 0.33
23.00 -113.00 0.31
27.00 -113.00 0.32
31.00 -113.00 0.33
35.00 -113.00 0.33
39.00 -113.00 0.34
43.00 -113.00 0.36
47.00 -113.00 0.41
51.00 -113.00 0.49
55.00 -113.00 0.58
59.00 -113.00 0.64
63.00 -113.00 0.65
67.00 -113.00 0.57
71.00 -113.00 0.47
75.00 -113.00 0.47
79.00 -113.00 0.47
83.00 -113.00 0.45
87.00 -113.00 0.38
91.00 -113.00 0.32
95.00 -113.00 0.24
99.00 -113.00 0.16
103.00 -113.00 0.00
107.00 -113.00 0.00
111.00 -113.00 0.00
115.00 -113.00 0.00
119.00 -113.00 0.00
123.00 -113.00 0.00
127.00 -113.00 0.00
131.00 -113.00 0.00
135.00 -113.00 0.00
139.00 -113.00 0.00
143.00 -113.00 0.00
147.00 -113.00 0.00
151.00 -113.00 0.00
155.00 -113.00 0.00
159.00 -113.00 0.00
-357.00 -109.00 0.00
-353.00 -109.00 0.00
-349.00 -109.00 0.00
-345.00 -109.00 0.00
-341.00 -109.00 0.00
-337.00 -109.00 0.00
-333.00 -109.00 0.00
-329.00 -109.00 0.00
-325.00 -109.00 0.00
-321.00 -109.00 0.00
-317.00 -109.00 0.00
-313.00 -109.00 0.00
-309.00 -109.00 0.00
-305.00 -109.00 0.00
-301.00 -109.00 0.00
-297.00 -109.00 0.00
-293.00 -109.00 0.00
-289.00 -109.00 0.00
-285.00 -109.00 0.00
-281.00 -109.00 0.00
-277.00 -109.00 0.00
-273.00 -109.00 0.00
-269.00 -109.00 0.00
-265.00 -109.00 0.00
-261.00 -109.00 0.00
-257.00 -109.00 0.00
-253.00 -109.00 0.00
-249.00 -109.00 0.00
-245.00 -109.00 0.00
-241.00 -109.00 0.00
-237.00 -109.00 0.00
-233.00 -109.00 0.00
-229.00 -109.00 0.00
-225.00 -109.00 0.12
-221.00 -109.00 0.12
-217.00 -109.00 0.12
-213.00 -109.00 0.00
-209.00 -109.00 0.00
-205.00 -109.00 0.00
-201.00 -109.00 0.00
-197.00 -109.00 0.00
-193.00 -109.00 0.00
-189.00 -109.00 0.00
-185.00 -109.00 0.00
-181.00 -109.00 0.00
-177.00 -109.00 0.00
-173.00 -109.00 0.00
-169.00 -109.00 0.00
-165.00 -109.00 0.00
-161.00 -109.00 0.16
-157.00 -109.00 0.24
-153.00 -109.00 0.32
-149.00 -109.00 0.38
-145.00 -109.00 0.40
-141.00 -109.00 0.40
-137.00 -109.00 0.47
-133.00 -109.00 0.50
-129.00 -109.00 0.47
-125.00 -109.00 0.40
-121.00 -109.00 0.30
-117.00 -109.00 0.31
-113.00 -109.00 0.34
-109.00 -109.00 0.39
-105.00 -109.00 0.45
-101.00 -109.00 0.50
-97.00 -109.00 0.51
-93.00 -109.00 0.50
-89.00 -109.00 0.52
-85.00 -109.00 0.62
-81.00 -109.00 0.81
-77.00 -109.00 1.00
-73.00 -109.00 1.00
-69.00 -109.00 1.00
-65.00 -109.00 1.00
-61.00 -109.00 1.00
-57.00 -109.00 1.00
-53.00 -109.00 1.00
-49.00 -109.00 1.00
-45.00 -109.00 1.00
-41.00 -109.00 1.00
-37.00 -109.00 1.00
-33.00 -109.00 1.00
-29.00 -109.00 1.00
-25.00 -109.00 1.00
-21.00 -109.00 1.00
-17.00 -109.00 1.00
-13.00 -109.00 1.00
-9.00 -109.00 1.00
-5.00 -109.00 0.94
-1.00 -109.00 0.73
3.00 -109.00 0.60
7.00 -109.00 0.53
11.00 -109.00 0.47
15.00 -109.00 0.41
19.00 -109.00 0.37
23.00 -109.00 0.38
27.00 -109.00 0.41
31.00 -109.00 0.42
35.00 -109.00 0.40
39.00 -109.00 0.35
43.00 -109.00 0.32
47.00 -109.00 0.33
51.00 -109.00 0.38
55.00 -109.00 0.44
59.00 -109.00 0.49
63.00 -109.00 0.48
67.00 -109.00 0.50
71.00 -109.00 0.50
75.00 -109.00 0.50
79.00 -109.00 0.50
83.00 -109.00 0.47
87.00 -109.00 0.45
91.00 -109.00 0.38
95.00 -109.00 0.29
99.00 -109.00 0.19
103.00 -109.00 0.12
107.00 -109.00 0.00
111.00 -109.00 0.00
115.00 -109.00 0.00
119.00 -109.00 0.00
123.00 -109.00 0.00
127.00 -109.00 0.00
131.00 -109.00 0.00
135.00 -109.00 0.00
139.00 -109.00 0.00
143.00 -109.00 0.00
147.00 -109.00 0.00
151.00 -109.00 0.00
155.00 -109.00 0.00
159.00 -109.00 0.00
-357.00 -105.00 0.00
-353.00 -105.00 0.00
-349.00 -105.00 0.00
-345.00 -105.00 0.00
-341.00 -105.00 0.00
-337.00 -105.00 0.00
-333.00 -105.00 0.00
-329.00 -105.00 0.00
-325.00 -105.00 0.00
-321.00 -105.00 0.00
-317.00 -105.00 0.00
-313.00 -105.00 0.00
-309.00 -105.00 0.00
-305.00 -105.00 0.00
-301.00 -105.00 0.00
-297.00 -105.00 0.00
-293.00 -105.00 0.00
-289.00 -105.00 0.00
-285.00 -105.00 0.00
-281.00 -105.00 0.00
-277.00 -105.00 0.00
-273.00 -105.00 0.00
-269.00 -105.00 0.00
-265.00 -105.00 0.00
-261.00 -105.00 0.00
-257.00 -105.00 0.00
-253.00 -105.00 0.00
-249.00 -105.00 0.00
-245.00 -105.00 0.00
-241.00 -105.00 0.00
-237.00 -105.00 0.00
-233.00 -105.00 0.00
-229.00 -105.00 0.00
-225.00 -105.00 0.00
-221.00 -105.00 0.00
-217.00 -105.00 0.00
-213.00 -105.00 0.00
-209.00 -105.00 0.00
-205.00 -105.00 0.00
-201.00 -105.00 0.00
-197.00 -105.00 0.00
-193.00 -105.00 0.00
-189.00 -105.00 0.00
-185.00 -105.00 0.00
-181.00 -105.00 0.00
-177.00 -105.00 0.00
-173.00 -105.00 0.00
-169.00 -105.00 0.00
-165.00 -105.00 0.12
-161.00 -105.00 0.12
-157.00 -105.00 0.18
-153.00 -105.00 0.24
-149.00 -105.00 0.29
-145.00 -105.00 0.30
-141.00 -105.00 0.40
-137.00 -105.00 0.47
-133.00 -105.00 0.50
-129.00 -105.00 0.47
-125.00 -105.00 0.40
-121.00 -105.00 0.30
-117.00 -105.00 0.25
-113.00 -105.00 0.29
-109.00 -105.00 0.35
-105.00 -105.00 0.43
-101.00 -105.00 0.49
-97.00 -105.00 0.53
-93.00 -105.00 0.55
-89.00 -105.00 0.58
-85.00 -105.00 0.68
-81.00 -105.00 0.87
-77.00 -105.00 1.00
-73.00 -105.00 1.00
-69.00 -105.00 1.00
-65.00 -105.00 1.00
-61.00 -105.00 1.00
-57.00 -105.00 1.00
-53.00 -105.00 1.00
-49.00 -105.00 1.00
-45.00 -105.00 1.00
-41.00 -105.00 1.00
-37.00 -105.00 1.00
-33.00 -105.00 1.00
-29.00 -105.00 1.00
-25.00 -105.00 1.00
-21.00 -105.00 1.00
-17.00 -105.00 1.00
-13.00 -105.00 1.00
-9.00 -105.00 1.00
-5.00 -105.00 1.00
-1.00 -105.00 0.91
3.00 -105.00 0.75
7.00 -105.00 0.63
11.00 -105.00 0.53
15.00 -105.00 0.44
19.00 -105.00 0.41
23.00 -105.00 0.44
27.00 -105.00 0.50
31.00 -105.00 0.53
35.00 -105.00 0.49
39.00 -105.00 0.41
43.00 -105.00 0.33
47.00 -105.00 0.30
51.00 -105.00 0.31
55.00 -105.00 0.34
59.00 -105.00 0.38
63.00 -105.00 0.45
67.00 -105.00 0.47
71.00 -105.00 0.47
75.00 -105.00 0.47
79.00 -105.00 0.50
83.00 -105.00 0.50
87.00 -105.00 0.47
91.00 -105.00 0.40
95.00 -105.00 0.30
99.00 -105.00 0.21
103.00 -105.00 0.12
107.00 -105.00 0.00
111.00 -105.00 0.00
115.00 -105.00 0.00
119.00 -105.00 0.00
123.00 -105.00 0.00
127.00 -105.00 0.00
131.00 -105.00 0.00
135.00 -105.00 0.00
139.00 -105.00 0.00
143.00 -105.00 0.00
147.00 -105.00 0.00
151.00 -105.00 0.00
155.00 -105.00 0.00
159.00 -105.00 0.00
-357.00 -101.00 0.00
-353.00 -101.00 0.00
-349.00 -101.00 0.00
-345.00 -101.00 0.00
-341.00 -101.00 0.00
-337.00 -101.00 0.00
-333.00 -101.00 0.00
-329.00 -101.00 0.00
-325.00 -101.00 0.00
-321.00 -101.00 0.00
-317.00 -101.00 0.00
-313.00 -101.00 0.00
-309.00 -101.00 0.00
-305.00 -101.00 0.00
-301.00 -101.00 0.00
-297.00 -101.00 0.00
-293.00 -101.00 0.00
-289.00 -101.00 0.00
-285.00 -101.00 0.00
-281.00 -101.00 0.00
-277.00 -101.00 0.00
-273.00 -101.00 0.00
-269.00 -101.00 0.00
-265.00 -101.00 0.00
-261.00 -101.00 0.00
-257.00 -101.00 0.00
-253.00 -101.00 0.00
-249.00 -101.00 0.00
-245.00 -101.00 0.00
-241.00 -101.00 0.00
-237.00 -101.00 0.00
-233.00 -101.00 0.00
-229.00 -101.00 0.00
-225.00 -101.00 0.00
-221.00 -101.00 0.00
-217.00 -101.00 0.00
-213.00 -101.00 0.00
-209.00 -101.00 0.00
-205.00 -101.00 0.00
-201.00 -101.00 0.00
-197.00 -101.00 0.00
-193.00 -101.00 0.00
-189.00 -101.00 0.00
-185.00 -101.00 0.00
-181.00 -101.00 0.00
-177.00 -101.00 0.00
-173.00 -101.00 0.12
-169.00 -101.00 0.16
-165.00 -101.00 0.19
-161.00 -101.00 0.21
-157.00 -101.00 0.21
-153.00 -101.00 0.21
-149.00 -101.00 0.21
-145.00 -101.00 0.29
-141.00 -101.00 0.38
-137.00 -101.00 0.45
-133.00 -101.00 0.47
-129.00 -101.00 0.45
-125.00 -101.00 0.38
-121.00 -101.00 0.29
-117.00 -101.00 0.21
-113.00 -101.00 0.23
-109.00 -101.00 0.29
-105.00 -101.00 0.37
-101.00 -101.00 0.45
-97.00 -101.00 0.51
-93.00 -101.00 0.56
-89.00 -101.00 0.62
-85.00 -101.00 0.72
-81.00 -101.00 0.89
-77.00 -101.00 1.00
-73.00 -101.00 1.00
-69.00 -101.00 1.00
-65.00 -101.00 1.00
-61.00 -101.00 1.00
-57.00 -101.00 1.00
-53.00 -101.00 1.00
-49.00 -101.00 1.00
-45.00 -101.00 1.00
-41.00 -101.00 1.00
-37.00 -101.00 1.00
-33.00 -101.00 1.00
-29.00 -101.00 1.00
-25.00 -101.00 1.00
-21.00 -101.00 1.00
-17.00 -101.00 1.00
-13.00 -101.00 1.00
-9.00 -101.00 1.00
-5.00 -101.00 1.00
-1.00 -101.00 1.00
3.00 -101.00 0.89
7.00 -101.00 0.73
11.00 -101.00 0.58
15.00 -101.00 0.47
19.00 -101.00 0.43
23.00 -101.00 0.47
27.00 -101.00 0.55
31.00 -101.00 0.59
35.00 -101.00 0.55
39.00 -101.00 0.45
43.00 -101.00 0.36
47.00 -101.00 0.30
51.00 -101.00 0.29
55.00 -101.00 0.30
59.00 -101.00 0.32
63.00 -101.00 0.38
67.00 -101.00 0.40
71.00 -101.00 0.40
75.00 -101.00 0.45
79.00 -101.00 0.47
83.00 -101.00 0.47
87.00 -101.00 0.45
91.00 -101.00 0.38
95.00 -101.00 0.29
99.00 -101.00 0.19
103.00 -101.00 0.12
107.00 -101.00 0.00
111.00 -101.00 0.00
115.00 -101.00 0.00
119.00 -101.00 0.00
123.00 -101.00 0.00
127.00 -101.00 0.00
131.00 -101.00 0.00
135.00 -101.00 0.00
139.00 -101.00 0.00
143.00 -101.00 0.00
147.00 -101.00 0.00
151.00 -101.00 0.00
155.00 -101.00 0.00
159.00 -101.00 0.00
-357.00 -97.00 0.00
-353.00 -97.00 0.00
-349.00 -97.00 0.00
-345.00 -97.00 0.00
-341.00 -97.00 0.00
-337.00 -97.00 0.00
-333.00 -97.00 0.00
-329.00 -97.00 0.00
-325.00 -97.00 0.00
-321.00 -97.00 0.00
-317.00 -97.00 0.00
-313.00 -97.00 0.00
-309.00 -97.00 0.00
-305.00 -97.00 0.00
-301.00 -97.00 0.00
-297.00 -97.00 0.00
-293.00 -97.00 0.00
-289.00 -97.00 0.00
-285.00 -97.00 0.00
-281.00 -97.00 0.00
-277.00 -97.00 0.00
-273.00 -97.00 0.00
-269.00 -97.00 0.00
-265.00 -97.00 0.00
-261.00 -97.00 0.00
-257.00 -97.00 0.00
-253.00 -97.00 0.00
-249.00 -97.00 0.00
-245.00 -97.00 0.00
-241.00 -97.00 0.00
-237.00 -97.00 0.00
-233.00 -97.00 0.00
-229.00 -97.00 0.00
-225.00 -97.00 0.00
-221.00 -97.00 0.00
-217.00 -97.00 0.00
-213.00 -97.00 0.00
-209.00 -97.00 0.00
-205.00 -97.00 0.00
-201.00 -97.00 0.00
-197.00 -97.00 0.00
-193.00 -97.00 0.00
-189.00 -97.00 0.00
-185.00 -97.00 0.00
-181.00 -97.00 0.12
-177.00 -97.00 0.16
-173.00 -97.00 0.19
-169.00 -97.00 0.24
-165.00 -97.00 0.29
-161.00 -97.00 0.30
-157.00 -97.00 0.30
-153.00 -97.00 0.30
-149.00 -97.00 0.30
-145.00 -97.00 0.30
-141.00 -97.00 0.32
-137.00 -97.00 0.38
-133.00 -97.00 0.40
-129.00 -97.00 0.38
-125.00 -97.00 0.32
-121.00 -97.00 0.30
-117.00 -97.00 0.30
-113.00 -97.00 0.30
-109.00 -97.00 0.30
-105.00 -97.00 0.30
-101.00 -97.00 0.38
-97.00 -97.00 0.46
-93.00 -97.00 0.53
-89.00 -97.00 0.60
-85.00 -97.00 0.70
-81.00 -97.00 0.86
-77.00 -97.00 1.00
-73.00 -97.00 1.00
-69.00 -97.00 1.00
-65.00 -97.00 1.00
-61.00 -97.00 1.00
-57.00 -97.00 1.00
-53.00 -97.00 1.00
-49.00 -97.00 1.00
-45.00 -97.00 1.00
-41.00 -97.00 1.00
-37.00 -97.00 1.00
-33.00 -97.00 1.00
-29.00 -97.00 1.00
-25.00 -97.00 1.00
-21.00 -97.00 1.00
-17.00 -97.00 1.00
-13.00 -97.00 1.00
-9.00 -97.00 1.00
-5.00 -97.00 1.00
-1.00 -97.00 1.00
3.00 -97.00 1.00
7.00 -97.00 0.84
11.00 -97.00 0.66
15.00 -97.00 0.52
19.00 -97.00 0.46
23.00 -97.00 0.50
27.00 -97.00 0.57
31.00 -97.00 0.61
35.00 -97.00 0.57
39.00 -97.00 0.47
43.00 -97.00 0.36
47.00 -97.00 0.30
51.00 -97.00 0.28
55.00 -97.00 0.28
59.00 -97.00 0.27
63.00 -97.00 0.29
67.00 -97.00 0.30
71.00 -97.00 0.32
75.00 -97.00 0.38
79.00 -97.00 0.40
83.00 -97.00 0.40
87.00 -97.00 0.38
91.00 -97.00 0.32
95.00 -97.00 0.24
99.00 -97.00 0.16
103.00 -97.00 0.00
107.00 -97.00 0.00
111.00 -97.00 0.00
115.00 -97.00 0.00
119.00 -97.00 0.00
123.00 -97.00 0.00
127.00 -97.00 0.00
131.00 -97.00 0.00
135.00 -97.00 0.00
139.00 -97.00 0.00
143.00 -97.00 0.00
147.00 -97.00 0.00
151.00 -97.00 0.00
155.00 -97.00 0.00
159.00 -97.00 0.00
-357.00 -93.00 0.00
-353.00 -93.00 0.00
-349.00 -93.00 0.00
-345.00 -93.00 0.00
-341.00 -93.00 0.00
-337.00 -93.00 0.00
-333.00 -93.00 0.00
-329.00 -93.00 0.00
-325.00 -93.00 0.00
-321.00 -93.00 0.00
-317.00 -93.00 0.00
-313.00 -93.00 0.00
-309.00 -93.00 0.00
-305.00 -93.00 0.00
-301.00 -93.00 0.00
-297.00 -93.00 0.00
-293.00 -93.00 0.00
-289.00 -93.00 0.00
-285.00 -93.00 0.00
-281.00 -93.00 0.00
-277.00 -93.00 0.00
-273.00 -93.00 0.00
-269.00 -93.00 0.00
-265.00 -93.00 0.00
-261.00 -93.00 0.00
-257.00 -93.00 0.00
-253.00 -93.00 0.00
-249.00 -93.00 0.00
-245.00 -93.00 0.00
-241.00 -93.00 0.00
-237.00 -93.00 0.00
-233.00 -93.00 0.00
-229.00 -93.00 0.00
-225.00 -93.00 0.00
-221.00 -93.00 0.00
-217.00 -93.00 0.00
-213.00 -93.00 0.00
-209.00 -93.00 0.00
-205.00 -93.00 0.00
-201.00 -93.00 0.00
-197.00 -93.00 0.00
-193.00 -93.00 0.00
-189.00 -93.00 0.00
-185.00 -93.00 0.12
-181.00 -93.00 0.18
-177.00 -93.00 0.24
-173.00 -93.00 0.29
-169.00 -93.00 0.32
-165.00 -93.00 0.38
-161.00 -93.00 0.40
-157.00 -93.00 0.40
-153.00 -93.00 0.40
-149.00 -93.00 0.40
-145.00 -93.00 0.40
-141.00 -93.00 0.40
-137.00 -93.00 0.40
-133.00 -93.00 0.40
-129.00 -93.00 0.40
-125.00 -93.00 0.40
-121.00 -93.00 0.40
-117.00 -93.00 0.40
-113.00 -93.00 0.40
-109.00 -93.00 0.40
-105.00 -93.00 0.40
-101.00 -93.00 0.40
-97.00 -93.00 0.40
-93.00 -93.00 0.46
-89.00 -93.00 0.55
-85.00 -93.00 0.65
-81.00 -93.00 0.79
-77.00 -93.00 1.00
-73.00 -93.00 1.00
-69.00 -93.00 1.00
-65.00 -93.00 1.00
-61.00 -93.00 1.00
-57.00 -93.00 1.00
-53.00 -93.00 1.00
-49.00 -93.00 1.00
-45.00 -93.00 1.00
-41.00 -93.00 1.00
-37.00 -93.00 1.00
-33.00 -93.00 1.00
-29.00 -93.00 1.00
-25.00 -93.00 1.00
-21.00 -93.00 1.00
-17.00 -93.00 1.00
-13.00 -93.00 1.00
-9.00 -93.00 1.00
-5.00 -93.00 1.00
-1.00 -93.00 1.00
3.00 -93.00 1.00
7.00 -93.00 0.99
11.00 -93.00 0.79
15.00 -93.00 0.62
19.00 -93.00 0.54
23.00 -93.00 0.54
27.00 -93.00 0.58
31.00 -93.00 0.59
35.00 -93.00 0.54
39.00 -93.00 0.45
43.00 -93.00 0.36
47.00 -93.00 0.31
51.00 -93.00 0.28
55.00 -93.00 0.28
59.00 -93.00 0.26
63.00 -93.00 0.23
67.00 -93.00 0.21
71.00 -93.00 0.24
75.00 -93.00 0.29
79.00 -93.00 0.30
83.00 -93.00 0.30
87.00 -93.00 0.29
91.00 -93.00 0.24
95.00 -93.00 0.18
99.00 -93.00 0.12
103.00 -93.00 0.00
107.00 -93.00 0.00
111.00 -93.00 0.00
115.00 -93.00 0.00
119.00 -93.00 0.00
123.00 -93.00 0.00
127.00 -93.00 0.00
131.00 -93.00 0.00
135.00 -93.00 0.00
139.00 -93.00 0.00
143.00 -93.00 0.00
147.00 -93.00 0.00
151.00 -93.00 0.00
155.00 -93.00 0.00
159.00 -93.00 0.00
-357.00 -89.00 0.00
-353.00 -89.00 0.00
-349.00 -89.00 0.00
-345.00 -89.00 0.00
-341.00 -89.00 0.00
-337.00 -89.00 0.00
-333.00 -89.00 0.00
-329.00 -89.00 0.00
-325.00 -89.00 0.00
-321.00 -89.00 0.00
-317.00 -89.00 0.00
-313.00 -89.00 0.00
-309.00 -89.00 0.00
-305.00 -89.00 0.00
-301.00 -89.00 0.00
-297.00 -89.00 0.00
-293.00 -89.00 0.00
-289.00 -89.00 0.00
-285.00 -89.00 0.00
-281.00 -89.00 0.00
-277.00 -89.00 0.00
-273.00 -89.00 0.00
-269.00 -89.00 0.00
-265.00 -89.00 0.00
-261.00 -89.00 0.00
-257.00 -89.00 0.00
-253.00 -89.00 0.00
-249.00 -89.00 0.00
-245.00 -89.00 0.00
-241.00 -89.00 0.00
-237.00 -89.00 0.00
-233.00 -89.00 0.00
-229.00 -89.00 0.00
-225.00 -89.00 0.00
-221.00 -89.00 0.00
-217.00 -89.00 0.00
-213.00 -89.00 0.00
-209.00 -89.00 0.00
-205.00 -89.00 0.00
-201.00 -89.00 0.00
-197.00 -89.00 0.00
-193.00 -89.00 0.00
-189.00 -89.00 0.00
-185.00 -89.00 0.16
-181.00 -89.00 0.24
-177.00 -89.00 0.32
-173.00 -89.00 0.38
-169.00 -89.00 0.40
-165.00 -89.00 0.45
-161.00 -89.00 0.47
-157.00 -89.00 0.47
-153.00 -89.00 0.47
-149.00 -89.00 0.47
-145.00 -89.00 0.47
-141.00 -89.00 0.47
-137.00 -89.00 0.47
-133.00 -89.00 0.47
-129.00 -89.00 0.47
-125.00 -89.00 0.47
-121.00 -89.00 0.47
-117.00 -89.00 0.47
-113.00 -89.00 0.47
-109.00 -89.00 0.47
-105.00 -89.00 0.47
-101.00 -89.00 0.47
-97.00 -89.00 0.47
-93.00 -89.00 0.45
-89.00 -89.00 0.48
-85.00 -89.00 0.58
-81.00 -89.00 0.72
-77.00 -89.00 0.92
-73.00 -89.00 1.00
-69.00 -89.00 1.00
-65.00 -89.00 1.00
-61.00 -89.00 1.00
-57.00 -89.00 1.00
-53.00 -89.00 1.00
-49.00 -89.00 1.00
-45.00 -89.00 1.00
-41.00 -89.00 1.00
-37.00 -89.00 1.00
-33.00 -89.00 1.00
-29.00 -89.00 1.00
-25.00 -89.00 1.00
-21.00 -89.00 1.00
-17.00 -89.00 1.00
-13.00 -89.00 1.00
-9.00 -89.00 1.00
-5.00 -89.00 1.00
-1.00 -89.00 1.00
3.00 -89.00 1.00
7.00 -89.00 1.00
11.00 -89.00 1.00
15.00 -89.00 0.81
19.00 -89.00 0.67
23.00 -89.00 0.61
27.00 -89.00 0.59
31.00 -89.00 0.56
35.00 -89.00 0.50
39.00 -89.00 0.43
43.00 -89.00 0.37
47.00 -89.00 0.33
51.00 -89.00 0.30
55.00 -89.00 0.28
59.00 -89.00 0.27
63.00 -89.00 0.26
67.00 -89.00 0.24
71.00 -89.00 0.23
75.00 -89.00 0.21
79.00 -89.00 0.21
83.00 -89.00 0.21
87.00 -89.00 0.19
91.00 -89.00 0.16
95.00 -89.00 0.12
99.00 -89.00 0.00
103.00 -89.00 0.00
107.00 -89.00 0.00
111.00 -89.00 0.00
115.00 -89.00 0.00
119.00 -89.00 0.00
123.00 -89.00 0.00
127.00 -89.00 0.00
131.00 -89.00 0.00
135.00 -89.00 0.00
139.00 -89.00 0.00
143.00 -89.00 0.00
147.00 -89.00 0.00
151.00 -89.00 0.00
155.00 -89.00 0.00
159.00 -89.00 0.00
-357.00 -85.00 0.00
-353.00 -85.00 0.00
-349.00 -85.00 0.00
-345.00 -85.00 0.00
-341.00 -85.00 0.00
-337.00 -85.00 0.00
-333.00 -85.00 0.00
-329.00 -85.00 0.00
-325.00 -85.00 0.00
-321.00 -85.00 0.00
-317.00 -85.00 0.00
-313.00 -85.00 0.00
-309.00 -85.00 0.00
-305.00 -85.00 0.00
-301.00 -85.00 0.00
-297.00 -85.00 0.00
-293.00 -85.00 0.00
-289.00 -85.00 0.00
-285.00 -85.00 0.00
-281.00 -85.00 0.00
-277.00 -85.00 0.00
-273.00 -85.00 0.00
-269.00 -85.00 0.00
-265.00 -85.00 0.00
-261.00 -85.00 0.00
-257.00 -85.00 0.00
-253.00 -85.00 0.00
-249.00 -85.00 0.00
-245.00 -85.00 0.00
-241.00 -85.00 0.00
-237.00 -85.00 0.00
-233.00 -85.00 0.00
-229.00 -85.00 0.00
-225.00 -85.00 0.00
-221.00 -85.00 0.00
-217.00 -85.00 0.00
-213.00 -85.00 0.00
-209.00 -85.00 0.00
-205.00 -85.00 0.00
-201.00 -85.00 0.00
-197.00 -85.00 0.00
-193.00 -85.00 0.00
-189.00 -85.00 0.12
-185.00 -85.00 0.19
-181.00 -85.00 0.29
-177.00 -85.00 0.38
-173.00 -85.00 0.45
-169.00 -85.00 0.47
-165.00 -85.00 0.47
-161.00 -85.00 0.50
-157.00 -85.00 0.50
-153.00 -85.00 0.50
-149.00 -85.00 0.50
-145.00 -85.00 0.50
-141.00 -85.00 0.50
-137.00 -85.00 0.50
-133.00 -85.00 0.50
-129.00 -85.00 0.50
-125.00 -85.00 0.50
-121.00 -85.00 0.50
-117.00 -85.00 0.50
-113.00 -85.00 0.50
-109.00 -85.00 0.50
-105.00 -85.00 0.50
-101.00 -85.00 0.50
-97.00 -85.00 0.50
-93.00 -85.00 0.47
-89.00 -85.00 0.45
-85.00 -85.00 0.52
-81.00 -85.00 0.66
-77.00 -85.00 0.87
-73.00 -85.00 1.00
-69.00 -85.00 1.00
-65.00 -85.00 1.00
-61.00 -85.00 1.00
-57.00 -85.00 1.00
-53.00 -85.00 1.00
-49.00 -85.00 1.00
-45.00 -85.00 1.00
-41.00 -85.00 1.00
-37.00 -85.00 1.00
-33.00 -85.00 1.00
-29.00 -85.00 1.00
-25.00 -85.00 1.00
-21.00 -85.00 1.00
-17.00 -85.00 1.00
-13.00 -85.00 1.00
-9.00 -85.00 1.00
-5.00 -85.00 1.00
-1.00 -85.00 1.00
3.00 -85.00 1.00
7.00 -85.00 1.00
11.00 -85.00 1.00
15.00 -85.00 1.00
19.00 -85.00 0.85
23.00 -85.00 0.71
27.00 -85.00 0.61
31.00 -85.00 0.53
35.00 -85.00 0.47
39.00 -85.00 0.43
43.00 -85.00 0.40
47.00 -85.00 0.38
51.00 -85.00 0.35
55.00 -85.00 0.32
59.00 -85.00 0.31
63.00 -85.00 0.31
67.00 -85.00 0.32
71.00 -85.00 0.32
75.00 -85.00 0.31
79.00 -85.00 0.29
83.00 -85.00 0.27
87.00 -85.00 0.25
91.00 -85.00 0.21
95.00 -85.00 0.00
99.00 -85.00 0.00
103.00 -85.00 0.00
107.00 -85.00 0.00
111.00 -85.00 0.00
115.00 -85.00 0.00
119.00 -85.00 0.00
123.00 -85.00 0.00
127.00 -85.00 0.00
131.00 -85.00 0.00
135.00 -85.00 0.00
139.00 -85.00 0.00
143.00 -85.00 0.00
147.00 -85.00 0.00
151.00 -85.00 0.00
155.00 -85.00 0.00
159.00 -85.00 0.00
-357.00 -81.00 0.00
-353.00 -81.00 0.00
-349.00 -81.00 0.00
-345.00 -81.00 0.00
-341.00 -81.00 0.00
-337.00 -81.00 0.00
-333.00 -81.00 0.00
-329.00 -81.00 0.00
-325.00 -81.00 0.00
-321.00 -81.00 0.00
-317.00 -81.00 0.00
-313.00 -81.00 0.00
-309.00 -81.00 0.00
-305.00 -81.00 0.00
-301.00 -81.00 0.00
-297.00 -81.00 0.00
-293.00 -81.00 0.00
-289.00 -81.00 0.00
-285.00 -81.00 0.00
-281.00 -81.00 0.00
-277.00 -81.00 0.00
-273.00 -81.00 0.00
-269.00 -81.00 0.00
-265.00 -81.00 0.00
-261.00 -81.00 0.00
-257.00 -81.00 0.00
-253.00 -81.00 0.00
-249.00 -81.00 0.00
-245.00 -81.00 0.00
-241.00 -81.00 0.00
-237.00 -81.00 0.00
-233.00 -81.00 0.00
-229.00 -81.00 0.00
-225.00 -81.00 0.00
-221.00 -81.00 0.00
-217.00 -81.00 0.00
-213.00 -81.00 0.00
-209.00 -81.00 0.00
-205.00 -81.00 0.00
-201.00 -81.00 0.00
-197.00 -81.00 0.00
-193.00 -81.00 0.00
-189.00 -81.00 0.12
-185.00 -81.00 0.21
-181.00 -81.00 0.30
-177.00 -81.00 0.40
-173.00 -81.00 0.47
-169.00 -81.00 0.50
-165.00 -81.00 0.50
-161.00 -81.00 0.50
-157.00 -81.00 0.47
-153.00 -81.00 0.47
-149.00 -81.00 0.47
-145.00 -81.00 0.47
-141.00 -81.00 0.47
-137.00 -81.00 0.47
-133.00 -81.00 0.47
-129.00 -81.00 0.50
-125.00 -81.00 0.47
-121.00 -81.00 0.47
-117.00 -81.00 0.47
-113.00 -81.00 0.47
-109.00 -81.00 0.47
-105.00 -81.00 0.47
-101.00 -81.00 0.47
-97.00 -81.00 0.50
-93.00 -81.00 0.50
-89.00 -81.00 0.47
-85.00 -81.00 0.46
-81.00 -81.00 0.61
-77.00 -81.00 0.82
-73.00 -81.00 1.00
-69.00 -81.00 1.00
-65.00 -81.00 1.00
-61.00 -81.00 1.00
-57.00 -81.00 1.00
-53.00 -81.00 1.00
-49.00 -81.00 1.00
-45.00 -81.00 1.00
-41.00 -81.00 1.00
-37.00 -81.00 1.00
-33.00 -81.00 1.00
-29.00 -81.00 1.00
-25.00 -81.00 0.92
-21.00 -81.00 0.85
-17.00 -81.00 0.86
-13.00 -81.00 1.00
-9.00 -81.00 1.00
-5.00 -81.00 1.00
-1.00 -81.00 1.00
3.00 -81.00 1.00
7.00 -81.00 1.00
11.00 -81.00 1.00
15.00 -81.00 1.00
19.00 -81.00 1.00
23.00 -81.00 0.82
27.00 -81.00 0.66
31.00 -81.00 0.54
35.00 -81.00 0.47
39.00 -81.00 0.45
43.00 -81.00 0.45
47.00 -81.00 0.44
51.00 -81.00 0.41
55.00 -81.00 0.39
59.00 -81.00 0.39
63.00 -81.00 0.41
67.00 -81.00 0.43
71.00 -81.00 0.43
75.00 -81.00 0.42
79.00 -81.00 0.40
83.00 -81.00 0.38
87.00 -81.00 0.36
91.00 -81.00 0.31
95.00 -81.00 0.23
99.00 -81.00 0.00
103.00 -81.00 0.00
107.00 -81.00 0.00
111.00 -81.00 0.00
115.00 -81.00 0.00
119.00 -81.00 0.00
123.00 -81.00 0.00
127.00 -81.00 0.00
131.00 -81.00 0.00
135.00 -81.00 0.00
139.00 -81.00 0.00
143.00 -81.00 0.00
147.00 -81.00 0.00
151.00 -81.00 0.00
155.00 -81.00 0.00
159.00 -81.00 0.00
-357.00 -77.00 0.00
-353.00 -77.00 0.00
-349.00 -77.00 0.00
-345.00 -77.00 0.00
-341.00 -77.00 0.00
-337.00 -77.00 0.00
-333.00 -77.00 0.00
-329.00 -77.00 0.00
-325.00 -77.00 0.00
-321.00 -77.00 0.00
-317.00 -77.00 0.00
-313.00 -77.00 0.00
-309.00 -77.00 0.00
-305.00 -77.00 0.00
-301.00 -77.00 0.00
-297.00 -77.00 0.00
-293.00 -77.00 0.00
-289.00 -77.00 0.00
-285.00 -77.00 0.00
-281.00 -77.00 0.00
-277.00 -77.00 0.00
-273.00 -77.00 0.00
-269.00 -77.00 0.00
-265.00 -77.00 0.00
-261.00 -77.00 0.00
-257.00 -77.00 0.00
-253.00 -77.00 0.00
-249.00 -77.00 0.00
-245.00 -77.00 0.00
-241.00 -77.00 0.00
-237.00 -77.00 0.00
-233.00 -77.00 0.00
-229.00 -77.00 0.00
-225.00 -77.00 0.00
-221.00 -77.00 0.00
-217.00 -77.00 0.00
-213.00 -77.00 0.00
-209.00 -77.00 0.00
-205.00 -77.00 0.00
-201.00 -77.00 0.00
-197.00 -77.00 0.00
-193.00 -77.00 0.00
-189.00 -77.00 0.12
-185.00 -77.00 0.19
-181.00 -77.00 0.29
-177.00 -77.00 0.38
-173.00 -77.00 0.45
-169.00 -77.00 0.47
-165.00 -77.00 0.47
-161.00 -77.00 0.47
-157.00 -77.00 0.45
-153.00 -77.00 0.40
-149.00 -77.00 0.40
-145.00 -77.00 0.40
-141.00 -77.00 0.40
-137.00 -77.00 0.40
-133.00 -77.00 0.47
-129.00 -77.00 0.50
-125.00 -77.00 0.50
-121.00 -77.00 0.47
-117.00 -77.00 0.40
-113.00 -77.00 0.40
-109.00 -77.00 0.40
-105.00 -77.00 0.40
-101.00 -77.00 0.45
-97.00 -77.00 0.47
-93.00 -77.00 0.47
-89.00 -77.00 0.45
-85.00 -77.00 0.38
-81.00 -77.00 0.52
-77.00 -77.00 0.73
-73.00 -77.00 1.00
-69.00 -77.00 1.00
-65.00 -77.00 1.00
-61.00 -77.00 1.00
-57.00 -77.00 1.00
-53.00 -77.00 1.00
-49.00 -77.00 1.00
-45.00 -77.00 1.00
-41.00 -77.00 1.00
-37.00 -77.00 1.00
-33.00 -77.00 1.00
-29.00 -77.00 0.86
-25.00 -77.00 0.72
-21.00 -77.00 0.65
-17.00 -77.00 0.69
-13.00 -77.00 0.88
-9.00 -77.00 1.00
-5.00 -77.00 1.00
-1.00 -77.00 1.00
3.00 -77.00 1.00
7.00 -77.00 1.00
11.00 -77.00 1.00
15.00 -77.00 1.00
19.00 -77.00 1.00
23.00 -77.00 0.92
27.00 -77.00 0.74
31.00 -77.00 0.58
35.00 -77.00 0.50
39.00 -77.00 0.47
43.00 -77.00 0.49
47.00 -77.00 0.49
51.00 -77.00 0.48
55.00 -77.00 0.48
59.00 -77.00 0.49
63.00 -77.00 0.51
67.00 -77.00 0.53
71.00 -77.00 0.53
75.00 -77.00 0.52
79.00 -77.00 0.50
83.00 -77.00 0.49
87.00 -77.00 0.47
91.00 -77.00 0.40
95.00 -77.00 0.31
99.00 -77.00 0.00
103.00 -77.00 0.00
107.00 -77.00 0.00
111.00 -77.00 0.00
115.00 -77.00 0.00
119.00 -77.00 0.00
123.00 -77.00 0.00
127.00 -77.00 0.00
131.00 -77.00 0.00
135.00 -77.00 0.00
139.00 -77.00 0.00
143.00 -77.00 0.00
147.00 -77.00 0.00
151.00 -77.00 0.00
155.00 -77.00 0.00
159.00 -77.00 0.00
-357.00 -73.00 0.00
-353.00 -73.00 0.00
-349.00 -73.00 0.00
-345.00 -73.00 0.00
-341.00 -73.00 0.00
-337.00 -73.00 0.00
-333.00 -73.00 0.00
-329.00 -73.00 0.00
-325.00 -73.00 0.00
-321.00 -73.00 0.00
-317.00 -73.00 0.00
-313.00 -73.00 0.00
-309.00 -73.00 0.00
-305.00 -73.00 0.00
-301.00 -73.00 0.00
-297.00 -73.00 0.00
-293.00 -73.00 0.00
-289.00 -73.00 0.00
-285.00 -73.00 0.00
-281.00 -73.00 0.00
-277.00 -73.00 0.00
-273.00 -73.00 0.00
-269.00 -73.00 0.00
-265.00 -73.00 0.00
-261.00 -73.00 0.00
-257.00 -73.00 0.00
-253.00 -73.00 0.00
-249.00 -73.00 0.00
-245.00 -73.00 0.00
-241.00 -73.00 0.00
-237.00 -73.00 0.00
-233.00 -73.00 0.00
-229.00 -73.00 0.00
-225.00 -73.00 0.00
-221.00 -73.00 0.00
-217.00 -73.00 0.00
-213.00 -73.00 0.00
-209.00 -73.00 0.00
-205.00 -73.00 0.00
-201.00 -73.00 0.00
-197.00 -73.00 0.00
-193.00 -73.00 0.00
-189.00 -73.00 0.00
-185.00 -73.00 0.16
-181.00 -73.00 0.24
-177.00 -73.00 0.32
-173.00 -73.00 0.38
-169.00 -73.00 0.40
-165.00 -73.00 0.40
-161.00 -73.00 0.40
-157.00 -73.00 0.38
-153.00 -73.00 0.32
-149.00 -73.00 0.30
-145.00 -73.00 0.30
-141.00 -73.00 0.30
-137.00 -73.00 0.38
-133.00 -73.00 0.45
-129.00 -73.00 0.47
-125.00 -73.00 0.50
-121.00 -73.00 0.47
-117.00 -73.00 0.40
-113.00 -73.00 0.32
-109.00 -73.00 0.30
-105.00 -73.00 0.32
-101.00 -73.00 0.38
-97.00 -73.00 0.40
-93.00 -73.00 0.40
-89.00 -73.00 0.38
-85.00 -73.00 0.32
-81.00 -73.00 0.40
-77.00 -73.00 0.59
-73.00 -73.00 0.84
-69.00 -73.00 1.00
-65.00 -73.00 1.00
-61.00 -73.00 1.00
-57.00 -73.00 1.00
-53.00 -73.00 1.00
-49.00 -73.00 1.00
-45.00 -73.00 1.00
-41.00 -73.00 1.00
-37.00 -73.00 1.00
-33.00 -73.00 0.87
-29.00 -73.00 0.70
-25.00 -73.00 0.57
-21.00 -73.00 0.51
-17.00 -73.00 0.57
-13.00 -73.00 0.75
-9.00 -73.00 1.00
-5.00 -73.00 1.00
-1.00 -73.00 1.00
3.00 -73.00 1.00
7.00 -73.00 1.00
11.00 -73.00 1.00
15.00 -73.00 1.00
19.00 -73.00 1.00
23.00 -73.00 1.00
27.00 -73.00 0.84
31.00 -73.00 0.68
35.00 -73.00 0.56
39.00 -73.00 0.52
43.00 -73.00 0.51
47.00 -73.00 0.52
51.00 -73.00 0.53
55.00 -73.00 0.54
59.00 -73.00 0.57
63.00 -73.00 0.59
67.00 -73.00 0.59
71.00 -73.00 0.58
75.00 -73.00 0.57
79.00 -73.00 0.56
83.00 -73.00 0.56
87.00 -73.00 0.54
91.00 -73.00 0.47
95.00 -73.00 0.37
99.00 -73.00 0.25
103.00 -73.00 0.00
107.00 -73.00 0.00
111.00 -73.00 0.00
115.00 -73.00 0.00
119.00 -73.00 0.00
123.00 -73.00 0.00
127.00 -73.00 0.00
131.00 -73.00 0.00
135.00 -73.00 0.00
139.00 -73.00 0.00
143.00 -73.00 0.00
147.00 -73.00 0.00
151.00 -73.00 0.00
155.00 -73.00 0.00
159.00 -73.00 0.00
-357.00 -69.00 0.00
-353.00 -69.00 0.00
-349.00 -69.00 0.00
-345.00 -69.00 0.00
-341.00 -69.00 0.00
-337.00 -69.00 0.00
-333.00 -69.00 0.00
-329.00 -69.00 0.00
-325.00 -69.00 0.00
-321.00 -69.00 0.00
-317.00 -69.00 0.00
-313.00 -69.00 0.00
-309.00 -69.00 0.00
-305.00 -69.00 0.00
-301.00 -69.00 0.00
-297.00 -69.00 0.00
-293.00 -69.00 0.00
-289.00 -69.00 0.00
-285.00 -69.00 0.00
-281.00 -69.00 0.00
-277.00 -69.00 0.00
-273.00 -69.00 0.00
-269.00 -69.00 0.00
-265.00 -69.00 0.00
-261.00 -69.00 0.00
-257.00 -69.00 0.00
-253.00 -69.00 0.00
-249.00 -69.00 0.00
-245.00 -69.00 0.00
-241.00 -69.00 0.00
-237.00 -69.00 0.00
-233.00 -69.00 0.00
-229.00 -69.00 0.00
-225.00 -69.00 0.00
-221.00 -69.00 0.00
-217.00 -69.00 0.00
-213.00 -69.00 0.00
-209.00 -69.00 0.00
-205.00 -69.00 0.00
-201.00 -69.00 0.00
-197.00 -69.00 0.00
-193.00 -69.00 0.00
-189.00 -69.00 0.00
-185.00 -69.00 0.12
-181.00 -69.00 0.18
-177.00 -69.00 0.24
-173.00 -69.00 0.29
-169.00 -69.00 0.30
-165.00 -69.00 0.30
-161.00 -69.00 0.30
-157.00 -69.00 0.29
-153.00 -69.00 0.24
-149.00 -69.00 0.21
-145.00 -69.00 0.21
-141.00 -69.00 0.24
-137.00 -69.00 0.32
-133.00 -69.00 0.40
-129.00 -69.00 0.47
-125.00 -69.00 0.50
-121.00 -69.00 0.47
-117.00 -69.00 0.45
-113.00 -69.00 0.38
-109.00 -69.00 0.29
-105.00 -69.00 0.24
-101.00 -69.00 0.29
-97.00 -69.00 0.30
-93.00 -69.00 0.30
-89.00 -69.00 0.29
-85.00 -69.00 0.24
-81.00 -69.00 0.27
-77.00 -69.00 0.43
-73.00 -69.00 0.66
-69.00 -69.00 0.89
-65.00 -69.00 1.00
-61.00 -69.00 1.00
-57.00 -69.00 1.00
-53.00 -69.00 1.00
-49.00 -69.00 1.00
-45.00 -69.00 0.97
-41.00 -69.00 0.91
-37.00 -69.00 0.83
-33.00 -69.00 0.71
-29.00 -69.00 0.59
-25.00 -69.00 0.49
-21.00 -69.00 0.45
-17.00 -69.00 0.49
-13.00 -69.00 0.63
-9.00 -69.00 0.84
-5.00 -69.00 1.00
-1.00 -69.00 1.00
3.00 -69.00 1.00
7.00 -69.00 1.00
11.00 -69.00 1.00
15.00 -69.00 1.00
19.00 -69.00 1.00
23.00 -69.00 1.00
27.00 -69.00 0.97
31.00 -69.00 0.80
35.00 -69.00 0.66
39.00 -69.00 0.58
43.00 -69.00 0.54
47.00 -69.00 0.52
51.00 -69.00 0.53
55.00 -69.00 0.57
59.00 -69.00 0.60
63.00 -69.00 0.60
67.00 -69.00 0.58
71.00 -69.00 0.56
75.00 -69.00 0.55
79.00 -69.00 0.55
83.00 -69.00 0.56
87.00 -69.00 0.55
91.00 -69.00 0.50
95.00 -69.00 0.41
99.00 -69.00 0.30
103.00 -69.00 0.00
107.00 -69.00 0.00
111.00 -69.00 0.00
115.00 -69.00 0.00
119.00 -69.00 0.00
123.00 -69.00 0.12
127.00 -69.00 0.12
131.00 -69.00 0.12
135.00 -69.00 0.00
139.00 -69.00 0.00
143.00 -69.00 0.00
147.00 -69.00 0.00
151.00 -69.00 0.00
155.00 -69.00 0.00
159.00 -69.00 0.00
-357.00 -65.00 0.00
-353.00 -65.00 0.00
-349.00 -65.00 0.00
-345.00 -65.00 0.00
-341.00 -65.00 0.00
-337.00 -65.00 0.00
-333.00 -65.00 0.00
-329.00 -65.00 0.00
-325.00 -65.00 0.00
-321.00 -65.00 0.00
-317.00 -65.00 0.00
-313.00 -65.00 0.00
-309.00 -65.00 0.00
-305.00 -65.00 0.00
-301.00 -65.00 0.00
-297.00 -65.00 0.00
-293.00 -65.00 0.00
-289.00 -65.00 0.00
-285.00 -65.00 0.00
-281.00 -65.00 0.00
-277.00 -65.00 0.00
-273.00 -65.00 0.00
-269.00 -65.00 0.00
-265.00 -65.00 0.00
-261.00 -65.00 0.00
-257.00 -65.00 0.00
-253.00 -65.00 0.00
-249.00 -65.00 0.00
-245.00 -65.00 0.00
-241.00 -65.00 0.00
-237.00 -65.00 0.00
-233.00 -65.00 0.00
-229.00 -65.00 0.00
-225.00 -65.00 0.00
-221.00 -65.00 0.00
-217.00 -65.00 0.00
-213.00 -65.00 0.00
-209.00 -65.00 0.00
-205.00 -65.00 0.00
-201.00 -65.00 0.00
-197.00 -65.00 0.00
-193.00 -65.00 0.00
-189.00 -65.00 0.00
-185.00 -65.00 0.00
-181.00 -65.00 0.12
-177.00 -65.00 0.16
-173.00 -65.00 0.19
-169.00 -65.00 0.21
-165.00 -65.00 0.21
-161.00 -65.00 0.21
-157.00 -65.00 0.19
-153.00 -65.00 0.16
-149.00 -65.00 0.12
-145.00 -65.00 0.12
-141.00 -65.00 0.21
-137.00 -65.00 0.30
-133.00 -65.00 0.40
-129.00 -65.00 0.47
-125.00 -65.00 0.50
-121.00 -65.00 0.50
-117.00 -65.00 0.47
-113.00 -65.00 0.40
-109.00 -65.00 0.30
-105.00 -65.00 0.21
-101.00 -65.00 0.19
-97.00 -65.00 0.21
-93.00 -65.00 0.21
-89.00 -65.00 0.19
-85.00 -65.00 0.16
-81.00 -65.00 0.16
-77.00 -65.00 0.30
-73.00 -65.00 0.48
-69.00 -65.00 0.68
-65.00 -65.00 0.83
-61.00 -65.00 0.88
-57.00 -65.00 0.86
-53.00 -65.00 0.80
-49.00 -65.00 0.76
-45.00 -65.00 0.73
-41.00 -65.00 0.70
-37.00 -65.00 0.66
-33.00 -65.00 0.60
-29.00 -65.00 0.53
-25.00 -65.00 0.47
-21.00 -65.00 0.44
-17.00 -65.00 0.47
-13.00 -65.00 0.56
-9.00 -65.00 0.71
-5.00 -65.00 0.90
-1.00 -65.00 1.00
3.00 -65.00 1.00
7.00 -65.00 1.00
11.00 -65.00 1.00
15.00 -65.00 1.00
19.00 -65.00 1.00
23.00 -65.00 1.00
27.00 -65.00 1.00
31.00 -65.00 0.92
35.00 -65.00 0.76
39.00 -65.00 0.64
43.00 -65.00 0.55
47.00 -65.00 0.52
51.00 -65.00 0.52
55.00 -65.00 0.55
59.00 -65.00 0.58
63.00 -65.00 0.56
67.00 -65.00 0.52
71.00 -65.00 0.48
75.00 -65.00 0.47
79.00 -65.00 0.49
83.00 -65.00 0.50
87.00 -65.00 0.50
91.00 -65.00 0.48
95.00 -65.00 0.41
99.00 -65.00 0.32
103.00 -65.00 0.21
107.00 -65.00 0.00
111.00 -65.00 0.00
115.00 -65.00 0.12
119.00 -65.00 0.16
123.00 -65.00 0.19
127.00 -65.00 0.21
131.00 -65.00 0.19
135.00 -65.00 0.16
139.00 -65.00 0.12
143.00 -65.00 0.00
147.00 -65.00 0.00
151.00 -65.00 0.00
155.00 -65.00 0.00
159.00 -65.00 0.00
-357.00 -61.00 0.00
-353.00 -61.00 0.00
-349.00 -61.00 0.00
-345.00 -61.00 0.00
-341.00 -61.00 0.00
-337.00 -61.00 0.00
-333.00 -61.00 0.00
-329.00 -61.00 0.00
-325.00 -61.00 0.00
-321.00 -61.00 0.00
-317.00 -61.00 0.00
-313.00 -61.00 0.00
-309.00 -61.00 0.00
-305.00 -61.00 0.00
-301.00 -61.00 0.00
-297.00 -61.00 0.00
-293.00 -61.00 0.00
-289.00 -61.00 0.00
-285.00 -61.00 0.00
-281.00 -61.00 0.00
-277.00 -61.00 0.00
-273.00 -61.00 0.00
-269.00 -61.00 0.00
-265.00 -61.00 0.00
-261.00 -61.00 0.00
-257.00 -61.00 0.00
-253.00 -61.00 0.00
-249.00 -61.00 0.00
-245.00 -61.00 0.00
-241.00 -61.00 0.00
-237.00 -61.00 0.00
-233.00 -61.00 0.00
-229.00 -61.00 0.00
-225.00 -61.00 0.00
-221.00 -61.00 0.00
-217.00 -61.00 0.00
-213.00 -61.00 0.00
-209.00 -61.00 0.00
-205.00 -61.00 0.00
-201.00 -61.00 0.00
-197.00 -61.00 0.00
-193.00 -61.00 0.00
-189.00 -61.00 0.00
-185.00 -61.00 0.00
-181.00 -61.00 0.00
-177.00 -61.00 0.00
-173.00 -61.00 0.12
-169.00 -61.00 0.12
-165.00 -61.00 0.12
-161.00 -61.00 0.12
-157.00 -61.00 0.12
-153.00 -61.00 0.00
-149.00 -61.00 0.00
-145.00 -61.00 0.12
-141.00 -61.00 0.19
-137.00 -61.00 0.29
-133.00 -61.00 0.38
-129.00 -61.00 0.45
-125.00 -61.00 0.47
-121.00 -61.00 0.50
-117.00 -61.00 0.47
-113.00 -61.00 0.40
-109.00 -61.00 0.30
-105.00 -61.00 0.21
-101.00 -61.00 0.12
-97.00 -61.00 0.12
-93.00 -61.00 0.12
-89.00 -61.00 0.12
-85.00 -61.00 0.00
-81.00 -61.00 0.12
-77.00 -61.00 0.20
-73.00 -61.00 0.35
-69.00 -61.00 0.51
-65.00 -61.00 0.62
-61.00 -61.00 0.65
-57.00 -61.00 0.62
-53.00 -61.00 0.57
-49.00 -61.00 0.54
-45.00 -61.00 0.53
-41.00 -61.00 0.54
-37.00 -61.00 0.55
-33.00 -61.00 0.54
-29.00 -61.00 0.53
-25.00 -61.00 0.51
-21.00 -61.00 0.49
-17.00 -61.00 0.50
-13.00 -61.00 0.56
-9.00 -61.00 0.67
-5.00 -61.00 0.85
-1.00 -61.00 1.00
3.00 -61.00 1.00
7.00 -61.00 1.00
11.00 -61.00 1.00
15.00 -61.00 1.00
19.00 -61.00 1.00
23.00 -61.00 1.00
27.00 -61.00 1.00
31.00 -61.00 1.00
35.00 -61.00 0.84
39.00 -61.00 0.68
43.00 -61.00 0.56
47.00 -61.00 0.50
51.00 -61.00 0.50
55.00 -61.00 0.53
59.00 -61.00 0.54
63.00 -61.00 0.51
67.00 -61.00 0.45
71.00 -61.00 0.41
75.00 -61.00 0.39
79.00 -61.00 0.41
83.00 -61.00 0.43
87.00 -61.00 0.44
91.00 -61.00 0.43
95.00 -61.00 0.39
99.00 -61.00 0.31
103.00 -61.00 0.22
107.00 -61.00 0.00
111.00 -61.00 0.12
115.00 -61.00 0.18
119.00 -61.00 0.24
123.00 -61.00 0.29
127.00 -61.00 0.30
131.00 -61.00 0.29
135.00 -61.00 0.24
139.00 -61.00 0.18
143.00 -61.00 0.12
147.00 -61.00 0.00
151.00 -61.00 0.00
155.00 -61.00 0.00
159.00 -61.00 0.00
-357.00 -57.00 0.00
-353.00 -57.00 0.00
-349.00 -57.00 0.00
-345.00 -57.00 0.00
-341.00 -57.00 0.00
-337.00 -57.00 0.00
-333.00 -57.00 0.00
-329.00 -57.00 0.00
-325.00 -57.00 0.00
-321.00 -57.00 0.00
-317.00 -57.00 0.00
-313.00 -57.00 0.00
-309.00 -57.00 0.00
-305.00 -57.00 0.00
-301.00 -57.00 0.00
-297.00 -57.00 0.00
-293.00 -57.00 0.00
-289.00 -57.00 0.00
-285.00 -57.00 0.00
-281.00 -57.00 0.00
-277.00 -57.00 0.00
-273.00 -57.00 0.00
-269.00 -57.00 0.00
-265.00 -57.00 0.00
-261.00 -57.00 0.00
-257.00 -57.00 0.00
-253.00 -57.00 0.00
-249.00 -57.00 0.00
-245.00 -57.00 0.00
-241.00 -57.00 0.00
-237.00 -57.00 0.00
-233.00 -57.00 0.00
-229.00 -57.00 0.00
-225.00 -57.00 0.00
-221.00 -57.00 0.00
-217.00 -57.00 0.00
-213.00 -57.00 0.00
-209.00 -57.00 0.00
-205.00 -57.00 0.00
-201.00 -57.00 0.00
-197.00 -57.00 0.00
-193.00 -57.00 0.00
-189.00 -57.00 0.00
-185.00 -57.00 0.00
-181.00 -57.00 0.00
-177.00 -57.00 0.00
-173.00 -57.00 0.00
-169.00 -57.00 0.00
-165.00 -57.00 0.00
-161.00 -57.00 0.00
-157.00 -57.00 0.00
-153.00 -57.00 0.00
-149.00 -57.00 0.00
-145.00 -57.00 0.00
-141.00 -57.00 0.16
-137.00 -57.00 0.24
-133.00 -57.00 0.32
-129.00 -57.00 0.38
-125.00 -57.00 0.45
-121.00 -57.00 0.47
-117.00 -57.00 0.45
-113.00 -57.00 0.38
-109.00 -57.00 0.29
-105.00 -57.00 0.19
-101.00 -57.00 0.12
-97.00 -57.00 0.00
-93.00 -57.00 0.00
-89.00 -57.00 0.00
-85.00 -57.00 0.12
-81.00 -57.00 0.18
-77.00 -57.00 0.24
-73.00 -57.00 0.32
-69.00 -57.00 0.38
-65.00 -57.00 0.45
-61.00 -57.00 0.45
-57.00 -57.00 0.41
-53.00 -57.00 0.37
-49.00 -57.00 0.36
-45.00 -57.00 0.39
-41.00 -57.00 0.44
-37.00 -57.00 0.49
-33.00 -57.00 0.54
-29.00 -57.00 0.58
-25.00 -57.00 0.59
-21.00 -57.00 0.58
-17.00 -57.00 0.59
-13.00 -57.00 0.63
-9.00 -57.00 0.73
-5.00 -57.00 0.91
-1.00 -57.00 1.00
3.00 -57.00 1.00
7.00 -57.00 1.00
11.00 -57.00 1.00
15.00 -57.00 1.00
19.00 -57.00 1.00
23.00 -57.00 1.00
27.00 -57.00 1.00
31.00 -57.00 1.00
35.00 -57.00 0.90
39.00 -57.00 0.71
43.00 -57.00 0.57
47.00 -57.00 0.49
51.00 -57.00 0.48
55.00 -57.00 0.51
59.00 -57.00 0.51
63.00 -57.00 0.48
67.00 -57.00 0.42
71.00 -57.00 0.37
75.00 -57.00 0.36
79.00 -57.00 0.37
83.00 -57.00 0.40
87.00 -57.00 0.42
91.00 -57.00 0.42
95.00 -57.00 0.38
99.00 -57.00 0.30
103.00 -57.00 0.21
107.00 -57.00 0.00
111.00 -57.00 0.16
115.00 -57.00 0.24
119.00 -57.00 0.32
123.00 -57.00 0.38
127.00 -57.00 0.40
131.00 -57.00 0.38
135.00 -57.00 0.32
139.00 -57.00 0.24
143.00 -57.00 0.18
147.00 -57.00 0.12
151.00 -57.00 0.00
155.00 -57.00 0.00
159.00 -57.00 0.00
-357.00 -53.00 0.00
-353.00 -53.00 0.00
-349.00 -53.00 0.00
-345.00 -53.00 0.00
-341.00 -53.00 0.00
-337.00 -53.00 0.00
-333.00 -53.00 0.00
-329.00 -53.00 0.00
-325.00 -53.00 0.00
-321.00 -53.00 0.00
-317.00 -53.00 0.00
-313.00 -53.00 0.00
-309.00 -53.00 0.00
-305.00 -53.00 0.00
-301.00 -53.00 0.00
-297.00 -53.00 0.00
-293.00 -53.00 0.00
-289.00 -53.00 0.00
-285.00 -53.00 0.00
-281.00 -53.00 0.00
-277.00 -53.00 0.00
-273.00 -53.00 0.00
-269.00 -53.00 0.00
-265.00 -53.00 0.00
-261.00 -53.00 0.00
-257.00 -53.00 0.00
-253.00 -53.00 0.00
-249.00 -53.00 0.00
-245.00 -53.00 0.00
-241.00 -53.00 0.00
-237.00 -53.00 0.00
-233.00 -53.00 0.00
-229.00 -53.00 0.00
-225.00 -53.00 0.00
-221.00 -53.00 0.00
-217.00 -53.00 0.00
-213.00 -53.00 0.00
-209.00 -53.00 0.00
-205.00 -53.00 0.00
-201.00 -53.00 0.00
-197.00 -53.00 0.00
-193.00 -53.00 0.00
-189.00 -53.00 0.00
-185.00 -53.00 0.00
-181.00 -53.00 0.00
-177.00 -53.00 0.00
-173.00 -53.00 0.00
-169.00 -53.00 0.00
-165.00 -53.00 0.00
-161.00 -53.00 0.00
-157.00 -53.00 0.00
-153.00 -53.00 0.00
-149.00 -53.00 0.00
-145.00 -53.00 0.00
-141.00 -53.00 0.12
-137.00 -53.00 0.18
-133.00 -53.00 0.24
-129.00 -53.00 0.32
-125.00 -53.00 0.38
-121.00 -53.00 0.40
-117.00 -53.00 0.38
-113.00 -53.00 0.32
-109.00 -53.00 0.24
-105.00 -53.00 0.16
-101.00 -53.00 0.00
-97.00 -53.00 0.00
-93.00 -53.00 0.00
-89.00 -53.00 0.00
-85.00 -53.00 0.16
-81.00 -53.00 0.24
-77.00 -53.00 0.32
-73.00 -53.00 0.38
-69.00 -53.00 0.45
-65.00 -53.00 0.47
-61.00 -53.00 0.45
-57.00 -53.00 0.38
-53.00 -53.00 0.29
-49.00 -53.00 0.25
-45.00 -53.00 0.30
-41.00 -53.00 0.39
-37.00 -53.00 0.49
-33.00 -53.00 0.59
-29.00 -53.00 0.66
-25.00 -53.00 0.69
-21.00 -53.00 0.69
-17.00 -53.00 0.70
-13.00 -53.00 0.75
-9.00 -53.00 0.87
-5.00 -53.00 1.00
-1.00 -53.00 1.00
3.00 -53.00 1.00
7.00 -53.00 1.00
11.00 -53.00 1.00
15.00 -53.00 1.00
19.00 -53.00 1.00
23.00 -53.00 1.00
27.00 -53.00 1.00
31.00 -53.00 1.00
35.00 -53.00 1.00
39.00 -53.00 0.79
43.00 -53.00 0.62
47.00 -53.00 0.52
51.00 -53.00 0.49
55.00 -53.00 0.51
59.00 -53.00 0.51
63.00 -53.00 0.49
67.00 -53.00 0.44
71.00 -53.00 0.39
75.00 -53.00 0.38
79.00 -53.00 0.40
83.00 -53.00 0.43
87.00 -53.00 0.46
91.00 -53.00 0.45
95.00 -53.00 0.39
99.00 -53.00 0.30
103.00 -53.00 0.20
107.00 -53.00 0.12
111.00 -53.00 0.19
115.00 -53.00 0.29
119.00 -53.00 0.38
123.00 -53.00 0.45
127.00 -53.00 0.47
131.00 -53.00 0.45
135.00 -53.00 0.38
139.00 -53.00 0.32
143.00 -53.00 0.24
147.00 -53.00 0.18
151.00 -53.00 0.12
155.00 -53.00 0.00
159.00 -53.00 0.00
-357.00 -49.00 0.00
-353.00 -49.00 0.00
-349.00 -49.00 0.00
-345.00 -49.00 0.00
-341.00 -49.00 0.00
-337.00 -49.00 0.00
-333.00 -49.00 0.00
-329.00 -49.00 0.00
-325.00 -49.00 0.00
-321.00 -49.00 0.00
-317.00 -49.00 0.00
-313.00 -49.00 0.00
-309.00 -49.00 0.00
-305.00 -49.00 0.00
-301.00 -49.00 0.00
-297.00 -49.00 0.00
-293.00 -49.00 0.00
-289.00 -49.00 0.00
-285.00 -49.00 0.00
-281.00 -49.00 0.00
-277.00 -49.00 0.00
-273.00 -49.00 0.00
-269.00 -49.00 0.00
-265.00 -49.00 0.00
-261.00 -49.00 0.00
-257.00 -49.00 0.00
-253.00 -49.00 0.00
-249.00 -49.00 0.00
-245.00 -49.00 0.00
-241.00 -49.00 0.00
-237.00 -49.00 0.00
-233.00 -49.00 0.00
-229.00 -49.00 0.00
-225.00 -49.00 0.00
-221.00 -49.00 0.00
-217.00 -49.00 0.00
-213.00 -49.00 0.00
-209.00 -49.00 0.00
-205.00 -49.00 0.00
-201.00 -49.00 0.00
-197.00 -49.00 0.00
-193.00 -49.00 0.00
-189.00 -49.00 0.00
-185.00 -49.00 0.00
-181.00 -49.00 0.00
-177.00 -49.00 0.00
-173.00 -49.00 0.00
-169.00 -49.00 0.00
-165.00 -49.00 0.00
-161.00 -49.00 0.00
-157.00 -49.00 0.00
-153.00 -49.00 0.00
-149.00 -49.00 0.00
-145.00 -49.00 0.12
-141.00 -49.00 0.12
-137.00 -49.00 0.12
-133.00 -49.00 0.18
-129.00 -49.00 0.24
-125.00 -49.00 0.29
-121.00 -49.00 0.30
-117.00 -49.00 0.29
-113.00 -49.00 0.24
-109.00 -49.00 0.18
-105.00 -49.00 0.12
-101.00 -49.00 0.12
-97.00 -49.00 0.00
-93.00 -49.00 0.00
-89.00 -49.00 0.12
-85.00 -49.00 0.19
-81.00 -49.00 0.29
-77.00 -49.00 0.38
-73.00 -49.00 0.45
-69.00 -49.00 0.47
-65.00 -49.00 0.50
-61.00 -49.00 0.47
-57.00 -49.00 0.40
-53.00 -49.00 0.30
-49.00 -49.00 0.21
-45.00 -49.00 0.27
-41.00 -49.00 0.38
-37.00 -49.00 0.51
-33.00 -49.00 0.64
-29.00 -49.00 0.73
-25.00 -49.00 0.78
-21.00 -49.00 0.80
-17.00 -49.00 0.83
-13.00 -49.00 0.90
-9.00 -49.00 1.00
-5.00 -49.00 1.00
-1.00 -49.00 1.00
3.00 -49.00 1.00
7.00 -49.00 1.00
11.00 -49.00 1.00
15.00 -49.00 1.00
19.00 -49.00 1.00
23.00 -49.00 1.00
27.00 -49.00 1.00
31.00 -49.00 1.00
35.00 -49.00 1.00
39.00 -49.00 0.97
43.00 -49.00 0.76
47.00 -49.00 0.61
51.00 -49.00 0.54
55.00 -49.00 0.53
59.00 -49.00 0.53
63.00 -49.00 0.51
67.00 -49.00 0.47
71.00 -49.00 0.44
75.00 -49.00 0.44
79.00 -49.00 0.48
83.00 -49.00 0.52
87.00 -49.00 0.53
91.00 -49.00 0.50
95.00 -49.00 0.42
99.00 -49.00 0.31
103.00 -49.00 0.00
107.00 -49.00 0.12
111.00 -49.00 0.21
115.00 -49.00 0.30
119.00 -49.00 0.40
123.00 -49.00 0.47
127.00 -49.00 0.50
131.00 -49.00 0.47
135.00 -49.00 0.45
139.00 -49.00 0.38
143.00 -49.00 0.32
147.00 -49.00 0.24
151.00 -49.00 0.16
155.00 -49.00 0.00
159.00 -49.00 0.00
-357.00 -45.00 0.00
-353.00 -45.00 0.00
-349.00 -45.00 0.00
-345.00 -45.00 0.00
-341.00 -45.00 0.00
-337.00 -45.00 0.00
-333.00 -45.00 0.00
-329.00 -45.00 0.00
-325.00 -45.00 0.00
-321.00 -45.00 0.00
-317.00 -45.00 0.00
-313.00 -45.00 0.00
-309.00 -45.00 0.00
-305.00 -45.00 0.00
-301.00 -45.00 0.00
-297.00 -45.00 0.00
-293.00 -45.00 0.00
-289.00 -45.00 0.00
-285.00 -45.00 0.00
-281.00 -45.00 0.00
-277.00 -45.00 0.00
-273.00 -45.00 0.00
-269.00 -45.00 0.00
-265.00 -45.00 0.00
-261.00 -45.00 0.00
-257.00 -45.00 0.00
-253.00 -45.00 0.00
-249.00 -45.00 0.00
-245.00 -45.00 0.00
-241.00 -45.00 0.00
-237.00 -45.00 0.00
-233.00 -45.00 0.00
-229.00 -45.00 0.00
-225.00 -45.00 0.00
-221.00 -45.00 0.00
-217.00 -45.00 0.00
-213.00 -45.00 0.00
-209.00 -45.00 0.00
-205.00 -45.00 0.00
-201.00 -45.00 0.00
-197.00 -45.00 0.00
-193.00 -45.00 0.00
-189.00 -45.00 0.00
-185.00 -45.00 0.00
-181.00 -45.00 0.00
-177.00 -45.00 0.00
-173.00 -45.00 0.00
-169.00 -45.00 0.00
-165.00 -45.00 0.00
-161.00 -45.00 0.00
-157.00 -45.00 0.00
-153.00 -45.00 0.12
-149.00 -45.00 0.16
-145.00 -45.00 0.19
-141.00 -45.00 0.21
-137.00 -45.00 0.19
-133.00 -45.00 0.16
-129.00 -45.00 0.16
-125.00 -45.00 0.19
-121.00 -45.00 0.21
-117.00 -45.00 0.19
-113.00 -45.00 0.21
-109.00 -45.00 0.21
-105.00 -45.00 0.21
-101.00 -45.00 0.19
-97.00 -45.00 0.16
-93.00 -45.00 0.12
-89.00 -45.00 0.12
-85.00 -45.00 0.21
-81.00 -45.00 0.30
-77.00 -45.00 0.40
-73.00 -45.00 0.47
-69.00 -45.00 0.50
-65.00 -45.00 0.47
-61.00 -45.00 0.45
-57.00 -45.00 0.38
-53.00 -45.00 0.29
-49.00 -45.00 0.19
-45.00 -45.00 0.27
-41.00 -45.00 0.39
-37.00 -45.00 0.52
-33.00 -45.00 0.66
-29.00 -45.00 0.77
-25.00 -45.00 0.84
-21.00 -45.00 0.89
-17.00 -45.00 0.95
-13.00 -45.00 1.00
-9.00 -45.00 1.00
-5.00 -45.00 1.00
-1.00 -45.00 1.00
3.00 -45.00 1.00
7.00 -45.00 1.00
11.00 -45.00 1.00
15.00 -45.00 1.00
19.00 -45.00 1.00
23.00 -45.00 1.00
27.00 -45.00 1.00
31.00 -45.00 1.00
35.00 -45.00 1.00
39.00 -45.00 1.00
43.00 -45.00 0.99
47.00 -45.00 0.77
51.00 -45.00 0.62
55.00 -45.00 0.56
59.00 -45.00 0.53
63.00 -45.00 0.51
67.00 -45.00 0.49
71.00 -45.00 0.47
75.00 -45.00 0.49
79.00 -45.00 0.54
83.00 -45.00 0.58
87.00 -45.00 0.57
91.00 -45.00 0.51
95.00 -45.00 0.41
99.00 -45.00 0.29
103.00 -45.00 0.00
107.00 -45.00 0.12
111.00 -45.00 0.21
115.00 -45.00 0.30
119.00 -45.00 0.40
123.00 -45.00 0.47
127.00 -45.00 0.50
131.00 -45.00 0.50
135.00 -45.00 0.47
139.00 -45.00 0.45
143.00 -45.00 0.38
147.00 -45.00 0.29
151.00 -45.00 0.19
155.00 -45.00 0.12
159.00 -45.00 0.00
-357.00 -41.00 0.00
-353.00 -41.00 0.00
-349.00 -41.00 0.00
-345.00 -41.00 0.00
-341.00 -41.00 0.00
-337.00 -41.00 0.00
-333.00 -41.00 0.00
-329.00 -41.00 0.00
-325.00 -41.00 0.00
-321.00 -41.00 0.00
-317.00 -41.00 0.00
-313.00 -41.00 0.00
-309.00 -41.00 0.00
-305.00 -41.00 0.00
-301.00 -41.00 0.00
-297.00 -41.00 0.00
-293.00 -41.00 0.00
-289.00 -41.00 0.00
-285.00 -41.00 0.00
-281.00 -41.00 0.00
-277.00 -41.00 0.00
-273.00 -41.00 0.00
-269.00 -41.00 0.00
-265.00 -41.00 0.00
-261.00 -41.00 0.00
-257.00 -41.00 0.00
-253.00 -41.00 0.00
-249.00 -41.00 0.00
-245.00 -41.00 0.00
-241.00 -41.00 0.00
-237.00 -41.00 0.00
-233.00 -41.00 0.00
-229.00 -41.00 0.00
-225.00 -41.00 0.00
-221.00 -41.00 0.00
-217.00 -41.00 0.00
-213.00 -41.00 0.00
-209.00 -41.00 0.00
-205.00 -41.00 0.00
-201.00 -41.00 0.00
-197.00 -41.00 0.00
-193.00 -41.00 0.00
-189.00 -41.00 0.00
-185.00 -41.00 0.00
-181.00 -41.00 0.00
-177.00 -41.00 0.00
-173.00 -41.00 0.00
-169.00 -41.00 0.00
-165.00 -41.00 0.00
-161.00 -41.00 0.00
-157.00 -41.00 0.12
-153.00 -41.00 0.18
-149.00 -41.00 0.24
-145.00 -41.00 0.29
-141.00 -41.00 0.30
-137.00 -41.00 0.29
-133.00 -41.00 0.24
-129.00 -41.00 0.21
-125.00 -41.00 0.21
-121.00 -41.00 0.24
-117.00 -41.00 0.29
-113.00 -41.00 0.30
-109.00 -41.00 0.30
-105.00 -41.00 0.30
-101.00 -41.00 0.29
-97.00 -41.00 0.24
-93.00 -41.00 0.18
-89.00 -41.00 0.12
-85.00 -41.00 0.21
-81.00 -41.00 0.30
-77.00 -41.00 0.40
-73.00 -41.00 0.47
-69.00 -41.00 0.50
-65.00 -41.00 0.47
-61.00 -41.00 0.40
-57.00 -41.00 0.32
-53.00 -41.00 0.24
-49.00 -41.00 0.21
-45.00 -41.00 0.30
-41.00 -41.00 0.41
-37.00 -41.00 0.52
-33.00 -41.00 0.64
-29.00 -41.00 0.75
-25.00 -41.00 0.85
-21.00 -41.00 0.94
-17.00 -41.00 1.00
-13.00 -41.00 1.00
-9.00 -41.00 1.00
-5.00 -41.00 1.00
-1.00 -41.00 1.00
3.00 -41.00 1.00
7.00 -41.00 1.00
11.00 -41.00 1.00
15.00 -41.00 1.00
19.00 -41.00 1.00
23.00 -41.00 1.00
27.00 -41.00 1.00
31.00 -41.00 1.00
35.00 -41.00 1.00
39.00 -41.00 1.00
43.00 -41.00 1.00
47.00 -41.00 0.97
51.00 -41.00 0.72
55.00 -41.00 0.58
59.00 -41.00 0.52
63.00 -41.00 0.49
67.00 -41.00 0.47
71.00 -41.00 0.47
75.00 -41.00 0.50
79.00 -41.00 0.54
83.00 -41.00 0.57
87.00 -41.00 0.55
91.00 -41.00 0.47
95.00 -41.00 0.36
99.00 -41.00 0.24
103.00 -41.00 0.00
107.00 -41.00 0.12
111.00 -41.00 0.19
115.00 -41.00 0.29
119.00 -41.00 0.38
123.00 -41.00 0.45
127.00 -41.00 0.47
131.00 -41.00 0.50
135.00 -41.00 0.50
139.00 -41.00 0.47
143.00 -41.00 0.40
147.00 -41.00 0.32
151.00 -41.00 0.24
155.00 -41.00 0.16
159.00 -41.00 0.00
-357.00 -37.00 0.00
-353.00 -37.00 0.00
-349.00 -37.00 0.00
-345.00 -37.00 0.00
-341.00 -37.00 0.00
-337.00 -37.00 0.00
-333.00 -37.00 0.00
-329.00 -37.00 0.00
-325.00 -37.00 0.00
-321.00 -37.00 0.00
-317.00 -37.00 0.00
-313.00 -37.00 0.00
-309.00 -37.00 0.00
-305.00 -37.00 0.00
-301.00 -37.00 0.00
-297.00 -37.00 0.00
-293.00 -37.00 0.00
-289.00 -37.00 0.00
-285.00 -37.00 0.00
-281.00 -37.00 0.00
-277.00 -37.00 0.00
-273.00 -37.00 0.00
-269.00 -37.00 0.00
-265.00 -37.00 0.00
-261.00 -37.00 0.00
-257.00 -37.00 0.00
-253.00 -37.00 0.00
-249.00 -37.00 0.00
-245.00 -37.00 0.00
-241.00 -37.00 0.00
-237.00 -37.00 0.00
-233.00 -37.00 0.00
-229.00 -37.00 0.00
-225.00 -37.00 0.00
-221.00 -37.00 0.00
-217.00 -37.00 0.00
-213.00 -37.00 0.00
-209.00 -37.00 0.00
-205.00 -37.00 0.00
-201.00 -37.00 0.00
-197.00 -37.00 0.00
-193.00 -37.00 0.00
-189.00 -37.00 0.00
-185.00 -37.00 0.00
-181.00 -37.00 0.00
-177.00 -37.00 0.00
-173.00 -37.00 0.00
-169.00 -37.00 0.00
-165.00 -37.00 0.00
-161.00 -37.00 0.00
-157.00 -37.00 0.16
-153.00 -37.00 0.24
-149.00 -37.00 0.32
-145.00 -37.00 0.38
-141.00 -37.00 0.40
-137.00 -37.00 0.38
-133.00 -37.00 0.32
-129.00 -37.00 0.30
-125.00 -37.00 0.30
-121.00 -37.00 0.32
-117.00 -37.00 0.38
-113.00 -37.00 0.40
-109.00 -37.00 0.40
-105.00 -37.00 0.40
-101.00 -37.00 0.38
-97.00 -37.00 0.32
-93.00 -37.00 0.24
-89.00 -37.00 0.18
-85.00 -37.00 0.21
-81.00 -37.00 0.30
-77.00 -37.00 0.40
-73.00 -37.00 0.47
-69.00 -37.00 0.50
-65.00 -37.00 0.47
-61.00 -37.00 0.40
-57.00 -37.00 0.30
-53.00 -37.00 0.21
-49.00 -37.00 0.25
-45.00 -37.00 0.34
-41.00 -37.00 0.44
-37.00 -37.00 0.53
-33.00 -37.00 0.62
-29.00 -37.00 0.72
-25.00 -37.00 0.84
-21.00 -37.00 0.97
-17.00 -37.00 1.00
-13.00 -37.00 1.00
-9.00 -37.00 1.00
-5.00 -37.00 1.00
-1.00 -37.00 1.00
3.00 -37.00 1.00
7.00 -37.00 1.00
11.00 -37.00 1.00
15.00 -37.00 1.00
19.00 -37.00 1.00
23.00 -37.00 1.00
27.00 -37.00 1.00
31.00 -37.00 1.00
35.00 -37.00 1.00
39.00 -37.00 1.00
43.00 -37.00 1.00
47.00 -37.00 1.00
51.00 -37.00 0.81
55.00 -37.00 0.59
59.00 -37.00 0.49
63.00 -37.00 0.45
67.00 -37.00 0.44
71.00 -37.00 0.43
75.00 -37.00 0.45
79.00 -37.00 0.48
83.00 -37.00 0.50
87.00 -37.00 0.47
91.00 -37.00 0.40
95.00 -37.00 0.30
99.00 -37.00 0.20
103.00 -37.00 0.13
107.00 -37.00 0.00
111.00 -37.00 0.16
115.00 -37.00 0.24
119.00 -37.00 0.32
123.00 -37.00 0.38
127.00 -37.00 0.45
131.00 -37.00 0.47
135.00 -37.00 0.50
139.00 -37.00 0.47
143.00 -37.00 0.45
147.00 -37.00 0.38
151.00 -37.00 0.29
155.00 -37.00 0.19
159.00 -37.00 0.12
-357.00 -33.00 0.00
-353.00 -33.00 0.00
-349.00 -33.00 0.00
-345.00 -33.00 0.00
-341.00 -33.00 0.00
-337.00 -33.00 0.00
-333.00 -33.00 0.00
-329.00 -33.00 0.00
-325.00 -33.00 0.00
-321.00 -33.00 0.00
-317.00 -33.00 0.00
-313.00 -33.00 0.00
-309.00 -33.00 0.00
-305.00 -33.00 0.00
-301.00 -33.00 0.00
-297.00 -33.00 0.00
-293.00 -33.00 0.00
-289.00 -33.00 0.00
-285.00 -33.00 0.00
-281.00 -33.00 0.00
-277.00 -33.00 0.00
-273.00 -33.00 0.00
-269.00 -33.00 0.00
-265.00 -33.00 0.00
-261.00 -33.00 0.00
-257.00 -33.00 0.00
-253.00 -33.00 0.00
-249.00 -33.00 0.00
-245.00 -33.00 0.00
-241.00 -33.00 0.00
-237.00 -33.00 0.00
-233.00 -33.00 0.00
-229.00 -33.00 0.00
-225.00 -33.00 0.00
-221.00 -33.00 0.00
-217.00 -33.00 0.00
-213.00 -33.00 0.00
-209.00 -33.00 0.00
-205.00 -33.00 0.00
-201.00 -33.00 0.00
-197.00 -33.00 0.00
-193.00 -33.00 0.00
-189.00 -33.00 0.00
-185.00 -33.00 0.00
-181.00 -33.00 0.00
-177.00 -33.00 0.00
-173.00 -33.00 0.00
-169.00 -33.00 0.00
-165.00 -33.00 0.00
-161.00 -33.00 0.12
-157.00 -33.00 0.19
-153.00 -33.00 0.29
-149.00 -33.00 0.38
-145.00 -33.00 0.45
-141.00 -33.00 0.47
-137.00 -33.00 0.45
-133.00 -33.00 0.38
-129.00 -33.00 0.40
-125.00 -33.00 0.40
-121.00 -33.00 0.40
-117.00 -33.00 0.45
-113.00 -33.00 0.47
-109.00 -33.00 0.47
-105.00 -33.00 0.47
-101.00 -33.00 0.45
-97.00 -33.00 0.38
-93.00 -33.00 0.32
-89.00 -33.00 0.24
-85.00 -33.00 0.19
-81.00 -33.00 0.29
-77.00 -33.00 0.38
-73.00 -33.00 0.45
-69.00 -33.00 0.47
-65.00 -33.00 0.45
-61.00 -33.00 0.38
-57.00 -33.00 0.29
-53.00 -33.00 0.19
-49.00 -33.00 0.28
-45.00 -33.00 0.38
-41.00 -33.00 0.46
-37.00 -33.00 0.53
-33.00 -33.00 0.60
-29.00 -33.00 0.69
-25.00 -33.00 0.82
-21.00 -33.00 0.98
-17.00 -33.00 1.00
-13.00 -33.00 1.00
-9.00 -33.00 1.00
-5.00 -33.00 1.00
-1.00 -33.00 1.00
3.00 -33.00 1.00
7.00 -33.00 1.00
11.00 -33.00 1.00
15.00 -33.00 1.00
19.00 -33.00 1.00
23.00 -33.00 1.00
27.00 -33.00 1.00
31.00 -33.00 1.00
35.00 -33.00 1.00
39.00 -33.00 1.00
43.00 -33.00 1.00
47.00 -33.00 1.00
51.00 -33.00 0.87
55.00 -33.00 0.59
59.00 -33.00 0.46
63.00 -33.00 0.41
67.00 -33.00 0.40
71.00 -33.00 0.39
75.00 -33.00 0.39
79.00 -33.00 0.40
83.00 -33.00 0.40
87.00 -33.00 0.38
91.00 -33.00 0.34
95.00 -33.00 0.27
99.00 -33.00 0.21
103.00 -33.00 0.19
107.00 -33.00 0.16
111.00 -33.00 0.12
115.00 -33.00 0.19
119.00 -33.00 0.29
123.00 -33.00 0.38
127.00 -33.00 0.45
131.00 -33.00 0.47
135.00 -33.00 0.50
139.00 -33.00 0.50
143.00 -33.00 0.47
147.00 -33.00 0.40
151.00 -33.00 0.30
155.00 -33.00 0.21
159.00 -33.00 0.12
-357.00 -29.00 0.00
-353.00 -29.00 0.00
-349.00 -29.00 0.00
-345.00 -29.00 0.00
-341.00 -29.00 0.00
-337.00 -29.00 0.00
-333.00 -29.00 0.00
-329.00 -29.00 0.00
-325.00 -29.00 0.00
-321.00 -29.00 0.00
-317.00 -29.00 0.00
-313.00 -29.00 0.00
-309.00 -29.00 0.00
-305.00 -29.00 0.00
-301.00 -29.00 0.00
-297.00 -29.00 0.00
-293.00 -29.00 0.00
-289.00 -29.00 0.00
-285.00 -29.00 0.00
-281.00 -29.00 0.00
-277.00 -29.00 0.00
-273.00 -29.00 0.00
-269.00 -29.00 0.00
-265.00 -29.00 0.00
-261.00 -29.00 0.00
-257.00 -29.00 0.00
-253.00 -29.00 0.00
-249.00 -29.00 0.00
-245.00 -29.00 0.00
-241.00 -29.00 0.00
-237.00 -29.00 0.00
-233.00 -29.00 0.00
-229.00 -29.00 0.00
-225.00 -29.00 0.00
-221.00 -29.00 0.00
-217.00 -29.00 0.00
-213.00 -29.00 0.00
-209.00 -29.00 0.00
-205.00 -29.00 0.00
-201.00 -29.00 0.00
-197.00 -29.00 0.00
-193.00 -29.00 0.00
-189.00 -29.00 0.00
-185.00 -29.00 0.00
-181.00 -29.00 0.00
-177.00 -29.00 0.00
-173.00 -29.00 0.00
-169.00 -29.00 0.00
-165.00 -29.00 0.00
-161.00 -29.00 0.12
-157.00 -29.00 0.21
-153.00 -29.00 0.30
-149.00 -29.00 0.40
-145.00 -29.00 0.47
-141.00 -29.00 0.50
-137.00 -29.00 0.47
-133.00 -29.00 0.45
-129.00 -29.00 0.47
-125.00 -29.00 0.47
-121.00 -29.00 0.47
-117.00 -29.00 0.47
-113.00 -29.00 0.50
-109.00 -29.00 0.50
-105.00 -29.00 0.50
-101.00 -29.00 0.47
-97.00 -29.00 0.45
-93.00 -29.00 0.38
-89.00 -29.00 0.32
-85.00 -29.00 0.24
-81.00 -29.00 0.24
-77.00 -29.00 0.32
-73.00 -29.00 0.38
-69.00 -29.00 0.40
-65.00 -29.00 0.38
-61.00 -29.00 0.32
-57.00 -29.00 0.24
-53.00 -29.00 0.18
-49.00 -29.00 0.28
-45.00 -29.00 0.37
-41.00 -29.00 0.44
-37.00 -29.00 0.50
-33.00 -29.00 0.56
-29.00 -29.00 0.65
-25.00 -29.00 0.78
-21.00 -29.00 0.96
-17.00 -29.00 1.00
-13.00 -29.00 1.00
-9.00 -29.00 1.00
-5.00 -29.00 1.00
-1.00 -29.00 1.00
3.00 -29.00 1.00
7.00 -29.00 1.00
11.00 -29.00 1.00
15.00 -29.00 1.00
19.00 -29.00 1.00
23.00 -29.00 1.00
27.00 -29.00 1.00
31.00 -29.00 1.00
35.00 -29.00 1.00
39.00 -29.00 1.00
43.00 -29.00 1.00
47.00 -29.00 1.00
51.00 -29.00 0.89
55.00 -29.00 0.58
59.00 -29.00 0.44
63.00 -29.00 0.39
67.00 -29.00 0.37
71.00 -29.00 0.35
75.00 -29.00 0.32
79.00 -29.00 0.31
83.00 -29.00 0.32
87.00 -29.00 0.33
91.00 -29.00 0.32
95.00 -29.00 0.30
99.00 -29.00 0.30
103.00 -29.00 0.29
107.00 -29.00 0.24
111.00 -29.00 0.21
115.00 -29.00 0.21
119.00 -29.00 0.30
123.00 -29.00 0.40
127.00 -29.00 0.47
131.00 -29.00 0.50
135.00 -29.00 0.50
139.00 -29.00 0.47
143.00 -29.00 0.45
147.00 -29.00 0.38
151.00 -29.00 0.29
155.00 -29.00 0.19
159.00 -29.00 0.12
-357.00 -25.00 0.00
-353.00 -25.00 0.00
-349.00 -25.00 0.00
-345.00 -25.00 0.00
-341.00 -25.00 0.00
-337.00 -25.00 0.00
-333.00 -25.00 0.00
-329.00 -25.00 0.00
-325.00 -25.00 0.00
-321.00 -25.00 0.00
-317.00 -25.00 0.00
-313.00 -25.00 0.00
-309.00 -25.00 0.00
-305.00 -25.00 0.00
-301.00 -25.00 0.00
-297.00 -25.00 0.00
-293.00 -25.00 0.00
-289.00 -25.00 0.00
-285.00 -25.00 0.00
-281.00 -25.00 0.00
-277.00 -25.00 0.00
-273.00 -25.00 0.00
-269.00 -25.00 0.00
-265.00 -25.00 0.00
-261.00 -25.00 0.00
-257.00 -25.00 0.00
-253.00 -25.00 0.00
-249.00 -25.00 0.00
-245.00 -25.00 0.00
-241.00 -25.00 0.00
-237.00 -25.00 0.00
-233.00 -25.00 0.00
-229.00 -25.00 0.00
-225.00 -25.00 0.00
-221.00 -25.00 0.00
-217.00 -25.00 0.00
-213.00 -25.00 0.00
-209.00 -25.00 0.00
-205.00 -25.00 0.00
-201.00 -25.00 0.00
-197.00 -25.00 0.00
-193.00 -25.00 0.00
-189.00 -25.00 0.00
-185.00 -25.00 0.00
-181.00 -25.00 0.00
-177.00 -25.00 0.00
-173.00 -25.00 0.00
-169.00 -25.00 0.00
-165.00 -25.00 0.00
-161.00 -25.00 0.12
-157.00 -25.00 0.19
-153.00 -25.00 0.29
-149.00 -25.00 0.38
-145.00 -25.00 0.45
-141.00 -25.00 0.47
-137.00 -25.00 0.50
-133.00 -25.00 0.47
-129.00 -25.00 0.50
-125.00 -25.00 0.50
-121.00 -25.00 0.50
-117.00 -25.00 0.50
-113.00 -25.00 0.47
-109.00 -25.00 0.47
-105.00 -25.00 0.47
-101.00 -25.00 0.50
-97.00 -25.00 0.47
-93.00 -25.00 0.45
-89.00 -25.00 0.38
-85.00 -25.00 0.32
-81.00 -25.00 0.24
-77.00 -25.00 0.24
-73.00 -25.00 0.29
-69.00 -25.00 0.30
-65.00 -25.00 0.29
-61.00 -25.00 0.24
-57.00 -25.00 0.18
-53.00 -25.00 0.15
-49.00 -25.00 0.24
-45.00 -25.00 0.32
-41.00 -25.00 0.37
-37.00 -25.00 0.42
-33.00 -25.00 0.47
-29.00 -25.00 0.56
-25.00 -25.00 0.69
-21.00 -25.00 0.87
-17.00 -25.00 1.00
-13.00 -25.00 1.00
-9.00 -25.00 1.00
-5.00 -25.00 1.00
-1.00 -25.00 1.00
3.00 -25.00 1.00
7.00 -25.00 1.00
11.00 -25.00 1.00
15.00 -25.00 1.00
19.00 -25.00 1.00
23.00 -25.00 1.00
27.00 -25.00 1.00
31.00 -25.00 1.00
35.00 -25.00 1.00
39.00 -25.00 1.00
43.00 -25.00 1.00
47.00 -25.00 1.00
51.00 -25.00 0.93
55.00 -25.00 0.62
59.00 -25.00 0.46
63.00 -25.00 0.40
67.00 -25.00 0.36
71.00 -25.00 0.31
75.00 -25.00 0.27
79.00 -25.00 0.25
83.00 -25.00 0.26
87.00 -25.00 0.32
91.00 -25.00 0.38
95.00 -25.00 0.40
99.00 -25.00 0.40
103.00 -25.00 0.38
107.00 -25.00 0.32
111.00 -25.00 0.30
115.00 -25.00 0.29
119.00 -25.00 0.30
123.00 -25.00 0.40
127.00 -25.00 0.47
131.00 -25.00 0.50
135.00 -25.00 0.47
139.00 -25.00 0.45
143.00 -25.00 0.38
147.00 -25.00 0.32
151.00 -25.00 0.24
155.00 -25.00 0.16
159.00 -25.00 0.00
-357.00 -21.00 0.00
-353.00 -21.00 0.00
-349.00 -21.00 0.00
-345.00 -21.00 0.00
-341.00 -21.00 0.00
-337.00 -21.00 0.00
-333.00 -21.00 0.00
-329.00 -21.00 0.00
-325.00 -21.00 0.00
-321.00 -21.00 0.00
-317.00 -21.00 0.00
-313.00 -21.00 0.00
-309.00 -21.00 0.00
-305.00 -21.00 0.00
-301.00 -21.00 0.00
-297.00 -21.00 0.00
-293.00 -21.00 0.00
-289.00 -21.00 0.00
-285.00 -21.00 0.00
-281.00 -21.00 0.00
-277.00 -21.00 0.00
-273.00 -21.00 0.00
-269.00 -21.00 0.00
-265.00 -21.00 0.00
-261.00 -21.00 0.00
-257.00 -21.00 0.00
-253.00 -21.00 0.00
-249.00 -21.00 0.00
-245.00 -21.00 0.00
-241.00 -21.00 0.00
-237.00 -21.00 0.00
-233.00 -21.00 0.00
-229.00 -21.00 0.00
-225.00 -21.00 0.00
-221.00 -21.00 0.00
-217.00 -21.00 0.00
-213.00 -21.00 0.00
-209.00 -21.00 0.00
-205.00 -21.00 0.00
-201.00 -21.00 0.00
-197.00 -21.00 0.00
-193.00 -21.00 0.00
-189.00 -21.00 0.00
-185.00 -21.00 0.00
-181.00 -21.00 0.00
-177.00 -21.00 0.00
-173.00 -21.00 0.00
-169.00 -21.00 0.00
-165.00 -21.00 0.12
-161.00 -21.00 0.18
-157.00 -21.00 0.24
-153.00 -21.00 0.32
-149.00 -21.00 0.38
-145.00 -21.00 0.45
-141.00 -21.00 0.47
-137.00 -21.00 0.50
-133.00 -21.00 0.50
-129.00 -21.00 0.47
-125.00 -21.00 0.47
-121.00 -21.00 0.47
-117.00 -21.00 0.47
-113.00 -21.00 0.45
-109.00 -21.00 0.40
-105.00 -21.00 0.45
-101.00 -21.00 0.47
-97.00 -21.00 0.50
-93.00 -21.00 0.47
-89.00 -21.00 0.45
-85.00 -21.00 0.38
-81.00 -21.00 0.32
-77.00 -21.00 0.24
-73.00 -21.00 0.19
-69.00 -21.00 0.21
-65.00 -21.00 0.19
-61.00 -21.00 0.16
-57.00 -21.00 0.12
-53.00 -21.00 0.12
-49.00 -21.00 0.19
-45.00 -21.00 0.29
-41.00 -21.00 0.38
-37.00 -21.00 0.45
-33.00 -21.00 0.47
-29.00 -21.00 0.50
-25.00 -21.00 0.54
-21.00 -21.00 0.70
-17.00 -21.00 0.90
-13.00 -21.00 1.00
-9.00 -21.00 1.00
-5.00 -21.00 1.00
-1.00 -21.00 1.00
3.00 -21.00 1.00
7.00 -21.00 1.00
11.00 -21.00 1.00
15.00 -21.00 1.00
19.00 -21.00 1.00
23.00 -21.00 1.00
27.00 -21.00 1.00
31.00 -21.00 1.00
35.00 -21.00 1.00
39.00 -21.00 1.00
43.00 -21.00 1.00
47.00 -21.00 1.00
51.00 -21.00 1.00
55.00 -21.00 0.72
59.00 -21.00 0.54
63.00 -21.00 0.44
67.00 -21.00 0.36
71.00 -21.00 0.28
75.00 -21.00 0.22
79.00 -21.00 0.19
83.00 -21.00 0.29
87.00 -21.00 0.38
91.00 -21.00 0.45
95.00 -21.00 0.47
99.00 -21.00 0.47
103.00 -21.00 0.45
107.00 -21.00 0.38
111.00 -21.00 0.40
115.00 -21.00 0.38
119.00 -21.00 0.32
123.00 -21.00 0.38
127.00 -21.00 0.45
131.00 -21.00 0.47
135.00 -21.00 0.45
139.00 -21.00 0.38
143.00 -21.00 0.32
147.00 -21.00 0.24
151.00 -21.00 0.18
155.00 -21.00 0.12
159.00 -21.00 0.00
-357.00 -17.00 0.00
-353.00 -17.00 0.00
-349.00 -17.00 0.00
-345.00 -17.00 0.00
-341.00 -17.00 0.00
-337.00 -17.00 0.00
-333.00 -17.00 0.00
-329.00 -17.00 0.00
-325.00 -17.00 0.00
-321.00 -17.00 0.00
-317.00 -17.00 0.00
-313.00 -17.00 0.00
-309.00 -17.00 0.00
-305.00 -17.00 0.00
-301.00 -17.00 0.00
-297.00 -17.00 0.00
-293.00 -17.00 0.00
-289.00 -17.00 0.00
-285.00 -17.00 0.00
-281.00 -17.00 0.00
-277.00 -17.00 0.00
-273.00 -17.00 0.00
-269.00 -17.00 0.00
-265.00 -17.00 0.00
-261.00 -17.00 0.00
-257.00 -17.00 0.00
-253.00 -17.00 0.00
-249.00 -17.00 0.00
-245.00 -17.00 0.00
-241.00 -17.00 0.00
-237.00 -17.00 0.00
-233.00 -17.00 0.00
-229.00 -17.00 0.00
-225.00 -17.00 0.00
-221.00 -17.00 0.00
-217.00 -17.00 0.00
-213.00 -17.00 0.00
-209.00 -17.00 0.00
-205.00 -17.00 0.00
-201.00 -17.00 0.00
-197.00 -17.00 0.00
-193.00 -17.00 0.00
-189.00 -17.00 0.00
-185.00 -17.00 0.00
-181.00 -17.00 0.00
-177.00 -17.00 0.00
-173.00 -17.00 0.00
-169.00 -17.00 0.12
-165.00 -17.00 0.18
-161.00 -17.00 0.24
-157.00 -17.00 0.32
-153.00 -17.00 0.38
-149.00 -17.00 0.45
-145.00 -17.00 0.47
-141.00 -17.00 0.50
-137.00 -17.00 0.50
-133.00 -17.00 0.47
-129.00 -17.00 0.45
-125.00 -17.00 0.40
-121.00 -17.00 0.40
-117.00 -17.00 0.40
-113.00 -17.00 0.38
-109.00 -17.00 0.32
-105.00 -17.00 0.38
-101.00 -17.00 0.45
-97.00 -17.00 0.47
-93.00 -17.00 0.50
-89.00 -17.00 0.47
-85.00 -17.00 0.45
-81.00 -17.00 0.38
-77.00 -17.00 0.32
-73.00 -17.00 0.24
-69.00 -17.00 0.18
-65.00 -17.00 0.12
-61.00 -17.00 0.00
-57.00 -17.00 0.00
-53.00 -17.00 0.12
-49.00 -17.00 0.21
-45.00 -17.00 0.30
-41.00 -17.00 0.40
-37.00 -17.00 0.47
-33.00 -17.00 0.50
-29.00 -17.00 0.50
-25.00 -17.00 0.47
-21.00 -17.00 0.49
-17.00 -17.00 0.65
-13.00 -17.00 0.82
-9.00 -17.00 1.00
-5.00 -17.00 1.00
-1.00 -17.00 1.00
3.00 -17.00 1.00
7.00 -17.00 1.00
11.00 -17.00 1.00
15.00 -17.00 1.00
19.00 -17.00 1.00
23.00 -17.00 1.00
27.00 -17.00 1.00
31.00 -17.00 1.00
35.00 -17.00 1.00
39.00 -17.00 1.00
43.00 -17.00 1.00
47.00 -17.00 1.00
51.00 -17.00 1.00
55.00 -17.00 0.88
59.00 -17.00 0.66
63.00 -17.00 0.50
67.00 -17.00 0.37
71.00 -17.00 0.26
75.00 -17.00 0.18
79.00 -17.00 0.24
83.00 -17.00 0.32
87.00 -17.00 0.40
91.00 -17.00 0.47
95.00 -17.00 0.50
99.00 -17.00 0.50
103.00 -17.00 0.47
107.00 -17.00 0.45
111.00 -17.00 0.47
115.00 -17.00 0.45
119.00 -17.00 0.38
123.00 -17.00 0.32
127.00 -17.00 0.38
131.00 -17.00 0.40
135.00 -17.00 0.38
139.00 -17.00 0.32
143.00 -17.00 0.24
147.00 -17.00 0.18
151.00 -17.00 0.12
155.00 -17.00 0.00
159.00 -17.00 0.00
-357.00 -13.00 0.00
-353.00 -13.00 0.00
-349.00 -13.00 0.00
-345.00 -13.00 0.00
-341.00 -13.00 0.00
-337.00 -13.00 0.00
-333.00 -13.00 0.00
-329.00 -13.00 0.00
-325.00 -13.00 0.00
-321.00 -13.00 0.00
-317.00 -13.00 0.00
-313.00 -13.00 0.00
-309.00 -13.00 0.00
-305.00 -13.00 0.00
-301.00 -13.00 0.00
-297.00 -13.00 0.00
-293.00 -13.00 0.00
-289.00 -13.00 0.00
-285.00 -13.00 0.00
-281.00 -13.00 0.00
-277.00 -13.00 0.00
-273.00 -13.00 0.00
-269.00 -13.00 0.00
-265.00 -13.00 0.00
-261.00 -13.00 0.00
-257.00 -13.00 0.00
-253.00 -13.00 0.00
-249.00 -13.00 0.00
-245.00 -13.00 0.00
-241.00 -13.00 0.00
-237.00 -13.00 0.00
-233.00 -13.00 0.00
-229.00 -13.00 0.00
-225.00 -13.00 0.00
-221.00 -13.00 0.00
-217.00 -13.00 0.00
-213.00 -13.00 0.00
-209.00 -13.00 0.00
-205.00 -13.00 0.00
-201.00 -13.00 0.00
-197.00 -13.00 0.00
-193.00 -13.00 0.00
-189.00 -13.00 0.00
-185.00 -13.00 0.00
-181.00 -13.00 0.00
-177.00 -13.00 0.00
-173.00 -13.00 0.00
-169.00 -13.00 0.16
-165.00 -13.00 0.24
-161.00 -13.00 0.32
-157.00 -13.00 0.38
-153.00 -13.00 0.45
-149.00 -13.00 0.47
-145.00 -13.00 0.50
-141.00 -13.00 0.50
-137.00 -13.00 0.47
-133.00 -13.00 0.45
-129.00 -13.00 0.38
-125.00 -13.00 0.32
-121.00 -13.00 0.30
-117.00 -13.00 0.30
-113.00 -13.00 0.29
-109.00 -13.00 0.24
-105.00 -13.00 0.32
-101.00 -13.00 0.38
-97.00 -13.00 0.45
-93.00 -13.00 0.47
-89.00 -13.00 0.50
-85.00 -13.00 0.47
-81.00 -13.00 0.45
-77.00 -13.00 0.38
-73.00 -13.00 0.32
-69.00 -13.00 0.24
-65.00 -13.00 0.16
-61.00 -13.00 0.00
-57.00 -13.00 0.00
-53.00 -13.00 0.12
-49.00 -13.00 0.21
-45.00 -13.00 0.30
-41.00 -13.00 0.40
-37.00 -13.00 0.47
-33.00 -13.00 0.50
-29.00 -13.00 0.47
-25.00 -13.00 0.45
-21.00 -13.00 0.38
-17.00 -13.00 0.41
-13.00 -13.00 0.54
-9.00 -13.00 0.68
-5.00 -13.00 0.87
-1.00 -13.00 1.00
3.00 -13.00 1.00
7.00 -13.00 1.00
11.00 -13.00 1.00
15.00 -13.00 1.00
19.00 -13.00 1.00
23.00 -13.00 1.00
27.00 -13.00 1.00
31.00 -13.00 1.00
35.00 -13.00 1.00
39.00 -13.00 1.00
43.00 -13.00 1.00
47.00 -13.00 1.00
51.00 -13.00 1.00
55.00 -13.00 1.00
59.00 -13.00 0.78
63.00 -13.00 0.57
67.00 -13.00 0.39
71.00 -13.00 0.25
75.00 -13.00 0.19
79.00 -13.00 0.29
83.00 -13.00 0.38
87.00 -13.00 0.45
91.00 -13.00 0.47
95.00 -13.00 0.50
99.00 -13.00 0.47
103.00 -13.00 0.45
107.00 -13.00 0.47
111.00 -13.00 0.50
115.00 -13.00 0.47
119.00 -13.00 0.40
123.00 -13.00 0.40
127.00 -13.00 0.38
131.00 -13.00 0.32
135.00 -13.00 0.29
139.00 -13.00 0.24
143.00 -13.00 0.18
147.00 -13.00 0.12
151.00 -13.00 0.00
155.00 -13.00 0.00
159.00 -13.00 0.00
-357.00 -9.00 0.00
-353.00 -9.00 0.00
-349.00 -9.00 0.00
-345.00 -9.00 0.00
-341.00 -9.00 0.00
-337.00 -9.00 0.00
-333.00 -9.00 0.00
-329.00 -9.00 0.00
-325.00 -9.00 0.00
-321.00 -9.00 0.00
-317.00 -9.00 0.00
-313.00 -9.00 0.00
-309.00 -9.00 0.00
-305.00 -9.00 0.00
-301.00 -9.00 0.00
-297.00 -9.00 0.00
-293.00 -9.00 0.00
-289.00 -9.00 0.00
-285.00 -9.00 0.00
-281.00 -9.00 0.00
-277.00 -9.00 0.00
-273.00 -9.00 0.00
-269.00 -9.00 0.00
-265.00 -9.00 0.00
-261.00 -9.00 0.00
-257.00 -9.00 0.00
-253.00 -9.00 0.00
-249.00 -9.00 0.00
-245.00 -9.00 0.00
-241.00 -9.00 0.00
-237.00 -9.00 0.00
-233.00 -9.00 0.00
-229.00 -9.00 0.00
-225.00 -9.00 0.00
-221.00 -9.00 0.00
-217.00 -9.00 0.00
-213.00 -9.00 0.00
-209.00 -9.00 0.00
-205.00 -9.00 0.00
-201.00 -9.00 0.00
-197.00 -9.00 0.00
-193.00 -9.00 0.00
-189.00 -9.00 0.00
-185.00 -9.00 0.00
-181.00 -9.00 0.00
-177.00 -9.00 0.00
-173.00 -9.00 0.12
-169.00 -9.00 0.19
-165.00 -9.00 0.29
-161.00 -9.00 0.38
-157.00 -9.00 0.45
-153.00 -9.00 0.47
-149.00 -9.00 0.50
-145.00 -9.00 0.50
-141.00 -9.00 0.47
-137.00 -9.00 0.45
-133.00 -9.00 0.38
-129.00 -9.00 0.32
-125.00 -9.00 0.24
-121.00 -9.00 0.21
-117.00 -9.00 0.21
-113.00 -9.00 0.19
-109.00 -9.00 0.18
-105.00 -9.00 0.24
-101.00 -9.00 0.32
-97.00 -9.00 0.38
-93.00 -9.00 0.45
-89.00 -9.00 0.47
-85.00 -9.00 0.50
-81.00 -9.00 0.47
-77.00 -9.00 0.45
-73.00 -9.00 0.38
-69.00 -9.00 0.29
-65.00 -9.00 0.19
-61.00 -9.00 0.12
-57.00 -9.00 0.12
-53.00 -9.00 0.16
-49.00 -9.00 0.24
-45.00 -9.00 0.32
-41.00 -9.00 0.40
-37.00 -9.00 0.47
-33.00 -9.00 0.50
-29.00 -9.00 0.47
-25.00 -9.00 0.40
-21.00 -9.00 0.32
-17.00 -9.00 0.25
-13.00 -9.00 0.34
-9.00 -9.00 0.46
-5.00 -9.00 0.63
-1.00 -9.00 0.81
3.00 -9.00 0.97
7.00 -9.00 1.00
11.00 -9.00 1.00
15.00 -9.00 1.00
19.00 -9.00 1.00
23.00 -9.00 1.00
27.00 -9.00 1.00
31.00 -9.00 1.00
35.00 -9.00 1.00
39.00 -9.00 1.00
43.00 -9.00 1.00
47.00 -9.00 1.00
51.00 -9.00 1.00
55.00 -9.00 1.00
59.00 -9.00 0.87
63.00 -9.00 0.61
67.00 -9.00 0.40
71.00 -9.00 0.25
75.00 -9.00 0.21
79.00 -9.00 0.30
83.00 -9.00 0.40
87.00 -9.00 0.47
91.00 -9.00 0.50
95.00 -9.00 0.47
99.00 -9.00 0.45
103.00 -9.00 0.40
107.00 -9.00 0.47
111.00 -9.00 0.50
115.00 -9.00 0.47
119.00 -9.00 0.47
123.00 -9.00 0.47
127.00 -9.00 0.45
131.00 -9.00 0.38
135.00 -9.00 0.29
139.00 -9.00 0.19
143.00 -9.00 0.12
147.00 -9.00 0.00
151.00 -9.00 0.00
155.00 -9.00 0.00
159.00 -9.00 0.00
-357.00 -5.00 0.00
-353.00 -5.00 0.00
-349.00 -5.00 0.00
-345.00 -5.00 0.00
-341.00 -5.00 0.00
-337.00 -5.00 0.00
-333.00 -5.00 0.00
-329.00 -5.00 0.00
-325.00 -5.00 0.00
-321.00 -5.00 0.00
-317.00 -5.00 0.00
-313.00 -5.00 0.00
-309.00 -5.00 0.00
-305.00 -5.00 0.00
-301.00 -5.00 0.00
-297.00 -5.00 0.00
-293.00 -5.00 0.00
-289.00 -5.00 0.00
-285.00 -5.00 0.00
-281.00 -5.00 0.00
-277.00 -5.00 0.00
-273.00 -5.00 0.00
-269.00 -5.00 0.00
-265.00 -5.00 0.00
-261.00 -5.00 0.00
-257.00 -5.00 0.00
-253.00 -5.00 0.00
-249.00 -5.00 0.00
-245.00 -5.00 0.00
-241.00 -5.00 0.00
-237.00 -5.00 0.00
-233.00 -5.00 0.00
-229.00 -5.00 0.00
-225.00 -5.00 0.00
-221.00 -5.00 0.00
-217.00 -5.00 0.00
-213.00 -5.00 0.00
-209.00 -5.00 0.00
-205.00 -5.00 0.00
-201.00 -5.00 0.00
-197.00 -5.00 0.00
-193.00 -5.00 0.00
-189.00 -5.00 0.00
-185.00 -5.00 0.00
-181.00 -5.00 0.00
-177.00 -5.00 0.00
-173.00 -5.00 0.12
-169.00 -5.00 0.21
-165.00 -5.00 0.30
-161.00 -5.00 0.40
-157.00 -5.00 0.47
-153.00 -5.00 0.50
-149.00 -5.00 0.50
-145.00 -5.00 0.47
-141.00 -5.00 0.45
-137.00 -5.00 0.38
-133.00 -5.00 0.32
-129.00 -5.00 0.24
-125.00 -5.00 0.18
-121.00 -5.00 0.12
-117.00 -5.00 0.12
-113.00 -5.00 0.12
-109.00 -5.00 0.12
-105.00 -5.00 0.18
-101.00 -5.00 0.24
-97.00 -5.00 0.32
-93.00 -5.00 0.38
-89.00 -5.00 0.45
-85.00 -5.00 0.47
-81.00 -5.00 0.50
-77.00 -5.00 0.47
-73.00 -5.00 0.40
-69.00 -5.00 0.30
-65.00 -5.00 0.21
-61.00 -5.00 0.19
-57.00 -5.00 0.21
-53.00 -5.00 0.21
-49.00 -5.00 0.29
-45.00 -5.00 0.38
-41.00 -5.00 0.45
-37.00 -5.00 0.47
-33.00 -5.00 0.50
-29.00 -5.00 0.47
-25.00 -5.00 0.40
-21.00 -5.00 0.30
-17.00 -5.00 0.21
-13.00 -5.00 0.23
-9.00 -5.00 0.35
-5.00 -5.00 0.51
-1.00 -5.00 0.69
3.00 -5.00 0.83
7.00 -5.00 0.92
11.00 -5.00 1.00
15.00 -5.00 1.00
19.00 -5.00 1.00
23.00 -5.00 1.00
27.00 -5.00 1.00
31.00 -5.00 1.00
35.00 -5.00 1.00
39.00 -5.00 1.00
43.00 -5.00 1.00
47.00 -5.00 1.00
51.00 -5.00 1.00
55.00 -5.00 1.00
59.00 -5.00 0.90
63.00 -5.00 0.62
67.00 -5.00 0.40
71.00 -5.00 0.25
75.00 -5.00 0.21
79.00 -5.00 0.30
83.00 -5.00 0.40
87.00 -5.00 0.47
91.00 -5.00 0.50
95.00 -5.00 0.47
99.00 -5.00 0.40
103.00 -5.00 0.40
107.00 -5.00 0.47
111.00 -5.00 0.50
115.00 -5.00 0.50
119.00 -5.00 0.50
123.00 -5.00 0.50
127.00 -5.00 0.47
131.00 -5.00 0.40
135.00 -5.00 0.30
139.00 -5.00 0.21
143.00 -5.00 0.12
147.00 -5.00 0.00
151.00 -5.00 0.00
155.00 -5.00 0.00
159.00 -5.00 0.00
-357.00 -1.00 0.00
-353.00 -1.00 0.00
-349.00 -1.00 0.00
-345.00 -1.00 0.00
-341.00 -1.00 0.00
-337.00 -1.00 0.00
-333.00 -1.00 0.00
-329.00 -1.00 0.00
-325.00 -1.00 0.00
-321.00 -1.00 0.00
-317.00 -1.00 0.00
-313.00 -1.00 0.00
-309.00 -1.00 0.00
-305.00 -1.00 0.00
-301.00 -1.00 0.00
-297.00 -1.00 0.00
-293.00 -1.00 0.00
-289.00 -1.00 0.00
-285.00 -1.00 0.00
-281.00 -1.00 0.00
-277.00 -1.00 0.00
-273.00 -1.00 0.00
-269.00 -1.00 0.00
-265.00 -1.00 0.00
-261.00 -1.00 0.00
-257.00 -1.00 0.00
-253.00 -1.00 0.00
-249.00 -1.00 0.00
-245.00 -1.00 0.00
-241.00 -1.00 0.00
-237.00 -1.00 0.00
-233.00 -1.00 0.00
-229.00 -1.00 0.00
-225.00 -1.00 0.00
-221.00 -1.00 0.00
-217.00 -1.00 0.00
-213.00 -1.00 0.00
-209.00 -1.00 0.00
-205.00 -1.00 0.00
-201.00 -1.00 0.00
-197.00 -1.00 0.00
-193.00 -1.00 0.00
-189.00 -1.00 0.00
-185.00 -1.00 0.00
-181.00 -1.00 0.00
-177.00 -1.00 0.00
-173.00 -1.00 0.12
-169.00 -1.00 0.21
-165.00 -1.00 0.30
-161.00 -1.00 0.40
-157.00 -1.00 0.47
-153.00 -1.00 0.50
-149.00 -1.00 0.47
-145.00 -1.00 0.45
-141.00 -1.00 0.38
-137.00 -1.00 0.32
-133.00 -1.00 0.24
-129.00 -1.00 0.18
-125.00 -1.00 0.12
-121.00 -1.00 0.00
-117.00 -1.00 0.00
-113.00 -1.00 0.00
-109.00 -1.00 0.00
-105.00 -1.00 0.12
-101.00 -1.00 0.21
-97.00 -1.00 0.30
-93.00 -1.00 0.40
-89.00 -1.00 0.47
-85.00 -1.00 0.50
-81.00 -1.00 0.47
-77.00 -1.00 0.45
-73.00 -1.00 0.38
-69.00 -1.00 0.29
-65.00 -1.00 0.24
-61.00 -1.00 0.29
-57.00 -1.00 0.30
-53.00 -1.00 0.30
-49.00 -1.00 0.32
-45.00 -1.00 0.40
-41.00 -1.00 0.47
-37.00 -1.00 0.50
-33.00 -1.00 0.50
-29.00 -1.00 0.47
-25.00 -1.00 0.40
-21.00 -1.00 0.30
-17.00 -1.00 0.21
-13.00 -1.00 0.21
-9.00 -1.00 0.30
-5.00 -1.00 0.47
-1.00 -1.00 0.65
3.00 -1.00 0.78
7.00 -1.00 0.84
11.00 -1.00 0.91
15.00 -1.00 1.00
19.00 -1.00 1.00
23.00 -1.00 1.00
27.00 -1.00 1.00
31.00 -1.00 1.00
35.00 -1.00 1.00
39.00 -1.00 1.00
43.00 -1.00 1.00
47.00 -1.00 1.00
51.00 -1.00 1.00
55.00 -1.00 1.00
59.00 -1.00 0.86
63.00 -1.00 0.60
67.00 -1.00 0.39
71.00 -1.00 0.24
75.00 -1.00 0.21
79.00 -1.00 0.30
83.00 -1.00 0.40
87.00 -1.00 0.47
91.00 -1.00 0.50
95.00 -1.00 0.47
99.00 -1.00 0.45
103.00 -1.00 0.40
107.00 -1.00 0.47
111.00 -1.00 0.50
115.00 -1.00 0.47
119.00 -1.00 0.47
123.00 -1.00 0.47
127.00 -1.00 0.45
131.00 -1.00 0.38
135.00 -1.00 0.29
139.00 -1.00 0.19
143.00 -1.00 0.12
147.00 -1.00 0.00
151.00 -1.00 0.00
155.00 -1.00 0.00
159.00 -1.00 0.00
-357.00 3.00 0.00
-353.00 3.00 0.00
-349.00 3.00 0.00
-345.00 3.00 0.00
-341.00 3.00 0.00
-337.00 3.00 0.00
-333.00 3.00 0.00
-329.00 3.00 0.00
-325.00 3.00 0.00
-321.00 3.00 0.00
-317.00 3.00 0.00
-313.00 3.00 0.00
-309.00 3.00 0.00
-305.00 3.00 0.00
-301.00 3.00 0.00
-297.00 3.00 0.00
-293.00 3.00 0.00
-289.00 3.00 0.00
-285.00 3.00 0.00
-281.00 3.00 0.00
-277.00 3.00 0.00
-273.00 3.00 0.00
-269.00 3.00 0.00
-265.00 3.00 0.00
-261.00 3.00 0.00
-257.00 3.00 0.00
-253.00 3.00 0.00
-249.00 3.00 0.00
-245.00 3.00 0.00
-241.00 3.00 0.00
-237.00 3.00 0.00
-233.00 3.00 0.00
-229.00 3.00 0.00
-225.00 3.00 0.00
-221.00 3.00 0.00
-217.00 3.00 0.00
-213.00 3.00 0.00
-209.00 3.00 0.00
-205.00 3.00 0.00
-201.00 3.00 0.00
-197.00 3.00 0.00
-193.00 3.00 0.00
-189.00 3.00 0.00
-185.00 3.00 0.00
-181.00 3.00 0.00
-177.00 3.00 0.00
-173.00 3.00 0.12
-169.00 3.00 0.19
-165.00 3.00 0.29
-161.00 3.00 0.38
-157.00 3.00 0.45
-153.00 3.00 0.47
-149.00 3.00 0.45
-145.00 3.00 0.38
-141.00 3.00 0.32
-137.00 3.00 0.24
-133.00 3.00 0.18
-129.00 3.00 0.12
-125.00 3.00 0.00
-121.00 3.00 0.00
-117.00 3.00 0.00
-113.00 3.00 0.00
-109.00 3.00 0.00
-105.00 3.00 0.16
-101.00 3.00 0.24
-97.00 3.00 0.32
-93.00 3.00 0.40
-89.00 3.00 0.47
-85.00 3.00 0.50
-81.00 3.00 0.47
-77.00 3.00 0.40
-73.00 3.00 0.32
-69.00 3.00 0.30
-65.00 3.00 0.32
-61.00 3.00 0.38
-57.00 3.00 0.40
-53.00 3.00 0.40
-49.00 3.00 0.40
-45.00 3.00 0.45
-41.00 3.00 0.47
-37.00 3.00 0.50
-33.00 3.00 0.47
-29.00 3.00 0.45
-25.00 3.00 0.38
-21.00 3.00 0.29
-17.00 3.00 0.30
-13.00 3.00 0.30
-9.00 3.00 0.30
-5.00 3.00 0.47
-1.00 3.00 0.65
3.00 3.00 0.77
7.00 3.00 0.82
11.00 3.00 0.85
15.00 3.00 0.96
19.00 3.00 1.00
23.00 3.00 1.00
27.00 3.00 1.00
31.00 3.00 1.00
35.00 3.00 1.00
39.00 3.00 1.00
43.00 3.00 1.00
47.00 3.00 1.00
51.00 3.00 1.00
55.00 3.00 1.00
59.00 3.00 0.79
63.00 3.00 0.56
67.00 3.00 0.38
71.00 3.00 0.25
75.00 3.00 0.21
79.00 3.00 0.30
83.00 3.00 0.40
87.00 3.00 0.47
91.00 3.00 0.50
95.00 3.00 0.50
99.00 3.00 0.47
103.00 3.00 0.40
107.00 3.00 0.45
111.00 3.00 0.47
115.00 3.00 0.45
119.00 3.00 0.40
123.00 3.00 0.40
127.00 3.00 0.38
131.00 3.00 0.32
135.00 3.00 0.24
139.00 3.00 0.16
143.00 3.00 0.00
147.00 3.00 0.00
151.00 3.00 0.00
155.00 3.00 0.00
159.00 3.00 0.00
-357.00 7.00 0.00
-353.00 7.00 0.00
-349.00 7.00 0.00
-345.00 7.00 0.00
-341.00 7.00 0.00
-337.00 7.00 0.00
-333.00 7.00 0.00
-329.00 7.00 0.00
-325.00 7.00 0.00
-321.00 7.00 0.00
-317.00 7.00 0.00
-313.00 7.00 0.00
-309.00 7.00 0.00
-305.00 7.00 0.00
-301.00 7.00 0.00
-297.00 7.00 0.00
-293.00 7.00 0.00
-289.00 7.00 0.00
-285.00 7.00 0.00
-281.00 7.00 0.00
-277.00 7.00 0.00
-273.00 7.00 0.00
-269.00 7.00 0.00
-265.00 7.00 0.00
-261.00 7.00 0.00
-257.00 7.00 0.00
-253.00 7.00 0.00
-249.00 7.00 0.00
-245.00 7.00 0.00
-241.00 7.00 0.00
-237.00 7.00 0.00
-233.00 7.00 0.00
-229.00 7.00 0.00
-225.00 7.00 0.00
-221.00 7.00 0.00
-217.00 7.00 0.00
-213.00 7.00 0.00
-209.00 7.00 0.00
-205.00 7.00 0.00
-201.00 7.00 0.00
-197.00 7.00 0.00
-193.00 7.00 0.00
-189.00 7.00 0.00
-185.00 7.00 0.00
-181.00 7.00 0.00
-177.00 7.00 0.00
-173.00 7.00 0.00
-169.00 7.00 0.16
-165.00 7.00 0.24
-161.00 7.00 0.32
-157.00 7.00 0.38
-153.00 7.00 0.40
-149.00 7.00 0.38
-145.00 7.00 0.32
-141.00 7.00 0.24
-137.00 7.00 0.18
-133.00 7.00 0.12
-129.00 7.00 0.00
-125.00 7.00 0.00
-121.00 7.00 0.00
-117.00 7.00 0.00
-113.00 7.00 0.00
-109.00 7.00 0.12
-105.00 7.00 0.19
-101.00 7.00 0.29
-97.00 7.00 0.38
-93.00 7.00 0.45
-89.00 7.00 0.47
-85.00 7.00 0.50
-81.00 7.00 0.47
-77.00 7.00 0.40
-73.00 7.00 0.40
-69.00 7.00 0.40
-65.00 7.00 0.40
-61.00 7.00 0.45
-57.00 7.00 0.47
-53.00 7.00 0.47
-49.00 7.00 0.47
-45.00 7.00 0.47
-41.00 7.00 0.50
-37.00 7.00 0.47
-33.00 7.00 0.45
-29.00 7.00 0.38
-25.00 7.00 0.32
-21.00 7.00 0.38
-17.00 7.00 0.40
-13.00 7.00 0.40
-9.00 7.00 0.38
-5.00 7.00 0.48
-1.00 7.00 0.65
3.00 7.00 0.76
7.00 7.00 0.80
11.00 7.00 0.81
15.00 7.00 0.86
19.00 7.00 1.00
23.00 7.00 1.00
27.00 7.00 1.00
31.00 7.00 1.00
35.00 7.00 1.00
39.00 7.00 1.00
43.00 7.00 1.00
47.00 7.00 1.00
51.00 7.00 1.00
55.00 7.00 0.91
59.00 7.00 0.71
63.00 7.00 0.53
67.00 7.00 0.39
71.00 7.00 0.27
75.00 7.00 0.19
79.00 7.00 0.29
83.00 7.00 0.38
87.00 7.00 0.45
91.00 7.00 0.47
95.00 7.00 0.50
99.00 7.00 0.47
103.00 7.00 0.40
107.00 7.00 0.38
111.00 7.00 0.40
115.00 7.00 0.38
119.00 7.00 0.32
123.00 7.00 0.30
127.00 7.00 0.29
131.00 7.00 0.24
135.00 7.00 0.18
139.00 7.00 0.12
143.00 7.00 0.00
147.00 7.00 0.00
151.00 7.00 0.00
155.00 7.00 0.00
159.00 7.00 0.00
-357.00 11.00 0.00
-353.00 11.00 0.00
-349.00 11.00 0.00
-345.00 11.00 0.00
-341.00 11.00 0.00
-337.00 11.00 0.00
-333.00 11.00 0.00
-329.00 11.00 0.00
-325.00 11.00 0.00
-321.00 11.00 0.00
-317.00 11.00 0.00
-313.00 11.00 0.00
-309.00 11.00 0.00
-305.00 11.00 0.00
-301.00 11.00 0.00
-297.00 11.00 0.00
-293.00 11.00 0.00
-289.00 11.00 0.00
-285.00 11.00 0.00
-281.00 11.00 0.00
-277.00 11.00 0.00
-273.00 11.00 0.00
-269.00 11.00 0.00
-265.00 11.00 0.00
-261.00 11.00 0.00
-257.00 11.00 0.00
-253.00 11.00 0.00
-249.00 11.00 0.00
-245.00 11.00 0.00
-241.00 11.00 0.00
-237.00 11.00 0.00
-233.00 11.00 0.00
-229.00 11.00 0.00
-225.00 11.00 0.00
-221.00 11.00 0.00
-217.00 11.00 0.00
-213.00 11.00 0.00
-209.00 11.00 0.00
-205.00 11.00 0.00
-201.00 11.00 0.00
-197.00 11.00 0.00
-193.00 11.00 0.00
-189.00 11.00 0.00
-185.00 11.00 0.00
-181.00 11.00 0.00
-177.00 11.00 0.00
-173.00 11.00 0.00
-169.00 11.00 0.12
-165.00 11.00 0.18
-161.00 11.00 0.24
-157.00 11.00 0.29
-153.00 11.00 0.30
-149.00 11.00 0.29
-145.00 11.00 0.24
-141.00 11.00 0.18
-137.00 11.00 0.12
-133.00 11.00 0.00
-129.00 11.00 0.00
-125.00 11.00 0.00
-121.00 11.00 0.00
-117.00 11.00 0.00
-113.00 11.00 0.00
-109.00 11.00 0.12
-105.00 11.00 0.21
-101.00 11.00 0.30
-97.00 11.00 0.40
-93.00 11.00 0.47
-89.00 11.00 0.50
-85.00 11.00 0.47
-81.00 11.00 0.47
-77.00 11.00 0.47
-73.00 11.00 0.47
-69.00 11.00 0.47
-65.00 11.00 0.47
-61.00 11.00 0.47
-57.00 11.00 0.50
-53.00 11.00 0.50
-49.00 11.00 0.50
-45.00 11.00 0.50
-41.00 11.00 0.50
-37.00 11.00 0.47
-33.00 11.00 0.40
-29.00 11.00 0.32
-25.00 11.00 0.38
-21.00 11.00 0.45
-17.00 11.00 0.47
-13.00 11.00 0.47
-9.00 11.00 0.45
-5.00 11.00 0.49
-1.00 11.00 0.64
3.00 11.00 0.73
7.00 11.00 0.75
11.00 11.00 0.73
15.00 11.00 0.75
19.00 11.00 0.84
23.00 11.00 1.00
27.00 11.00 1.00
31.00 11.00 1.00
35.00 11.00 1.00
39.00 11.00 1.00
43.00 11.00 1.00
47.00 11.00 1.00
51.00 11.00 0.94
55.00 11.00 0.79
59.00 11.00 0.63
63.00 11.00 0.50
67.00 11.00 0.38
71.00 11.00 0.28
75.00 11.00 0.19
79.00 11.00 0.24
83.00 11.00 0.32
87.00 11.00 0.38
91.00 11.00 0.45
95.00 11.00 0.47
99.00 11.00 0.45
103.00 11.00 0.38
107.00 11.00 0.29
111.00 11.00 0.30
115.00 11.00 0.29
119.00 11.00 0.24
123.00 11.00 0.21
127.00 11.00 0.19
131.00 11.00 0.16
135.00 11.00 0.12
139.00 11.00 0.00
143.00 11.00 0.00
147.00 11.00 0.00
151.00 11.00 0.00
155.00 11.00 0.00
159.00 11.00 0.00
-357.00 15.00 0.00
-353.00 15.00 0.00
-349.00 15.00 0.00
-345.00 15.00 0.00
-341.00 15.00 0.00
-337.00 15.00 0.00
-333.00 15.00 0.00
-329.00 15.00 0.00
-325.00 15.00 0.00
-321.00 15.00 0.00
-317.00 15.00 0.00
-313.00 15.00 0.00
-309.00 15.00 0.00
-305.00 15.00 0.00
-301.00 15.00 0.00
-297.00 15.00 0.00
-293.00 15.00 0.00
-289.00 15.00 0.00
-285.00 15.00 0.00
-281.00 15.00 0.00
-277.00 15.00 0.00
-273.00 15.00 0.00
-269.00 15.00 0.00
-265.00 15.00 0.00
-261.00 15.00 0.00
-257.00 15.00 0.00
-253.00 15.00 0.00
-249.00 15.00 0.00
-245.00 15.00 0.00
-241.00 15.00 0.00
-237.00 15.00 0.00
-233.00 15.00 0.00
-229.00 15.00 0.00
-225.00 15.00 0.00
-221.00 15.00 0.00
-217.00 15.00 0.00
-213.00 15.00 0.00
-209.00 15.00 0.00
-205.00 15.00 0.00
-201.00 15.00 0.00
-197.00 15.00 0.00
-193.00 15.00 0.00
-189.00 15.00 0.00
-185.00 15.00 0.00
-181.00 15.00 0.00
-177.00 15.00 0.00
-173.00 15.00 0.00
-169.00 15.00 0.00
-165.00 15.00 0.12
-161.00 15.00 0.16
-157.00 15.00 0.19
-153.00 15.00 0.21
-149.00 15.00 0.19
-145.00 15.00 0.16
-141.00 15.00 0.12
-137.00 15.00 0.00
-133.00 15.00 0.00
-129.00 15.00 0.00
-125.00 15.00 0.00
-121.00 15.00 0.00
-117.00 15.00 0.00
-113.00 15.00 0.00
-109.00 15.00 0.12
-105.00 15.00 0.21
-101.00 15.00 0.30
-97.00 15.00 0.40
-93.00 15.00 0.47
-89.00 15.00 0.50
-85.00 15.00 0.47
-81.00 15.00 0.50
-77.00 15.00 0.50
-73.00 15.00 0.50
-69.00 15.00 0.50
-65.00 15.00 0.50
-61.00 15.00 0.50
-57.00 15.00 0.50
-53.00 15.00 0.47
-49.00 15.00 0.47
-45.00 15.00 0.47
-41.00 15.00 0.47
-37.00 15.00 0.45
-33.00 15.00 0.38
-29.00 15.00 0.30
-25.00 15.00 0.40
-21.00 15.00 0.47
-17.00 15.00 0.50
-13.00 15.00 0.50
-9.00 15.00 0.47
-5.00 15.00 0.49
-1.00 15.00 0.61
3.00 15.00 0.67
7.00 15.00 0.66
11.00 15.00 0.62
15.00 15.00 0.61
19.00 15.00 0.66
23.00 15.00 0.78
27.00 15.00 0.89
31.00 15.00 0.96
35.00 15.00 0.97
39.00 15.00 0.95
43.00 15.00 0.94
47.00 15.00 0.91
51.00 15.00 0.84
55.00 15.00 0.71
59.00 15.00 0.58
63.00 15.00 0.46
67.00 15.00 0.37
71.00 15.00 0.28
75.00 15.00 0.21
79.00 15.00 0.24
83.00 15.00 0.32
87.00 15.00 0.38
91.00 15.00 0.40
95.00 15.00 0.40
99.00 15.00 0.38
103.00 15.00 0.32
107.00 15.00 0.30
111.00 15.00 0.29
115.00 15.00 0.24
119.00 15.00 0.19
123.00 15.00 0.16
127.00 15.00 0.12
131.00 15.00 0.00
135.00 15.00 0.00
139.00 15.00 0.00
143.00 15.00 0.00
147.00 15.00 0.00
151.00 15.00 0.00
155.00 15.00 0.00
159.00 15.00 0.00
-357.00 19.00 0.00
-353.00 19.00 0.00
-349.00 19.00 0.00
-345.00 19.00 0.00
-341.00 19.00 0.00
-337.00 19.00 0.00
-333.00 19.00 0.00
-329.00 19.00 0.00
-325.00 19.00 0.00
-321.00 19.00 0.00
-317.00 19.00 0.00
-313.00 19.00 0.00
-309.00 19.00 0.00
-305.00 19.00 0.00
-301.00 19.00 0.00
-297.00 19.00 0.00
-293.00 19.00 0.00
-289.00 19.00 0.00
-285.00 19.00 0.00
-281.00 19.00 0.00
-277.00 19.00 0.00
-273.00 19.00 0.00
-269.00 19.00 0.00
-265.00 19.00 0.00
-261.00 19.00 0.00
-257.00 19.00 0.00
-253.00 19.00 0.00
-249.00 19.00 0.00
-245.00 19.00 0.00
-241.00 19.00 0.00
-237.00 19.00 0.00
-233.00 19.00 0.00
-229.00 19.00 0.00
-225.00 19.00 0.00
-221.00 19.00 0.00
-217.00 19.00 0.00
-213.00 19.00 0.00
-209.00 19.00 0.00
-205.00 19.00 0.00
-201.00 19.00 0.00
-197.00 19.00 0.00
-193.00 19.00 0.00
-189.00 19.00 0.00
-185.00 19.00 0.00
-181.00 19.00 0.00
-177.00 19.00 0.00
-173.00 19.00 0.00
-169.00 19.00 0.00
-165.00 19.00 0.00
-161.00 19.00 0.00
-157.00 19.00 0.12
-153.00 19.00 0.12
-149.00 19.00 0.12
-145.00 19.00 0.00
-141.00 19.00 0.00
-137.00 19.00 0.00
-133.00 19.00 0.00
-129.00 19.00 0.00
-125.00 19.00 0.00
-121.00 19.00 0.00
-117.00 19.00 0.00
-113.00 19.00 0.00
-109.00 19.00 0.12
-105.00 19.00 0.21
-101.00 19.00 0.30
-97.00 19.00 0.40
-93.00 19.00 0.47
-89.00 19.00 0.50
-85.00 19.00 0.50
-81.00 19.00 0.47
-77.00 19.00 0.47
-73.00 19.00 0.47
-69.00 19.00 0.47
-65.00 19.00 0.47
-61.00 19.00 0.47
-57.00 19.00 0.47
-53.00 19.00 0.45
-49.00 19.00 0.40
-45.00 19.00 0.40
-41.00 19.00 0.40
-37.00 19.00 0.38
-33.00 19.00 0.32
-29.00 19.00 0.29
-25.00 19.00 0.38
-21.00 19.00 0.45
-17.00 19.00 0.47
-13.00 19.00 0.47
-9.00 19.00 0.50
-5.00 19.00 0.48
-1.00 19.00 0.56
3.00 19.00 0.59
7.00 19.00 0.55
11.00 19.00 0.49
15.00 19.00 0.46
19.00 19.00 0.50
23.00 19.00 0.61
27.00 19.00 0.72
31.00 19.00 0.80
35.00 19.00 0.84
39.00 19.00 0.85
43.00 19.00 0.87
47.00 19.00 0.86
51.00 19.00 0.80
55.00 19.00 0.68
59.00 19.00 0.55
63.00 19.00 0.45
67.00 19.00 0.36
71.00 19.00 0.30
75.00 19.00 0.25
79.00 19.00 0.32
83.00 19.00 0.38
87.00 19.00 0.45
91.00 19.00 0.47
95.00 19.00 0.47
99.00 19.00 0.45
103.00 19.00 0.40
107.00 19.00 0.40
111.00 19.00 0.38
115.00 19.00 0.32
119.00 19.00 0.29
123.00 19.00 0.24
127.00 19.00 0.18
131.00 19.00 0.12
135.00 19.00 0.00
139.00 19.00 0.00
143.00 19.00 0.00
147.00 19.00 0.00
151.00 19.00 0.00
155.00 19.00 0.00
159.00 19.00 0.00
-357.00 23.00 0.00
-353.00 23.00 0.00
-349.00 23.00 0.00
-345.00 23.00 0.00
-341.00 23.00 0.00
-337.00 23.00 0.00
-333.00 23.00 0.00
-329.00 23.00 0.00
-325.00 23.00 0.00
-321.00 23.00 0.00
-317.00 23.00 0.00
-313.00 23.00 0.00
-309.00 23.00 0.00
-305.00 23.00 0.00
-301.00 23.00 0.00
-297.00 23.00 0.00
-293.00 23.00 0.00
-289.00 23.00 0.00
-285.00 23.00 0.00
-281.00 23.00 0.00
-277.00 23.00 0.00
-273.00 23.00 0.00
-269.00 23.00 0.00
-265.00 23.00 0.00
-261.00 23.00 0.00
-257.00 23.00 0.00
-253.00 23.00 0.00
-249.00 23.00 0.00
-245.00 23.00 0.00
-241.00 23.00 0.00
-237.00 23.00 0.00
-233.00 23.00 0.00
-229.00 23.00 0.00
-225.00 23.00 0.00
-221.00 23.00 0.00
-217.00 23.00 0.00
-213.00 23.00 0.00
-209.00 23.00 0.00
-205.00 23.00 0.00
-201.00 23.00 0.00
-197.00 23.00 0.00
-193.00 23.00 0.00
-189.00 23.00 0.00
-185.00 23.00 0.00
-181.00 23.00 0.00
-177.00 23.00 0.00
-173.00 23.00 0.00
-169.00 23.00 0.00
-165.00 23.00 0.00
-161.00 23.00 0.00
-157.00 23.00 0.00
-153.00 23.00 0.00
-149.00 23.00 0.00
-145.00 23.00 0.00
-141.00 23.00 0.00
-137.00 23.00 0.00
-133.00 23.00 0.00
-129.00 23.00 0.00
-125.00 23.00 0.00
-121.00 23.00 0.00
-117.00 23.00 0.00
-113.00 23.00 0.00
-109.00 23.00 0.12
-105.00 23.00 0.19
-101.00 23.00 0.29
-97.00 23.00 0.38
-93.00 23.00 0.45
-89.00 23.00 0.47
-85.00 23.00 0.47
-81.00 23.00 0.45
-77.00 23.00 0.40
-73.00 23.00 0.40
-69.00 23.00 0.40
-65.00 23.00 0.40
-61.00 23.00 0.40
-57.00 23.00 0.40
-53.00 23.00 0.38
-49.00 23.00 0.32
-45.00 23.00 0.30
-41.00 23.00 0.30
-37.00 23.00 0.29
-33.00 23.00 0.24
-29.00 23.00 0.32
-25.00 23.00 0.38
-21.00 23.00 0.40
-17.00 23.00 0.40
-13.00 23.00 0.45
-9.00 23.00 0.47
-5.00 23.00 0.45
-1.00 23.00 0.50
3.00 23.00 0.50
7.00 23.00 0.45
11.00 23.00 0.38
15.00 23.00 0.34
19.00 23.00 0.38
23.00 23.00 0.49
27.00 23.00 0.62
31.00 23.00 0.73
35.00 23.00 0.79
39.00 23.00 0.82
43.00 23.00 0.86
47.00 23.00 0.86
51.00 23.00 0.81
55.00 23.00 0.71
59.00 23.00 0.60
63.00 23.00 0.49
67.00 23.00 0.42
71.00 23.00 0.36
75.00 23.00 0.32
79.00 23.00 0.38
83.00 23.00 0.45
87.00 23.00 0.47
91.00 23.00 0.50
95.00 23.00 0.50
99.00 23.00 0.47
103.00 23.00 0.47
107.00 23.00 0.47
111.00 23.00 0.45
115.00 23.00 0.40
119.00 23.00 0.38
123.00 23.00 0.32
127.00 23.00 0.24
131.00 23.00 0.18
135.00 23.00 0.12
139.00 23.00 0.00
143.00 23.00 0.00
147.00 23.00 0.00
151.00 23.00 0.00
155.00 23.00 0.00
159.00 23.00 0.00
-357.00 27.00 0.00
-353.00 27.00 0.00
-349.00 27.00 0.00
-345.00 27.00 0.00
-341.00 27.00 0.00
-337.00 27.00 0.00
-333.00 27.00 0.00
-329.00 27.00 0.00
-325.00 27.00 0.00
-321.00 27.00 0.00
-317.00 27.00 0.00
-313.00 27.00 0.00
-309.00 27.00 0.00
-305.00 27.00 0.00
-301.00 27.00 0.00
-297.00 27.00 0.00
-293.00 27.00 0.00
-289.00 27.00 0.00
-285.00 27.00 0.00
-281.00 27.00 0.00
-277.00 27.00 0.00
-273.00 27.00 0.00
-269.00 27.00 0.00
-265.00 27.00 0.00
-261.00 27.00 0.00
-257.00 27.00 0.00
-253.00 27.00 0.00
-249.00 27.00 0.00
-245.00 27.00 0.00
-241.00 27.00 0.00
-237.00 27.00 0.00
-233.00 27.00 0.00
-229.00 27.00 0.00
-225.00 27.00 0.00
-221.00 27.00 0.00
-217.00 27.00 0.00
-213.00 27.00 0.00
-209.00 27.00 0.00
-205.00 27.00 0.00
-201.00 27.00 0.00
-197.00 27.00 0.00
-193.00 27.00 0.00
-189.00 27.00 0.00
-185.00 27.00 0.00
-181.00 27.00 0.00
-177.00 27.00 0.00
-173.00 27.00 0.00
-169.00 27.00 0.00
-165.00 27.00 0.00
-161.00 27.00 0.00
-157.00 27.00 0.00
-153.00 27.00 0.00
-149.00 27.00 0.00
-145.00 27.00 0.00
-141.00 27.00 0.00
-137.00 27.00 0.00
-133.00 27.00 0.00
-129.00 27.00 0.00
-125.00 27.00 0.00
-121.00 27.00 0.00
-117.00 27.00 0.00
-113.00 27.00 0.00
-109.00 27.00 0.00
-105.00 27.00 0.16
-101.00 27.00 0.24
-97.00 27.00 0.32
-93.00 27.00 0.38
-89.00 27.00 0.40
-85.00 27.00 0.40
-81.00 27.00 0.38
-77.00 27.00 0.32
-73.00 27.00 0.30
-69.00 27.00 0.30
-65.00 27.00 0.30
-61.00 27.00 0.30
-57.00 27.00 0.30
-53.00 27.00 0.29
-49.00 27.00 0.24
-45.00 27.00 0.21
-41.00 27.00 0.21
-37.00 27.00 0.19
-33.00 27.00 0.29
-29.00 27.00 0.38
-25.00 27.00 0.45
-21.00 27.00 0.47
-17.00 27.00 0.45
-13.00 27.00 0.38
-9.00 27.00 0.40
-5.00 27.00 0.39
-1.00 27.00 0.43
3.00 27.00 0.42
7.00 27.00 0.36
11.00 27.00 0.29
15.00 27.00 0.26
19.00 27.00 0.31
23.00 27.00 0.42
27.00 27.00 0.57
31.00 27.00 0.69
35.00 27.00 0.76
39.00 27.00 0.81
43.00 27.00 0.86
47.00 27.00 0.89
51.00 27.00 0.87
55.00 27.00 0.80
59.00 27.00 0.70
63.00 27.00 0.60
67.00 27.00 0.52
71.00 27.00 0.46
75.00 27.00 0.42
79.00 27.00 0.40
83.00 27.00 0.47
87.00 27.00 0.50
91.00 27.00 0.47
95.00 27.00 0.47
99.00 27.00 0.50
103.00 27.00 0.50
107.00 27.00 0.50
111.00 27.00 0.47
115.00 27.00 0.47
119.00 27.00 0.45
123.00 27.00 0.38
127.00 27.00 0.32
131.00 27.00 0.24
135.00 27.00 0.16
139.00 27.00 0.00
143.00 27.00 0.00
147.00 27.00 0.00
151.00 27.00 0.00
155.00 27.00 0.00
159.00 27.00 0.00
-357.00 31.00 0.00
-353.00 31.00 0.00
-349.00 31.00 0.00
-345.00 31.00 0.00
-341.00 31.00 0.00
-337.00 31.00 0.00
-333.00 31.00 0.00
-329.00 31.00 0.00
-325.00 31.00 0.00
-321.00 31.00 0.00
-317.00 31.00 0.00
-313.00 31.00 0.00
-309.00 31.00 0.00
-305.00 31.00 0.00
-301.00 31.00 0.00
-297.00 31.00 0.00
-293.00 31.00 0.00
-289.00 31.00 0.00
-285.00 31.00 0.00
-281.00 31.00 0.00
-277.00 31.00 0.00
-273.00 31.00 0.00
-269.00 31.00 0.00
-265.00 31.00 0.00
-261.00 31.00 0.00
-257.00 31.00 0.00
-253.00 31.00 0.00
-249.00 31.00 0.00
-245.00 31.00 0.00
-241.00 31.00 0.00
-237.00 31.00 0.00
-233.00 31.00 0.00
-229.00 31.00 0.00
-225.00 31.00 0.00
-221.00 31.00 0.00
-217.00 31.00 0.00
-213.00 31.00 0.00
-209.00 31.00 0.00
-205.00 31.00 0.00
-201.00 31.00 0.00
-197.00 31.00 0.00
-193.00 31.00 0.00
-189.00 31.00 0.00
-185.00 31.00 0.00
-181.00 31.00 0.00
-177.00 31.00 0.00
-173.00 31.00 0.00
-169.00 31.00 0.00
-165.00 31.00 0.00
-161.00 31.00 0.00
-157.00 31.00 0.00
-153.00 31.00 0.00
-149.00 31.00 0.00
-145.00 31.00 0.00
-141.00 31.00 0.00
-137.00 31.00 0.00
-133.00 31.00 0.00
-129.00 31.00 0.00
-125.00 31.00 0.00
-121.00 31.00 0.00
-117.00 31.00 0.00
-113.00 31.00 0.00
-109.00 31.00 0.00
-105.00 31.00 0.12
-101.00 31.00 0.18
-97.00 31.00 0.24
-93.00 31.00 0.29
-89.00 31.00 0.30
-85.00 31.00 0.30
-81.00 31.00 0.29
-77.00 31.00 0.24
-73.00 31.00 0.21
-69.00 31.00 0.21
-65.00 31.00 0.21
-61.00 31.00 0.21
-57.00 31.00 0.21
-53.00 31.00 0.19
-49.00 31.00 0.16
-45.00 31.00 0.12
-41.00 31.00 0.16
-37.00 31.00 0.21
-33.00 31.00 0.30
-29.00 31.00 0.40
-25.00 31.00 0.47
-21.00 31.00 0.50
-17.00 31.00 0.47
-13.00 31.00 0.40
-9.00 31.00 0.38
-5.00 31.00 0.40
-1.00 31.00 0.40
3.00 31.00 0.40
7.00 31.00 0.38
11.00 31.00 0.32
15.00 31.00 0.24
19.00 31.00 0.27
23.00 31.00 0.38
27.00 31.00 0.51
31.00 31.00 0.63
35.00 31.00 0.72
39.00 31.00 0.78
43.00 31.00 0.85
47.00 31.00 0.91
51.00 31.00 0.92
55.00 31.00 0.88
59.00 31.00 0.80
63.00 31.00 0.71
67.00 31.00 0.62
71.00 31.00 0.54
75.00 31.00 0.48
79.00 31.00 0.41
83.00 31.00 0.45
87.00 31.00 0.47
91.00 31.00 0.45
95.00 31.00 0.45
99.00 31.00 0.47
103.00 31.00 0.47
107.00 31.00 0.50
111.00 31.00 0.50
115.00 31.00 0.50
119.00 31.00 0.47
123.00 31.00 0.45
127.00 31.00 0.38
131.00 31.00 0.29
135.00 31.00 0.19
139.00 31.00 0.12
143.00 31.00 0.00
147.00 31.00 0.00
151.00 31.00 0.00
155.00 31.00 0.00
159.00 31.00 0.00
-357.00 35.00 0.00
-353.00 35.00 0.00
-349.00 35.00 0.00
-345.00 35.00 0.00
-341.00 35.00 0.00
-337.00 35.00 0.00
-333.00 35.00 0.00
-329.00 35.00 0.00
-325.00 35.00 0.00
-321.00 35.00 0.00
-317.00 35.00 0.00
-313.00 35.00 0.00
-309.00 35.00 0.00
-305.00 35.00 0.00
-301.00 35.00 0.00
-297.00 35.00 0.00
-293.00 35.00 0.00
-289.00 35.00 0.00
-285.00 35.00 0.00
-281.00 35.00 0.00
-277.00 35.00 0.00
-273.00 35.00 0.00
-269.00 35.00 0.00
-265.00 35.00 0.00
-261.00 35.00 0.00
-257.00 35.00 0.00
-253.00 35.00 0.00
-249.00 35.00 0.00
-245.00 35.00 0.00
-241.00 35.00 0.00
-237.00 35.00 0.00
-233.00 35.00 0.00
-229.00 35.00 0.00
-225.00 35.00 0.00
-221.00 35.00 0.00
-217.00 35.00 0.00
-213.00 35.00 0.00
-209.00 35.00 0.00
-205.00 35.00 0.00
-201.00 35.00 0.00
-197.00 35.00 0.00
-193.00 35.00 0.00
-189.00 35.00 0.00
-185.00 35.00 0.00
-181.00 35.00 0.00
-177.00 35.00 0.00
-173.00 35.00 0.00
-169.00 35.00 0.00
-165.00 35.00 0.00
-161.00 35.00 0.00
-157.00 35.00 0.00
-153.00 35.00 0.00
-149.00 35.00 0.00
-145.00 35.00 0.00
-141.00 35.00 0.00
-137.00 35.00 0.00
-133.00 35.00 0.00
-129.00 35.00 0.00
-125.00 35.00 0.00
-121.00 35.00 0.00
-117.00 35.00 0.00
-113.00 35.00 0.00
-109.00 35.00 0.00
-105.00 35.00 0.00
-101.00 35.00 0.12
-97.00 35.00 0.16
-93.00 35.00 0.19
-89.00 35.00 0.21
-85.00 35.00 0.21
-81.00 35.00 0.19
-77.00 35.00 0.16
-73.00 35.00 0.12
-69.00 35.00 0.12
-65.00 35.00 0.12
-61.00 35.00 0.12
-57.00 35.00 0.12
-53.00 35.00 0.12
-49.00 35.00 0.12
-45.00 35.00 0.18
-41.00 35.00 0.24
-37.00 35.00 0.29
-33.00 35.00 0.32
-29.00 35.00 0.40
-25.00 35.00 0.47
-21.00 35.00 0.50
-17.00 35.00 0.47
-13.00 35.00 0.40
-9.00 35.00 0.45
-5.00 35.00 0.47
-1.00 35.00 0.47
3.00 35.00 0.47
7.00 35.00 0.45
11.00 35.00 0.38
15.00 35.00 0.29
19.00 35.00 0.24
23.00 35.00 0.33
27.00 35.00 0.44
31.00 35.00 0.55
35.00 35.00 0.64
39.00 35.00 0.72
43.00 35.00 0.80
47.00 35.00 0.87
51.00 35.00 0.90
55.00 35.00 0.88
59.00 35.00 0.82
63.00 35.00 0.74
67.00 35.00 0.64
71.00 35.00 0.55
75.00 35.00 0.47
79.00 35.00 0.38
83.00 35.00 0.38
87.00 35.00 0.40
91.00 35.00 0.38
95.00 35.00 0.38
99.00 35.00 0.40
103.00 35.00 0.45
107.00 35.00 0.47
111.00 35.00 0.47
115.00 35.00 0.50
119.00 35.00 0.50
123.00 35.00 0.47
127.00 35.00 0.40
131.00 35.00 0.30
135.00 35.00 0.21
139.00 35.00 0.12
143.00 35.00 0.00
147.00 35.00 0.00
151.00 35.00 0.00
155.00 35.00 0.00
159.00 35.00 0.00
-357.00 39.00 0.00
-353.00 39.00 0.00
-349.00 39.00 0.00
-345.00 39.00 0.00
-341.00 39.00 0.00
-337.00 39.00 0.00
-333.00 39.00 0.00
-329.00 39.00 0.00
-325.00 39.00 0.00
-321.00 39.00 0.00
-317.00 39.00 0.00
-313.00 39.00 0.00
-309.00 39.00 0.00
-305.00 39.00 0.00
-301.00 39.00 0.00
-297.00 39.00 0.00
-293.00 39.00 0.00
-289.00 39.00 0.00
-285.00 39.00 0.00
-281.00 39.00 0.00
-277.00 39.00 0.00
-273.00 39.00 0.00
-269.00 39.00 0.00
-265.00 39.00 0.00
-261.00 39.00 0.00
-257.00 39.00 0.00
-253.00 39.00 0.00
-249.00 39.00 0.00
-245.00 39.00 0.00
-241.00 39.00 0.00
-237.00 39.00 0.00
-233.00 39.00 0.00
-229.00 39.00 0.00
-225.00 39.00 0.00
-221.00 39.00 0.00
-217.00 39.00 0.00
-213.00 39.00 0.00
-209.00 39.00 0.00
-205.00 39.00 0.00
-201.00 39.00 0.00
-197.00 39.00 0.00
-193.00 39.00 0.00
-189.00 39.00 0.00
-185.00 39.00 0.00
-181.00 39.00 0.00
-177.00 39.00 0.00
-173.00 39.00 0.00
-169.00 39.00 0.00
-165.00 39.00 0.00
-161.00 39.00 0.00
-157.00 39.00 0.00
-153.00 39.00 0.00
-149.00 39.00 0.00
-145.00 39.00 0.00
-141.00 39.00 0.00
-137.00 39.00 0.00
-133.00 39.00 0.00
-129.00 39.00 0.00
-125.00 39.00 0.00
-121.00 39.00 0.00
-117.00 39.00 0.00
-113.00 39.00 0.00
-109.00 39.00 0.00
-105.00 39.00 0.00
-101.00 39.00 0.00
-97.00 39.00 0.00
-93.00 39.00 0.12
-89.00 39.00 0.12
-85.00 39.00 0.12
-81.00 39.00 0.12
-77.00 39.00 0.00
-73.00 39.00 0.00
-69.00 39.00 0.00
-65.00 39.00 0.00
-61.00 39.00 0.00
-57.00 39.00 0.12
-53.00 39.00 0.16
-49.00 39.00 0.19
-45.00 39.00 0.24
-41.00 39.00 0.32
-37.00 39.00 0.38
-33.00 39.00 0.40
-29.00 39.00 0.45
-25.00 39.00 0.47
-21.00 39.00 0.50
-17.00 39.00 0.47
-13.00 39.00 0.47
-9.00 39.00 0.47
-5.00 39.00 0.50
-1.00 39.00 0.50
3.00 39.00 0.50
7.00 39.00 0.47
11.00 39.00 0.40
15.00 39.00 0.30
19.00 39.00 0.21
23.00 39.00 0.26
27.00 39.00 0.34
31.00 39.00 0.43
35.00 39.00 0.51
39.00 39.00 0.60
43.00 39.00 0.68
47.00 39.00 0.75
51.00 39.00 0.78
55.00 39.00 0.77
59.00 39.00 0.73
63.00 39.00 0.66
67.00 39.00 0.57
71.00 39.00 0.48
75.00 39.00 0.39
79.00 39.00 0.30
83.00 39.00 0.29
87.00 39.00 0.30
91.00 39.00 0.29
95.00 39.00 0.29
99.00 39.00 0.32
103.00 39.00 0.38
107.00 39.00 0.40
111.00 39.00 0.45
115.00 39.00 0.47
119.00 39.00 0.47
123.00 39.00 0.45
127.00 39.00 0.38
131.00 39.00 0.29
135.00 39.00 0.19
139.00 39.00 0.12
143.00 39.00 0.00
147.00 39.00 0.00
151.00 39.00 0.00
155.00 39.00 0.00
159.00 39.00 0.00
-357.00 43.00 0.00
-353.00 43.00 0.00
-349.00 43.00 0.00
-345.00 43.00 0.00
-341.00 43.00 0.00
-337.00 43.00 0.00
-333.00 43.00 0.00
-329.00 43.00 0.00
-325.00 43.00 0.00
-321.00 43.00 0.00
-317.00 43.00 0.00
-313.00 43.00 0.00
-309.00 43.00 0.00
-305.00 43.00 0.00
-301.00 43.00 0.00
-297.00 43.00 0.00
-293.00 43.00 0.00
-289.00 43.00 0.00
-285.00 43.00 0.00
-281.00 43.00 0.00
-277.00 43.00 0.00
-273.00 43.00 0.00
-269.00 43.00 0.00
-265.00 43.00 0.00
-261.00 43.00 0.00
-257.00 43.00 0.00
-253.00 43.00 0.00
-249.00 43.00 0.00
-245.00 43.00 0.00
-241.00 43.00 0.00
-237.00 43.00 0.00
-233.00 43.00 0.00
-229.00 43.00 0.00
-225.00 43.00 0.00
-221.00 43.00 0.00
-217.00 43.00 0.00
-213.00 43.00 0.00
-209.00 43.00 0.00
-205.00 43.00 0.00
-201.00 43.00 0.00
-197.00 43.00 0.00
-193.00 43.00 0.00
-189.00 43.00 0.00
-185.00 43.00 0.00
-181.00 43.00 0.00
-177.00 43.00 0.00
-173.00 43.00 0.00
-169.00 43.00 0.00
-165.00 43.00 0.00
-161.00 43.00 0.00
-157.00 43.00 0.00
-153.00 43.00 0.00
-149.00 43.00 0.00
-145.00 43.00 0.00
-141.00 43.00 0.00
-137.00 43.00 0.00
-133.00 43.00 0.00
-129.00 43.00 0.00
-125.00 43.00 0.00
-121.00 43.00 0.00
-117.00 43.00 0.00
-113.00 43.00 0.00
-109.00 43.00 0.00
-105.00 43.00 0.00
-101.00 43.00 0.00
-97.00 43.00 0.00
-93.00 43.00 0.00
-89.00 43.00 0.00
-85.00 43.00 0.00
-81.00 43.00 0.00
-77.00 43.00 0.00
-73.00 43.00 0.00
-69.00 43.00 0.00
-65.00 43.00 0.00
-61.00 43.00 0.12
-57.00 43.00 0.18
-53.00 43.00 0.24
-49.00 43.00 0.29
-45.00 43.00 0.32
-41.00 43.00 0.38
-37.00 43.00 0.45
-33.00 43.00 0.47
-29.00 43.00 0.47
-25.00 43.00 0.50
-21.00 43.00 0.50
-17.00 43.00 0.50
-13.00 43.00 0.50
-9.00 43.00 0.50
-5.00 43.00 0.50
-1.00 43.00 0.47
3.00 43.00 0.47
7.00 43.00 0.45
11.00 43.00 0.38
15.00 43.00 0.29
19.00 43.00 0.19
23.00 43.00 0.18
27.00 43.00 0.23
31.00 43.00 0.29
35.00 43.00 0.37
39.00 43.00 0.45
43.00 43.00 0.52
47.00 43.00 0.57
51.00 43.00 0.60
55.00 43.00 0.60
59.00 43.00 0.57
63.00 43.00 0.51
67.00 43.00 0.47
71.00 43.00 0.45
75.00 43.00 0.38
79.00 43.00 0.32
83.00 43.00 0.24
87.00 43.00 0.21
91.00 43.00 0.19
95.00 43.00 0.19
99.00 43.00 0.24
103.00 43.00 0.29
107.00 43.00 0.32
111.00 43.00 0.38
115.00 43.00 0.40
119.00 43.00 0.40
123.00 43.00 0.38
127.00 43.00 0.32
131.00 43.00 0.24
135.00 43.00 0.16
139.00 43.00 0.00
143.00 43.00 0.00
147.00 43.00 0.00
151.00 43.00 0.00
155.00 43.00 0.00
159.00 43.00 0.00
-357.00 47.00 0.00
-353.00 47.00 0.00
-349.00 47.00 0.00
-345.00 47.00 0.00
-341.00 47.00 0.00
-337.00 47.00 0.00
-333.00 47.00 0.00
-329.00 47.00 0.00
-325.00 47.00 0.00
-321.00 47.00 0.00
-317.00 47.00 0.00
-313.00 47.00 0.00
-309.00 47.00 0.00
-305.00 47.00 0.00
-301.00 47.00 0.00
-297.00 47.00 0.00
-293.00 47.00 0.00
-289.00 47.00 0.00
-285.00 47.00 0.00
-281.00 47.00 0.00
-277.00 47.00 0.00
-273.00 47.00 0.00
-269.00 47.00 0.00
-265.00 47.00 0.00
-261.00 47.00 0.00
-257.00 47.00 0.00
-253.00 47.00 0.00
-249.00 47.00 0.00
-245.00 47.00 0.00
-241.00 47.00 0.00
-237.00 47.00 0.00
-233.00 47.00 0.00
-229.00 47.00 0.00
-225.00 47.00 0.00
-221.00 47.00 0.00
-217.00 47.00 0.00
-213.00 47.00 0.00
-209.00 47.00 0.00
-205.00 47.00 0.00
-201.00 47.00 0.00
-197.00 47.00 0.00
-193.00 47.00 0.00
-189.00 47.00 0.00
-185.00 47.00 0.00
-181.00 47.00 0.00
-177.00 47.00 0.00
-173.00 47.00 0.00
-169.00 47.00 0.00
-165.00 47.00 0.00
-161.00 47.00 0.00
-157.00 47.00 0.00
-153.00 47.00 0.00
-149.00 47.00 0.00
-145.00 47.00 0.00
-141.00 47.00 0.00
-137.00 47.00 0.00
-133.00 47.00 0.00
-129.00 47.00 0.00
-125.00 47.00 0.00
-121.00 47.00 0.00
-117.00 47.00 0.00
-113.00 47.00 0.00
-109.00 47.00 0.00
-105.00 47.00 0.00
-101.00 47.00 0.00
-97.00 47.00 0.00
-93.00 47.00 0.00
-89.00 47.00 0.00
-85.00 47.00 0.00
-81.00 47.00 0.00
-77.00 47.00 0.00
-73.00 47.00 0.00
-69.00 47.00 0.00
-65.00 47.00 0.12
-61.00 47.00 0.18
-57.00 47.00 0.24
-53.00 47.00 0.32
-49.00 47.00 0.38
-45.00 47.00 0.40
-41.00 47.00 0.45
-37.00 47.00 0.47
-33.00 47.00 0.50
-29.00 47.00 0.50
-25.00 47.00 0.47
-21.00 47.00 0.47
-17.00 47.00 0.47
-13.00 47.00 0.47
-9.00 47.00 0.47
-5.00 47.00 0.47
-1.00 47.00 0.45
3.00 47.00 0.40
7.00 47.00 0.38
11.00 47.00 0.32
15.00 47.00 0.24
19.00 47.00 0.16
23.00 47.00 0.00
27.00 47.00 0.00
31.00 47.00 0.18
35.00 47.00 0.24
39.00 47.00 0.32
43.00 47.00 0.38
47.00 47.00 0.45
51.00 47.00 0.47
55.00 47.00 0.45
59.00 47.00 0.40
63.00 47.00 0.47
67.00 47.00 0.50
71.00 47.00 0.47
75.00 47.00 0.45
79.00 47.00 0.38
83.00 47.00 0.29
87.00 47.00 0.19
91.00 47.00 0.12
95.00 47.00 0.12
99.00 47.00 0.16
103.00 47.00 0.19
107.00 47.00 0.24
111.00 47.00 0.29
115.00 47.00 0.30
119.00 47.00 0.30
123.00 47.00 0.29
127.00 47.00 0.24
131.00 47.00 0.18
135.00 47.00 0.12
139.00 47.00 0.00
143.00 47.00 0.00
147.00 47.00 0.00
151.00 47.00 0.00
155.00 47.00 0.00
159.00 47.00 0.00
-357.00 51.00 0.00
-353.00 51.00 0.00
-349.00 51.00 0.00
-345.00 51.00 0.00
-341.00 51.00 0.00
-337.00 51.00 0.00
-333.00 51.00 0.00
-329.00 51.00 0.00
-325.00 51.00 0.00
-321.00 51.00 0.00
-317.00 51.00 0.00
-313.00 51.00 0.00
-309.00 51.00 0.00
-305.00 51.00 0.00
-301.00 51.00 0.00
-297.00 51.00 0.00
-293.00 51.00 0.00
-289.00 51.00 0.00
-285.00 51.00 0.00
-281.00 51.00 0.00
-277.00 51.00 0.00
-273.00 51.00 0.00
-269.00 51.00 0.00
-265.00 51.00 0.00
-261.00 51.00 0.00
-257.00 51.00 0.00
-253.00 51.00 0.00
-249.00 51.00 0.00
-245.00 51.00 0.00
-241.00 51.00 0.00
-237.00 51.00 0.00
-233.00 51.00 0.00
-229.00 51.00 0.00
-225.00 51.00 0.00
-221.00 51.00 0.00
-217.00 51.00 0.00
-213.00 51.00 0.00
-209.00 51.00 0.00
-205.00 51.00 0.00
-201.00 51.00 0.00
-197.00 51.00 0.00
-193.00 51.00 0.00
-189.00 51.00 0.00
-185.00 51.00 0.00
-181.00 51.00 0.00
-177.00 51.00 0.00
-173.00 51.00 0.00
-169.00 51.00 0.00
-165.00 51.00 0.00
-161.00 51.00 0.00
-157.00 51.00 0.00
-153.00 51.00 0.00
-149.00 51.00 0.00
-145.00 51.00 0.00
-141.00 51.00 0.00
-137.00 51.00 0.00
-133.00 51.00 0.00
-129.00 51.00 0.00
-125.00 51.00 0.00
-121.00 51.00 0.00
-117.00 51.00 0.00
-113.00 51.00 0.00
-109.00 51.00 0.00
-105.00 51.00 0.00
-101.00 51.00 0.00
-97.00 51.00 0.00
-93.00 51.00 0.00
-89.00 51.00 0.00
-85.00 51.00 0.00
-81.00 51.00 0.00
-77.00 51.00 0.00
-73.00 51.00 0.00
-69.00 51.00 0.00
-65.00 51.00 0.16
-61.00 51.00 0.24
-57.00 51.00 0.32
-53.00 51.00 0.38
-49.00 51.00 0.45
-45.00 51.00 0.47
-41.00 51.00 0.47
-37.00 51.00 0.50
-33.00 51.00 0.50
-29.00 51.00 0.47
-25.00 51.00 0.45
-21.00 51.00 0.40
-17.00 51.00 0.40
-13.00 51.00 0.40
-9.00 51.00 0.40
-5.00 51.00 0.40
-1.00 51.00 0.38
3.00 51.00 0.32
7.00 51.00 0.29
11.00 51.00 0.24
15.00 51.00 0.18
19.00 51.00 0.12
23.00 51.00 0.00
27.00 51.00 0.12
31.00 51.00 0.19
35.00 51.00 0.29
39.00 51.00 0.38
43.00 51.00 0.45
47.00 51.00 0.47
51.00 51.00 0.50
55.00 51.00 0.47
59.00 51.00 0.40
63.00 51.00 0.47
67.00 51.00 0.50
71.00 51.00 0.50
75.00 51.00 0.47
79.00 51.00 0.40
83.00 51.00 0.30
87.00 51.00 0.21
91.00 51.00 0.12
95.00 51.00 0.00
99.00 51.00 0.00
103.00 51.00 0.12
107.00 51.00 0.16
111.00 51.00 0.19
115.00 51.00 0.21
119.00 51.00 0.21
123.00 51.00 0.19
127.00 51.00 0.16
131.00 51.00 0.12
135.00 51.00 0.00
139.00 51.00 0.00
143.00 51.00 0.00
147.00 51.00 0.00
151.00 51.00 0.00
155.00 51.00 0.00
159.00 51.00 0.00
-357.00 55.00 0.00
-353.00 55.00 0.00
-349.00 55.00 0.00
-345.00 55.00 0.00
-341.00 55.00 0.00
-337.00 55.00 0.00
-333.00 55.00 0.00
-329.00 55.00 0.00
-325.00 55.00 0.00
-321.00 55.00 0.00
-317.00 55.00 0.00
-313.00 55.00 0.00
-309.00 55.00 0.00
-305.00 55.00 0.00
-301.00 55.00 0.00
-297.00 55.00 0.00
-293.00 55.00 0.00
-289.00 55.00 0.00
-285.00 55.00 0.00
-281.00 55.00 0.00
-277.00 55.00 0.00
-273.00 55.00 0.00
-269.00 55.00 0.00
-265.00 55.00 0.00
-261.00 55.00 0.00
-257.00 55.00 0.00
-253.00 55.00 0.00
-249.00 55.00 0.00
-245.00 55.00 0.00
-241.00 55.00 0.00
-237.00 55.00 0.00
-233.00 55.00 0.00
-229.00 55.00 0.00
-225.00 55.00 0.00
-221.00 55.00 0.00
-217.00 55.00 0.00
-213.00 55.00 0.00
-209.00 55.00 0.00
-205.00 55.00 0.00
-201.00 55.00 0.00
-197.00 55.00 0.00
-193.00 55.00 0.00
-189.00 55.00 0.00
-185.00 55.00 0.00
-181.00 55.00 0.00
-177.00 55.00 0.00
-173.00 55.00 0.00
-169.00 55.00 0.00
-165.00 55.00 0.00
-161.00 55.00 0.00
-157.00 55.00 0.00
-153.00 55.00 0.00
-149.00 55.00 0.00
-145.00 55.00 0.00
-141.00 55.00 0.00
-137.00 55.00 0.00
-133.00 55.00 0.00
-129.00 55.00 0.00
-125.00 55.00 0.00
-121.00 55.00 0.00
-117.00 55.00 0.00
-113.00 55.00 0.00
-109.00 55.00 0.00
-105.00 55.00 0.00
-101.00 55.00 0.00
-97.00 55.00 0.00
-93.00 55.00 0.00
-89.00 55.00 0.00
-85.00 55.00 0.00
-81.00 55.00 0.00
-77.00 55.00 0.00
-73.00 55.00 0.00
-69.00 55.00 0.12
-65.00 55.00 0.19
-61.00 55.00 0.29
-57.00 55.00 0.38
-53.00 55.00 0.45
-49.00 55.00 0.47
-45.00 55.00 0.50
-41.00 55.00 0.50
-37.00 55.00 0.47
-33.00 55.00 0.47
-29.00 55.00 0.45
-25.00 55.00 0.38
-21.00 55.00 0.32
-17.00 55.00 0.30
-13.00 55.00 0.30
-9.00 55.00 0.30
-5.00 55.00 0.30
-1.00 55.00 0.29
3.00 55.00 0.24
7.00 55.00 0.19
11.00 55.00 0.16
15.00 55.00 0.12
19.00 55.00 0.00
23.00 55.00 0.00
27.00 55.00 0.16
31.00 55.00 0.24
35.00 55.00 0.32
39.00 55.00 0.40
43.00 55.00 0.47
47.00 55.00 0.50
51.00 55.00 0.47
55.00 55.00 0.45
59.00 55.00 0.38
63.00 55.00 0.45
67.00 55.00 0.47
71.00 55.00 0.50
75.00 55.00 0.47
79.00 55.00 0.40
83.00 55.00 0.32
87.00 55.00 0.24
91.00 55.00 0.16
95.00 55.00 0.12
99.00 55.00 0.00
103.00 55.00 0.00
107.00 55.00 0.00
111.00 55.00 0.12
115.00 55.00 0.12
119.00 55.00 0.12
123.00 55.00 0.12
127.00 55.00 0.00
131.00 55.00 0.00
135.00 55.00 0.00
139.00 55.00 0.00
143.00 55.00 0.00
147.00 55.00 0.00
151.00 55.00 0.00
155.00 55.00 0.00
159.00 55.00 0.00
-357.00 59.00 0.00
-353.00 59.00 0.00
-349.00 59.00 0.00
-345.00 59.00 0.00
-341.00 59.00 0.00
-337.00 59.00 0.00
-333.00 59.00 0.00
-329.00 59.00 0.00
-325.00 59.00 0.00
-321.00 59.00 0.00
-317.00 59.00 0.00
-313.00 59.00 0.00
-309.00 59.00 0.00
-305.00 59.00 0.00
-301.00 59.00 0.00
-297.00 59.00 0.00
-293.00 59.00 0.00
-289.00 59.00 0.00
-285.00 59.00 0.00
-281.00 59.00 0.00
-277.00 59.00 0.00
-273.00 59.00 0.00
-269.00 59.00 0.00
-265.00 59.00 0.00
-261.00 59.00 0.00
-257.00 59.00 0.00
-253.00 59.00 0.00
-249.00 59.00 0.00
-245.00 59.00 0.00
-241.00 59.00 0.00
-237.00 59.00 0.00
-233.00 59.00 0.00
-229.00 59.00 0.00
-225.00 59.00 0.00
-221.00 59.00 0.00
-217.00 59.00 0.00
-213.00 59.00 0.00
-209.00 59.00 0.00
-205.00 59.00 0.00
-201.00 59.00 0.00
-197.00 59.00 0.00
-193.00 59.00 0.00
-189.00 59.00 0.00
-185.00 59.00 0.00
-181.00 59.00 0.00
-177.00 59.00 0.00
-173.00 59.00 0.00
-169.00 59.00 0.00
-165.00 59.00 0.00
-161.00 59.00 0.00
-157.00 59.00 0.00
-153.00 59.00 0.00
-149.00 59.00 0.00
-145.00 59.00 0.00
-141.00 59.00 0.00
-137.00 59.00 0.00
-133.00 59.00 0.00
-129.00 59.00 0.00
-125.00 59.00 0.00
-121.00 59.00 0.00
-117.00 59.00 0.00
-113.00 59.00 0.00
-109.00 59.00 0.00
-105.00 59.00 0.00
-101.00 59.00 0.00
-97.00 59.00 0.00
-93.00 59.00 0.00
-89.00 59.00 0.00
-85.00 59.00 0.00
-81.00 59.00 0.00
-77.00 59.00 0.00
-73.00 59.00 0.00
-69.00 59.00 0.16
-65.00 59.00 0.24
-61.00 59.00 0.32
-57.00 59.00 0.40
-53.00 59.00 0.47
-49.00 59.00 0.50
-45.00 59.00 0.50
-41.00 59.00 0.47
-37.00 59.00 0.45
-33.00 59.00 0.40
-29.00 59.00 0.38
-25.00 59.00 0.32
-21.00 59.00 0.24
-17.00 59.00 0.21
-13.00 59.00 0.21
-9.00 59.00 0.21
-5.00 59.00 0.21
-1.00 59.00 0.19
3.00 59.00 0.16
7.00 59.00 0.12
11.00 59.00 0.00
15.00 59.00 0.00
19.00 59.00 0.00
23.00 59.00 0.12
27.00 59.00 0.19
31.00 59.00 0.29
35.00 59.00 0.38
39.00 59.00 0.45
43.00 59.00 0.47
47.00 59.00 0.50
51.00 59.00 0.47
55.00 59.00 0.40
59.00 59.00 0.32
63.00 59.00 0.40
67.00 59.00 0.47
71.00 59.00 0.50
75.00 59.00 0.47
79.00 59.00 0.45
83.00 59.00 0.38
87.00 59.00 0.29
91.00 59.00 0.24
95.00 59.00 0.18
99.00 59.00 0.12
103.00 59.00 0.00
107.00 59.00 0.00
111.00 59.00 0.00
115.00 59.00 0.00
119.00 59.00 0.00
123.00 59.00 0.00
127.00 59.00 0.00
131.00 59.00 0.00
135.00 59.00 0.00
139.00 59.00 0.00
143.00 59.00 0.00
147.00 59.00 0.00
151.00 59.00 0.00
155.00 59.00 0.00
159.00 59.00 0.00
-357.00 63.00 0.00
-353.00 63.00 0.00
-349.00 63.00 0.00
-345.00 63.00 0.00
-341.00 63.00 0.00
-337.00 63.00 0.00
-333.00 63.00 0.00
-329.00 63.00 0.00
-325.00 63.00 0.00
-321.00 63.00 0.00
-317.00 63.00 0.00
-313.00 63.00 0.00
-309.00 63.00 0.00
-305.00 63.00 0.00
-301.00 63.00 0.00
-297.00 63.00 0.00
-293.00 63.00 0.00
-289.00 63.00 0.00
-285.00 63.00 0.00
-281.00 63.00 0.00
-277.00 63.00 0.00
-273.00 63.00 0.00
-269.00 63.00 0.00
-265.00 63.00 0.00
-261.00 63.00 0.00
-257.00 63.00 0.00
-253.00 63.00 0.00
-249.00 63.00 0.00
-245.00 63.00 0.00
-241.00 63.00 0.00
-237.00 63.00 0.00
-233.00 63.00 0.00
-229.00 63.00 0.00
-225.00 63.00 0.00
-221.00 63.00 0.00
-217.00 63.00 0.00
-213.00 63.00 0.00
-209.00 63.00 0.00
-205.00 63.00 0.00
-201.00 63.00 0.00
-197.00 63.00 0.00
-193.00 63.00 0.00
-189.00 63.00 0.00
-185.00 63.00 0.00
-181.00 63.00 0.00
-177.00 63.00 0.00
-173.00 63.00 0.00
-169.00 63.00 0.00
-165.00 63.00 0.00
-161.00 63.00 0.00
-157.00 63.00 0.00
-153.00 63.00 0.00
-149.00 63.00 0.00
-145.00 63.00 0.00
-141.00 63.00 0.00
-137.00 63.00 0.00
-133.00 63.00 0.00
-129.00 63.00 0.00
-125.00 63.00 0.00
-121.00 63.00 0.00
-117.00 63.00 0.00
-113.00 63.00 0.00
-109.00 63.00 0.00
-105.00 63.00 0.00
-101.00 63.00 0.00
-97.00 63.00 0.00
-93.00 63.00 0.00
-89.00 63.00 0.00
-85.00 63.00 0.00
-81.00 63.00 0.00
-77.00 63.00 0.00
-73.00 63.00 0.12
-69.00 63.00 0.19
-65.00 63.00 0.29
-61.00 63.00 0.38
-57.00 63.00 0.45
-53.00 63.00 0.47
-49.00 63.00 0.50
-45.00 63.00 0.47
-41.00 63.00 0.45
-37.00 63.00 0.38
-33.00 63.00 0.32
-29.00 63.00 0.29
-25.00 63.00 0.24
-21.00 63.00 0.18
-17.00 63.00 0.12
-13.00 63.00 0.12
-9.00 63.00 0.12
-5.00 63.00 0.12
-1.00 63.00 0.12
3.00 63.00 0.00
7.00 63.00 0.00
11.00 63.00 0.00
15.00 63.00 0.00
19.00 63.00 0.00
23.00 63.00 0.12
27.00 63.00 0.21
31.00 63.00 0.30
35.00 63.00 0.40
39.00 63.00 0.47
43.00 63.00 0.50
47.00 63.00 0.50
51.00 63.00 0.47
55.00 63.00 0.40
59.00 63.00 0.30
63.00 63.00 0.38
67.00 63.00 0.45
71.00 63.00 0.47
75.00 63.00 0.50
79.00 63.00 0.47
83.00 63.00 0.40
87.00 63.00 0.38
91.00 63.00 0.32
95.00 63.00 0.24
99.00 63.00 0.19
103.00 63.00 0.16
107.00 63.00 0.12
111.00 63.00 0.00
115.00 63.00 0.00
119.00 63.00 0.00
123.00 63.00 0.00
127.00 63.00 0.00
131.00 63.00 0.00
135.00 63.00 0.00
139.00 63.00 0.00
143.00 63.00 0.00
147.00 63.00 0.00
151.00 63.00 0.00
155.00 63.00 0.00
159.00 63.00 0.00
-357.00 67.00 0.00
-353.00 67.00 0.00
-349.00 67.00 0.00
-345.00 67.00 0.00
-341.00 67.00 0.00
-337.00 67.00 0.00
-333.00 67.00 0.00
-329.00 67.00 0.00
-325.00 67.00 0.00
-321.00 67.00 0.00
-317.00 67.00 0.00
-313.00 67.00 0.00
-309.00 67.00 0.00
-305.00 67.00 0.00
-301.00 67.00 0.00
-297.00 67.00 0.00
-293.00 67.00 0.00
-289.00 67.00 0.00
-285.00 67.00 0.00
-281.00 67.00 0.00
-277.00 67.00 0.00
-273.00 67.00 0.00
-269.00 67.00 0.00
-265.00 67.00 0.00
-261.00 67.00 0.00
-257.00 67.00 0.00
-253.00 67.00 0.00
-249.00 67.00 0.00
-245.00 67.00 0.00
-241.00 67.00 0.00
-237.00 67.00 0.00
-233.00 67.00 0.00
-229.00 67.00 0.00
-225.00 67.00 0.00
-221.00 67.00 0.00
-217.00 67.00 0.00
-213.00 67.00 0.00
-209.00 67.00 0.00
-205.00 67.00 0.00
-201.00 67.00 0.00
-197.00 67.00 0.00
-193.00 67.00 0.00
-189.00 67.00 0.00
-185.00 67.00 0.00
-181.00 67.00 0.00
-177.00 67.00 0.00
-173.00 67.00 0.00
-169.00 67.00 0.00
-165.00 67.00 0.00
-161.00 67.00 0.00
-157.00 67.00 0.00
-153.00 67.00 0.00
-149.00 67.00 0.00
-145.00 67.00 0.00
-141.00 67.00 0.00
-137.00 67.00 0.00
-133.00 67.00 0.00
-129.00 67.00 0.00
-125.00 67.00 0.00
-121.00 67.00 0.00
-117.00 67.00 0.00
-113.00 67.00 0.00
-109.00 67.00 0.00
-105.00 67.00 0.00
-101.00 67.00 0.00
-97.00 67.00 0.00
-93.00 67.00 0.00
-89.00 67.00 0.00
-85.00 67.00 0.00
-81.00 67.00 0.00
-77.00 67.00 0.00
-73.00 67.00 0.16
-69.00 67.00 0.24
-65.00 67.00 0.32
-61.00 67.00 0.40
-57.00 67.00 0.47
-53.00 67.00 0.50
-49.00 67.00 0.50
-45.00 67.00 0.47
-41.00 67.00 0.40
-37.00 67.00 0.32
-33.00 67.00 0.24
-29.00 67.00 0.19
-25.00 67.00 0.16
-21.00 67.00 0.12
-17.00 67.00 0.00
-13.00 67.00 0.00
-9.00 67.00 0.00
-5.00 67.00 0.00
-1.00 67.00 0.00
3.00 67.00 0.00
7.00 67.00 0.00
11.00 67.00 0.00
15.00 67.00 0.00
19.00 67.00 0.00
23.00 67.00 0.12
27.00 67.00 0.21
31.00 67.00 0.30
35.00 67.00 0.40
39.00 67.00 0.47
43.00 67.00 0.50
47.00 67.00 0.47
51.00 67.00 0.45
55.00 67.00 0.38
59.00 67.00 0.29
63.00 67.00 0.32
67.00 67.00 0.40
71.00 67.00 0.47
75.00 67.00 0.50
79.00 67.00 0.47
83.00 67.00 0.47
87.00 67.00 0.45
91.00 67.00 0.38
95.00 67.00 0.32
99.00 67.00 0.29
103.00 67.00 0.24
107.00 67.00 0.18
111.00 67.00 0.12
115.00 67.00 0.00
119.00 67.00 0.00
123.00 67.00 0.00
127.00 67.00 0.00
131.00 67.00 0.00
135.00 67.00 0.00
139.00 67.00 0.00
143.00 67.00 0.00
147.00 67.00 0.00
151.00 67.00 0.00
155.00 67.00 0.00
159.00 67.00 0.00
-357.00 71.00 0.00
-353.00 71.00 0.00
-349.00 71.00 0.00
-345.00 71.00 0.00
-341.00 71.00 0.00
-337.00 71.00 0.00
-333.00 71.00 0.00
-329.00 71.00 0.00
-325.00 71.00 0.00
-321.00 71.00 0.00
-317.00 71.00 0.00
-313.00 71.00 0.00
-309.00 71.00 0.00
-305.00 71.00 0.00
-301.00 71.00 0.00
-297.00 71.00 0.00
-293.00 71.00 0.00
-289.00 71.00 0.00
-285.00 71.00 0.00
-281.00 71.00 0.00
-277.00 71.00 0.00
-273.00 71.00 0.00
-269.00 71.00 0.00
-265.00 71.00 0.00
-261.00 71.00 0.00
-257.00 71.00 0.00
-253.00 71.00 0.00
-249.00 71.00 0.00
-245.00 71.00 0.00
-241.00 71.00 0.00
-237.00 71.00 0.00
-233.00 71.00 0.00
-229.00 71.00 0.00
-225.00 71.00 0.00
-221.00 71.00 0.00
-217.00 71.00 0.00
-213.00 71.00 0.00
-209.00 71.00 0.00
-205.00 71.00 0.00
-201.00 71.00 0.00
-197.00 71.00 0.00
-193.00 71.00 0.00
-189.00 71.00 0.00
-185.00 71.00 0.00
-181.00 71.00 0.00
-177.00 71.00 0.00
-173.00 71.00 0.00
-169.00 71.00 0.00
-165.00 71.00 0.00
-161.00 71.00 0.00
-157.00 71.00 0.00
-153.00 71.00 0.00
-149.00 71.00 0.00
-145.00 71.00 0.00
-141.00 71.00 0.00
-137.00 71.00 0.00
-133.00 71.00 0.00
-129.00 71.00 0.00
-125.00 71.00 0.00
-121.00 71.00 0.00
-117.00 71.00 0.00
-113.00 71.00 0.00
-109.00 71.00 0.00
-105.00 71.00 0.00
-101.00 71.00 0.00
-97.00 71.00 0.00
-93.00 71.00 0.00
-89.00 71.00 0.00
-85.00 71.00 0.00
-81.00 71.00 0.00
-77.00 71.00 0.12
-73.00 71.00 0.19
-69.00 71.00 0.29
-65.00 71.00 0.38
-61.00 71.00 0.45
-57.00 71.00 0.47
-53.00 71.00 0.50
-49.00 71.00 0.47
-45.00 71.00 0.45
-41.00 71.00 0.38
-37.00 71.00 0.29
-33.00 71.00 0.19
-29.00 71.00 0.12
-25.00 71.00 0.00
-21.00 71.00 0.00
-17.00 71.00 0.00
-13.00 71.00 0.00
-9.00 71.00 0.00
-5.00 71.00 0.00
-1.00 71.00 0.00
3.00 71.00 0.00
7.00 71.00 0.00
11.00 71.00 0.00
15.00 71.00 0.00
19.00 71.00 0.00
23.00 71.00 0.12
27.00 71.00 0.21
31.00 71.00 0.30
35.00 71.00 0.40
39.00 71.00 0.47
43.00 71.00 0.50
47.00 71.00 0.47
51.00 71.00 0.40
55.00 71.00 0.32
59.00 71.00 0.24
63.00 71.00 0.29
67.00 71.00 0.38
71.00 71.00 0.45
75.00 71.00 0.47
79.00 71.00 0.50
83.00 71.00 0.50
87.00 71.00 0.47
91.00 71.00 0.45
95.00 71.00 0.40
99.00 71.00 0.38
103.00 71.00 0.32
107.00 71.00 0.24
111.00 71.00 0.18
115.00 71.00 0.12
119.00 71.00 0.00
123.00 71.00 0.00
127.00 71.00 0.00
131.00 71.00 0.00
135.00 71.00 0.00
139.00 71.00 0.00
143.00 71.00 0.00
147.00 71.00 0.00
151.00 71.00 0.00
155.00 71.00 0.00
159.00 71.00 0.00
-357.00 75.00 0.00
-353.00 75.00 0.00
-349.00 75.00 0.00
-345.00 75.00 0.00
-341.00 75.00 0.00
-337.00 75.00 0.00
-333.00 75.00 0.00
-329.00 75.00 0.00
-325.00 75.00 0.00
-321.00 75.00 0.00
-317.00 75.00 0.00
-313.00 75.00 0.00
-309.00 75.00 0.00
-305.00 75.00 0.00
-301.00 75.00 0.00
-297.00 75.00 0.00
-293.00 75.00 0.00
-289.00 75.00 0.00
-285.00 75.00 0.00
-281.00 75.00 0.00
-277.00 75.00 0.00
-273.00 75.00 0.00
-269.00 75.00 0.00
-265.00 75.00 0.00
-261.00 75.00 0.00
-257.00 75.00 0.00
-253.00 75.00 0.00
-249.00 75.00 0.00
-245.00 75.00 0.00
-241.00 75.00 0.00
-237.00 75.00 0.00
-233.00 75.00 0.00
-229.00 75.00 0.00
-225.00 75.00 0.00
-221.00 75.00 0.00
-217.00 75.00 0.00
-213.00 75.00 0.00
-209.00 75.00 0.00
-205.00 75.00 0.00
-201.00 75.00 0.00
-197.00 75.00 0.00
-193.00 75.00 0.00
-189.00 75.00 0.00
-185.00 75.00 0.00
-181.00 75.00 0.00
-177.00 75.00 0.00
-173.00 75.00 0.00
-169.00 75.00 0.00
-165.00 75.00 0.00
-161.00 75.00 0.00
-157.00 75.00 0.00
-153.00 75.00 0.00
-149.00 75.00 0.00
-145.00 75.00 0.00
-141.00 75.00 0.00
-137.00 75.00 0.00
-133.00 75.00 0.00
-129.00 75.00 0.00
-125.00 75.00 0.00
-121.00 75.00 0.00
-117.00 75.00 0.00
-113.00 75.00 0.00
-109.00 75.00 0.00
-105.00 75.00 0.00
-101.00 75.00 0.00
-97.00 75.00 0.00
-93.00 75.00 0.00
-89.00 75.00 0.00
-85.00 75.00 0.00
-81.00 75.00 0.12
-77.00 75.00 0.18
-73.00 75.00 0.24
-69.00 75.00 0.32
-65.00 75.00 0.40
-61.00 75.00 0.47
-57.00 75.00 0.50
-53.00 75.00 0.47
-49.00 75.00 0.45
-45.00 75.00 0.38
-41.00 75.00 0.32
-37.00 75.00 0.24
-33.00 75.00 0.16
-29.00 75.00 0.00
-25.00 75.00 0.00
-21.00 75.00 0.00
-17.00 75.00 0.00
-13.00 75.00 0.00
-9.00 75.00 0.00
-5.00 75.00 0.00
-1.00 75.00 0.00
3.00 75.00 0.00
7.00 75.00 0.00
11.00 75.00 0.00
15.00 75.00 0.00
19.00 75.00 0.12
23.00 75.00 0.16
27.00 75.00 0.21
31.00 75.00 0.30
35.00 75.00 0.40
39.00 75.00 0.47
43.00 75.00 0.50
47.00 75.00 0.47
51.00 75.00 0.40
55.00 75.00 0.32
59.00 75.00 0.24
63.00 75.00 0.30
67.00 75.00 0.40
71.00 75.00 0.47
75.00 75.00 0.50
79.00 75.00 0.47
83.00 75.00 0.50
87.00 75.00 0.50
91.00 75.00 0.47
95.00 75.00 0.47
99.00 75.00 0.45
103.00 75.00 0.38
107.00 75.00 0.32
111.00 75.00 0.24
115.00 75.00 0.18
119.00 75.00 0.12
123.00 75.00 0.00
127.00 75.00 0.00
131.00 75.00 0.00
135.00 75.00 0.00
139.00 75.00 0.00
143.00 75.00 0.00
147.00 75.00 0.00
151.00 75.00 0.00
155.00 75.00 0.00
159.00 75.00 0.00
-357.00 79.00 0.00
-353.00 79.00 0.00
-349.00 79.00 0.00
-345.00 79.00 0.00
-341.00 79.00 0.00
-337.00 79.00 0.00
-333.00 79.00 0.00
-329.00 79.00 0.00
-325.00 79.00 0.00
-321.00 79.00 0.00
-317.00 79.00 0.00
-313.00 79.00 0.00
-309.00 79.00 0.00
-305.00 79.00 0.00
-301.00 79.00 0.00
-297.00 79.00 0.00
-293.00 79.00 0.00
-289.00 79.00 0.00
-285.00 79.00 0.00
-281.00 79.00 0.00
-277.00 79.00 0.00
-273.00 79.00 0.00
-269.00 79.00 0.00
-265.00 79.00 0.00
-261.00 79.00 0.00
-257.00 79.00 0.00
-253.00 79.00 0.00
-249.00 79.00 0.00
-245.00 79.00 0.00
-241.00 79.00 0.00
-237.00 79.00 0.00
-233.00 79.00 0.00
-229.00 79.00 0.00
-225.00 79.00 0.00
-221.00 79.00 0.00
-217.00 79.00 0.00
-213.00 79.00 0.00
-209.00 79.00 0.00
-205.00 79.00 0.00
-201.00 79.00 0.00
-197.00 79.00 0.00
-193.00 79.00 0.00
-189.00 79.00 0.00
-185.00 79.00 0.00
-181.00 79.00 0.00
-177.00 79.00 0.00
-173.00 79.00 0.00
-169.00 79.00 0.00
-165.00 79.00 0.00
-161.00 79.00 0.00
-157.00 79.00 0.00
-153.00 79.00 0.00
-149.00 79.00 0.00
-145.00 79.00 0.00
-141.00 79.00 0.00
-137.00 79.00 0.00
-133.00 79.00 0.00
-129.00 79.00 0.00
-125.00 79.00 0.00
-121.00 79.00 0.00
-117.00 79.00 0.00
-113.00 79.00 0.00
-109.00 79.00 0.00
-105.00 79.00 0.00
-101.00 79.00 0.00
-97.00 79.00 0.00
-93.00 79.00 0.00
-89.00 79.00 0.12
-85.00 79.00 0.16
-81.00 79.00 0.19
-77.00 79.00 0.24
-73.00 79.00 0.32
-69.00 79.00 0.38
-65.00 79.00 0.45
-61.00 79.00 0.47
-57.00 79.00 0.50
-53.00 79.00 0.47
-49.00 79.00 0.40
-45.00 79.00 0.32
-41.00 79.00 0.24
-37.00 79.00 0.18
-33.00 79.00 0.12
-29.00 79.00 0.00
-25.00 79.00 0.00
-21.00 79.00 0.00
-17.00 79.00 0.00
-13.00 79.00 0.00
-9.00 79.00 0.00
-5.00 79.00 0.00
-1.00 79.00 0.00
3.00 79.00 0.00
7.00 79.00 0.00
11.00 79.00 0.00
15.00 79.00 0.12
19.00 79.00 0.18
23.00 79.00 0.24
27.00 79.00 0.29
31.00 79.00 0.32
35.00 79.00 0.40
39.00 79.00 0.47
43.00 79.00 0.50
47.00 79.00 0.47
51.00 79.00 0.45
55.00 79.00 0.38
59.00 79.00 0.29
63.00 79.00 0.29
67.00 79.00 0.38
71.00 79.00 0.45
75.00 79.00 0.47
79.00 79.00 0.45
83.00 79.00 0.47
87.00 79.00 0.47
91.00 79.00 0.50
95.00 79.00 0.50
99.00 79.00 0.47
103.00 79.00 0.45
107.00 79.00 0.38
111.00 79.00 0.32
115.00 79.00 0.24
119.00 79.00 0.18
123.00 79.00 0.12
127.00 79.00 0.00
131.00 79.00 0.00
135.00 79.00 0.00
139.00 79.00 0.00
143.00 79.00 0.00
147.00 79.00 0.00
151.00 79.00 0.00
155.00 79.00 0.00
159.00 79.00 0.00
-357.00 83.00 0.00
-353.00 83.00 0.00
-349.00 83.00 0.00
-345.00 83.00 0.00
-341.00 83.00 0.00
-337.00 83.00 0.00
-333.00 83.00 0.00
-329.00 83.00 0.00
-325.00 83.00 0.00
-321.00 83.00 0.00
-317.00 83.00 0.00
-313.00 83.00 0.00
-309.00 83.00 0.00
-305.00 83.00 0.00
-301.00 83.00 0.00
-297.00 83.00 0.00
-293.00 83.00 0.00
-289.00 83.00 0.00
-285.00 83.00 0.00
-281.00 83.00 0.00
-277.00 83.00 0.00
-273.00 83.00 0.00
-269.00 83.00 0.00
-265.00 83.00 0.00
-261.00 83.00 0.00
-257.00 83.00 0.00
-253.00 83.00 0.00
-249.00 83.00 0.00
-245.00 83.00 0.00
-241.00 83.00 0.00
-237.00 83.00 0.00
-233.00 83.00 0.00
-229.00 83.00 0.00
-225.00 83.00 0.00
-221.00 83.00 0.00
-217.00 83.00 0.00
-213.00 83.00 0.00
-209.00 83.00 0.00
-205.00 83.00 0.00
-201.00 83.00 0.00
-197.00 83.00 0.00
-193.00 83.00 0.00
-189.00 83.00 0.00
-185.00 83.00 0.00
-181.00 83.00 0.00
-177.00 83.00 0.00
-173.00 83.00 0.00
-169.00 83.00 0.00
-165.00 83.00 0.00
-161.00 83.00 0.00
-157.00 83.00 0.00
-153.00 83.00 0.00
-149.00 83.00 0.00
-145.00 83.00 0.00
-141.00 83.00 0.00
-137.00 83.00 0.00
-133.00 83.00 0.00
-129.00 83.00 0.00
-125.00 83.00 0.00
-121.00 83.00 0.00
-117.00 83.00 0.00
-113.00 83.00 0.00
-109.00 83.00 0.00
-105.00 83.00 0.00
-101.00 83.00 0.00
-97.00 83.00 0.00
-93.00 83.00 0.12
-89.00 83.00 0.18
-85.00 83.00 0.24
-81.00 83.00 0.29
-77.00 83.00 0.32
-73.00 83.00 0.38
-69.00 83.00 0.45
-65.00 83.00 0.47
-61.00 83.00 0.50
-57.00 83.00 0.47
-53.00 83.00 0.45
-49.00 83.00 0.38
-45.00 83.00 0.29
-41.00 83.00 0.19
-37.00 83.00 0.12
-33.00 83.00 0.00
-29.00 83.00 0.00
-25.00 83.00 0.00
-21.00 83.00 0.00
-17.00 83.00 0.00
-13.00 83.00 0.00
-9.00 83.00 0.00
-5.00 83.00 0.00
-1.00 83.00 0.00
3.00 83.00 0.00
7.00 83.00 0.12
11.00 83.00 0.16
15.00 83.00 0.19
19.00 83.00 0.24
23.00 83.00 0.32
27.00 83.00 0.38
31.00 83.00 0.40
35.00 83.00 0.45
39.00 83.00 0.47
43.00 83.00 0.50
47.00 83.00 0.50
51.00 83.00 0.47
55.00 83.00 0.40
59.00 83.00 0.30
63.00 83.00 0.24
67.00 83.00 0.32
71.00 83.00 0.38
75.00 83.00 0.40
79.00 83.00 0.38
83.00 83.00 0.40
87.00 83.00 0.45
91.00 83.00 0.47
95.00 83.00 0.50
99.00 83.00 0.50
103.00 83.00 0.47
107.00 83.00 0.45
111.00 83.00 0.38
115.00 83.00 0.32
119.00 83.00 0.24
123.00 83.00 0.18
127.00 83.00 0.12
131.00 83.00 0.00
135.00 83.00 0.00
139.00 83.00 0.00
143.00 83.00 0.00
147.00 83.00 0.00
151.00 83.00 0.00
155.00 83.00 0.00
159.00 83.00 0.00
-357.00 87.00 0.00
-353.00 87.00 0.00
-349.00 87.00 0.00
-345.00 87.00 0.00
-341.00 87.00 0.00
-337.00 87.00 0.00
-333.00 87.00 0.00
-329.00 87.00 0.00
-325.00 87.00 0.00
-321.00 87.00 0.00
-317.00 87.00 0.00
-313.00 87.00 0.00
-309.00 87.00 0.00
-305.00 87.00 0.00
-301.00 87.00 0.00
-297.00 87.00 0.00
-293.00 87.00 0.00
-289.00 87.00 0.00
-285.00 87.00 0.00
-281.00 87.00 0.00
-277.00 87.00 0.00
-273.00 87.00 0.00
-269.00 87.00 0.00
-265.00 87.00 0.00
-261.00 87.00 0.00
-257.00 87.00 0.00
-253.00 87.00 0.00
-249.00 87.00 0.00
-245.00 87.00 0.00
-241.00 87.00 0.00
-237.00 87.00 0.00
-233.00 87.00 0.00
-229.00 87.00 0.00
-225.00 87.00 0.00
-221.00 87.00 0.00
-217.00 87.00 0.00
-213.00 87.00 0.00
-209.00 87.00 0.00
-205.00 87.00 0.00
-201.00 87.00 0.00
-197.00 87.00 0.00
-193.00 87.00 0.00
-189.00 87.00 0.00
-185.00 87.00 0.00
-181.00 87.00 0.00
-177.00 87.00 0.00
-173.00 87.00 0.00
-169.00 87.00 0.00
-165.00 87.00 0.00
-161.00 87.00 0.00
-157.00 87.00 0.00
-153.00 87.00 0.00
-149.00 87.00 0.00
-145.00 87.00 0.00
-141.00 87.00 0.00
-137.00 87.00 0.00
-133.00 87.00 0.00
-129.00 87.00 0.00
-125.00 87.00 0.00
-121.00 87.00 0.00
-117.00 87.00 0.00
-113.00 87.00 0.00
-109.00 87.00 0.00
-105.00 87.00 0.00
-101.00 87.00 0.12
-97.00 87.00 0.16
-93.00 87.00 0.19
-89.00 87.00 0.24
-85.00 87.00 0.32
-81.00 87.00 0.38
-77.00 87.00 0.40
-73.00 87.00 0.45
-69.00 87.00 0.47
-65.00 87.00 0.50
-61.00 87.00 0.50
-57.00 87.00 0.47
-53.00 87.00 0.40
-49.00 87.00 0.32
-45.00 87.00 0.24
-41.00 87.00 0.16
-37.00 87.00 0.00
-33.00 87.00 0.00
-29.00 87.00 0.00
-25.00 87.00 0.00
-21.00 87.00 0.00
-17.00 87.00 0.00
-13.00 87.00 0.00
-9.00 87.00 0.00
-5.00 87.00 0.00
-1.00 87.00 0.12
3.00 87.00 0.16
7.00 87.00 0.19
11.00 87.00 0.24
15.00 87.00 0.29
19.00 87.00 0.32
23.00 87.00 0.38
27.00 87.00 0.45
31.00 87.00 0.47
35.00 87.00 0.47
39.00 87.00 0.50
43.00 87.00 0.50
47.00 87.00 0.50
51.00 87.00 0.47
55.00 87.00 0.40
59.00 87.00 0.30
63.00 87.00 0.21
67.00 87.00 0.24
71.00 87.00 0.29
75.00 87.00 0.30
79.00 87.00 0.32
83.00 87.00 0.38
87.00 87.00 0.45
91.00 87.00 0.47
95.00 87.00 0.50
99.00 87.00 0.47
103.00 87.00 0.50
107.00 87.00 0.47
111.00 87.00 0.45
115.00 87.00 0.38
119.00 87.00 0.32
123.00 87.00 0.24
127.00 87.00 0.18
131.00 87.00 0.12
135.00 87.00 0.00
139.00 87.00 0.00
143.00 87.00 0.00
147.00 87.00 0.00
151.00 87.00 0.00
155.00 87.00 0.00
159.00 87.00 0.00
-357.00 91.00 0.00
-353.00 91.00 0.00
-349.00 91.00 0.00
-345.00 91.00 0.00
-341.00 91.00 0.00
-337.00 91.00 0.00
-333.00 91.00 0.00
-329.00 91.00 0.00
-325.00 91.00 0.00
-321.00 91.00 0.00
-317.00 91.00 0.00
-313.00 91.00 0.00
-309.00 91.00 0.00
-305.00 91.00 0.00
-301.00 91.00 0.00
-297.00 91.00 0.00
-293.00 91.00 0.00
-289.00 91.00 0.00
-285.00 91.00 0.00
-281.00 91.00 0.00
-277.00 91.00 0.00
-273.00 91.00 0.00
-269.00 91.00 0.00
-265.00 91.00 0.00
-261.00 91.00 0.00
-257.00 91.00 0.00
-253.00 91.00 0.00
-249.00 91.00 0.00
-245.00 91.00 0.00
-241.00 91.00 0.00
-237.00 91.00 0.00
-233.00 91.00 0.00
-229.00 91.00 0.00
-225.00 91.00 0.00
-221.00 91.00 0.00
-217.00 91.00 0.00
-213.00 91.00 0.00
-209.00 91.00 0.00
-205.00 91.00 0.00
-201.00 91.00 0.00
-197.00 91.00 0.00
-193.00 91.00 0.00
-189.00 91.00 0.00
-185.00 91.00 0.00
-181.00 91.00 0.00
-177.00 91.00 0.00
-173.00 91.00 0.00
-169.00 91.00 0.00
-165.00 91.00 0.00
-161.00 91.00 0.00
-157.00 91.00 0.00
-153.00 91.00 0.00
-149.00 91.00 0.00
-145.00 91.00 0.00
-141.00 91.00 0.00
-137.00 91.00 0.00
-133.00 91.00 0.00
-129.00 91.00 0.00
-125.00 91.00 0.00
-121.00 91.00 0.00
-117.00 91.00 0.00
-113.00 91.00 0.00
-109.00 91.00 0.00
-105.00 91.00 0.12
-101.00 91.00 0.18
-97.00 91.00 0.24
-93.00 91.00 0.29
-89.00 91.00 0.32
-85.00 91.00 0.38
-81.00 91.00 0.45
-77.00 91.00 0.47
-73.00 91.00 0.47
-69.00 91.00 0.50
-65.00 91.00 0.47
-61.00 91.00 0.47
-57.00 91.00 0.45
-53.00 91.00 0.38
-49.00 91.00 0.29
-45.00 91.00 0.19
-41.00 91.00 0.12
-37.00 91.00 0.00
-33.00 91.00 0.00
-29.00 91.00 0.00
-25.00 91.00 0.00
-21.00 91.00 0.00
-17.00 91.00 0.00
-13.00 91.00 0.00
-9.00 91.00 0.00
-5.00 91.00 0.12
-1.00 91.00 0.18
3.00 91.00 0.24
7.00 91.00 0.29
11.00 91.00 0.32
15.00 91.00 0.38
19.00 91.00 0.40
23.00 91.00 0.45
27.00 91.00 0.47
31.00 91.00 0.50
35.00 91.00 0.50
39.00 91.00 0.50
43.00 91.00 0.47
47.00 91.00 0.47
51.00 91.00 0.45
55.00 91.00 0.38
59.00 91.00 0.29
63.00 91.00 0.19
67.00 91.00 0.16
71.00 91.00 0.19
75.00 91.00 0.29
79.00 91.00 0.38
83.00 91.00 0.45
87.00 91.00 0.47
91.00 91.00 0.50
95.00 91.00 0.47
99.00 91.00 0.45
103.00 91.00 0.47
107.00 91.00 0.50
111.00 91.00 0.47
115.00 91.00 0.45
119.00 91.00 0.38
123.00 91.00 0.32
127.00 91.00 0.24
131.00 91.00 0.18
135.00 91.00 0.12
139.00 91.00 0.00
143.00 91.00 0.00
147.00 91.00 0.00
151.00 91.00 0.00
155.00 91.00 0.00
159.00 91.00 0.00
-357.00 95.00 0.00
-353.00 95.00 0.00
-349.00 95.00 0.00
-345.00 95.00 0.00
-341.00 95.00 0.00
-337.00 95.00 0.00
-333.00 95.00 0.00
-329.00 95.00 0.00
-325.00 95.00 0.00
-321.00 95.00 0.00
-317.00 95.00 0.00
-313.00 95.00 0.00
-309.00 95.00 0.00
-305.00 95.00 0.00
-301.00 95.00 0.00
-297.00 95.00 0.00
-293.00 95.00 0.00
-289.00 95.00 0.00
-285.00 95.00 0.00
-281.00 95.00 0.00
-277.00 95.00 0.00
-273.00 95.00 0.00
-269.00 95.00 0.00
-265.00 95.00 0.00
-261.00 95.00 0.00
-257.00 95.00 0.00
-253.00 95.00 0.00
-249.00 95.00 0.00
-245.00 95.00 0.00
-241.00 95.00 0.00
-237.00 95.00 0.00
-233.00 95.00 0.00
-229.00 95.00 0.00
-225.00 95.00 0.00
-221.00 95.00 0.00
-217.00 95.00 0.00
-213.00 95.00 0.00
-209.00 95.00 0.00
-205.00 95.00 0.00
-201.00 95.00 0.00
-197.00 95.00 0.00
-193.00 95.00 0.00
-189.00 95.00 0.00
-185.00 95.00 0.00
-181.00 95.00 0.00
-177.00 95.00 0.00
-173.00 95.00 0.00
-169.00 95.00 0.00
-165.00 95.00 0.00
-161.00 95.00 0.00
-157.00 95.00 0.00
-153.00 95.00 0.00
-149.00 95.00 0.00
-145.00 95.00 0.00
-141.00 95.00 0.00
-137.00 95.00 0.00
-133.00 95.00 0.00
-129.00 95.00 0.00
-125.00 95.00 0.00
-121.00 95.00 0.00
-117.00 95.00 0.00
-113.00 95.00 0.00
-109.00 95.00 0.12
-105.00 95.00 0.18
-101.00 95.00 0.24
-97.00 95.00 0.32
-93.00 95.00 0.38
-89.00 95.00 0.40
-85.00 95.00 0.45
-81.00 95.00 0.47
-77.00 95.00 0.50
-73.00 95.00 0.50
-69.00 95.00 0.47
-65.00 95.00 0.45
-61.00 95.00 0.40
-57.00 95.00 0.38
-53.00 95.00 0.32
-49.00 95.00 0.24
-45.00 95.00 0.16
-41.00 95.00 0.00
-37.00 95.00 0.00
-33.00 95.00 0.00
-29.00 95.00 0.00
-25.00 95.00 0.00
-21.00 95.00 0.00
-17.00 95.00 0.00
-13.00 95.00 0.00
-9.00 95.00 0.12
-5.00 95.00 0.18
-1.00 95.00 0.24
3.00 95.00 0.32
7.00 95.00 0.38
11.00 95.00 0.40
15.00 95.00 0.45
19.00 95.00 0.47
23.00 95.00 0.47
27.00 95.00 0.50
31.00 95.00 0.50
35.00 95.00 0.47
39.00 95.00 0.47
43.00 95.00 0.45
47.00 95.00 0.40
51.00 95.00 0.38
55.00 95.00 0.32
59.00 95.00 0.24
63.00 95.00 0.16
67.00 95.00 0.12
71.00 95.00 0.21
75.00 95.00 0.30
79.00 95.00 0.40
83.00 95.00 0.47
87.00 95.00 0.50
91.00 95.00 0.47
95.00 95.00 0.45
99.00 95.00 0.38
103.00 95.00 0.45
107.00 95.00 0.47
111.00 95.00 0.50
115.00 95.00 0.47
119.00 95.00 0.45
123.00 95.00 0.38
127.00 95.00 0.32
131.00 95.00 0.24
135.00 95.00 0.18
139.00 95.00 0.12
143.00 95.00 0.00
147.00 95.00 0.00
151.00 95.00 0.00
155.00 95.00 0.00
159.00 95.00 0.00
-357.00 99.00 0.00
-353.00 99.00 0.00
-349.00 99.00 0.00
-345.00 99.00 0.00
-341.00 99.00 0.00
-337.00 99.00 0.00
-333.00 99.00 0.00
-329.00 99.00 0.00
-325.00 99.00 0.00
-321.00 99.00 0.00
-317.00 99.00 0.00
-313.00 99.00 0.00
-309.00 99.00 0.00
-305.00 99.00 0.00
-301.00 99.00 0.00
-297.00 99.00 0.00
-293.00 99.00 0.00
-289.00 99.00 0.00
-285.00 99.00 0.00
-281.00 99.00 0.00
-277.00 99.00 0.00
-273.00 99.00 0.00
-269.00 99.00 0.00
-265.00 99.00 0.00
-261.00 99.00 0.00
-257.00 99.00 0.00
-253.00 99.00 0.00
-249.00 99.00 0.00
-245.00 99.00 0.00
-241.00 99.00 0.00
-237.00 99.00 0.00
-233.00 99.00 0.00
-229.00 99.00 0.00
-225.00 99.00 0.00
-221.00 99.00 0.00
-217.00 99.00 0.00
-213.00 99.00 0.00
-209.00 99.00 0.00
-205.00 99.00 0.00
-201.00 99.00 0.00
-197.00 99.00 0.00
-193.00 99.00 0.00
-189.00 99.00 0.00
-185.00 99.00 0.00
-181.00 99.00 0.00
-177.00 99.00 0.00
-173.00 99.00 0.00
-169.00 99.00 0.00
-165.00 99.00 0.00
-161.00 99.00 0.00
-157.00 99.00 0.00
-153.00 99.00 0.00
-149.00 99.00 0.00
-145.00 99.00 0.00
-141.00 99.00 0.00
-137.00 99.00 0.00
-133.00 99.00 0.00
-129.00 99.00 0.00
-125.00 99.00 0.00
-121.00 99.00 0.00
-117.00 99.00 0.12
-113.00 99.00 0.16
-109.00 99.00 0.19
-105.00 99.00 0.24
-101.00 99.00 0.32
-97.00 99.00 0.38
-93.00 99.00 0.45
-89.00 99.00 0.47
-85.00 99.00 0.47
-81.00 99.00 0.50
-77.00 99.00 0.50
-73.00 99.00 0.47
-69.00 99.00 0.45
-65.00 99.00 0.38
-61.00 99.00 0.32
-57.00 99.00 0.29
-53.00 99.00 0.24
-49.00 99.00 0.18
-45.00 99.00 0.12
-41.00 99.00 0.00
-37.00 99.00 0.00
-33.00 99.00 0.00
-29.00 99.00 0.00
-25.00 99.00 0.00
-21.00 99.00 0.00
-17.00 99.00 0.00
-13.00 99.00 0.00
-9.00 99.00 0.16
-5.00 99.00 0.24
-1.00 99.00 0.32
3.00 99.00 0.38
7.00 99.00 0.45
11.00 99.00 0.47
15.00 99.00 0.47
19.00 99.00 0.50
23.00 99.00 0.50
27.00 99.00 0.47
31.00 99.00 0.47
35.00 99.00 0.45
39.00 99.00 0.40
43.00 99.00 0.38
47.00 99.00 0.32
51.00 99.00 0.29
55.00 99.00 0.24
59.00 99.00 0.18
63.00 99.00 0.12
67.00 99.00 0.12
71.00 99.00 0.21
75.00 99.00 0.30
79.00 99.00 0.40
83.00 99.00 0.47
87.00 99.00 0.50
91.00 99.00 0.47
95.00 99.00 0.40
99.00 99.00 0.32
103.00 99.00 0.38
107.00 99.00 0.45
111.00 99.00 0.47
115.00 99.00 0.50
119.00 99.00 0.47
123.00 99.00 0.45
127.00 99.00 0.38
131.00 99.00 0.32
135.00 99.00 0.24
139.00 99.00 0.18
143.00 99.00 0.12
147.00 99.00 0.00
151.00 99.00 0.00
155.00 99.00 0.00
159.00 99.00 0.00
-357.00 103.00 0.00
-353.00 103.00 0.00
-349.00 103.00 0.00
-345.00 103.00 0.00
-341.00 103.00 0.00
-337.00 103.00 0.00
-333.00 103.00 0.00
-329.00 103.00 0.00
-325.00 103.00 0.00
-321.00 103.00 0.00
-317.00 103.00 0.00
-313.00 103.00 0.00
-309.00 103.00 0.00
-305.00 103.00 0.00
-301.00 103.00 0.00
-297.00 103.00 0.00
-293.00 103.00 0.00
-289.00 103.00 0.00
-285.00 103.00 0.00
-281.00 103.00 0.00
-277.00 103.00 0.00
-273.00 103.00 0.00
-269.00 103.00 0.00
-265.00 103.00 0.00
-261.00 103.00 0.00
-257.00 103.00 0.00
-253.00 103.00 0.00
-249.00 103.00 0.00
-245.00 103.00 0.00
-241.00 103.00 0.00
-237.00 103.00 0.00
-233.00 103.00 0.00
-229.00 103.00 0.00
-225.00 103.00 0.00
-221.00 103.00 0.00
-217.00 103.00 0.00
-213.00 103.00 0.00
-209.00 103.00 0.00
-205.00 103.00 0.00
-201.00 103.00 0.00
-197.00 103.00 0.00
-193.00 103.00 0.00
-189.00 103.00 0.00
-185.00 103.00 0.00
-181.00 103.00 0.00
-177.00 103.00 0.00
-173.00 103.00 0.00
-169.00 103.00 0.00
-165.00 103.00 0.00
-161.00 103.00 0.00
-157.00 103.00 0.00
-153.00 103.00 0.00
-149.00 103.00 0.00
-145.00 103.00 0.00
-141.00 103.00 0.00
-137.00 103.00 0.00
-133.00 103.00 0.00
-129.00 103.00 0.00
-125.00 103.00 0.00
-121.00 103.00 0.12
-117.00 103.00 0.18
-113.00 103.00 0.24
-109.00 103.00 0.29
-105.00 103.00 0.32
-101.00 103.00 0.38
-97.00 103.00 0.45
-93.00 103.00 0.47
-89.00 103.00 0.50
-85.00 103.00 0.50
-81.00 103.00 0.47
-77.00 103.00 0.47
-73.00 103.00 0.45
-69.00 103.00 0.38
-65.00 103.00 0.32
-61.00 103.00 0.24
-57.00 103.00 0.19
-53.00 103.00 0.16
-49.00 103.00 0.12
-45.00 103.00 0.00
-41.00 103.00 0.00
-37.00 103.00 0.00
-33.00 103.00 0.00
-29.00 103.00 0.00
-25.00 103.00 0.00
-21.00 103.00 0.00
-17.00 103.00 0.00
-13.00 103.00 0.12
-9.00 103.00 0.19
-5.00 103.00 0.29
-1.00 103.00 0.38
3.00 103.00 0.45
7.00 103.00 0.47
11.00 103.00 0.50
15.00 103.00 0.50
19.00 103.00 0.47
23.00 103.00 0.47
27.00 103.00 0.45
31.00 103.00 0.40
35.00 103.00 0.38
39.00 103.00 0.32
43.00 103.00 0.29
47.00 103.00 0.24
51.00 103.00 0.19
55.00 103.00 0.16
59.00 103.00 0.12
63.00 103.00 0.00
67.00 103.00 0.12
71.00 103.00 0.21
75.00 103.00 0.30
79.00 103.00 0.40
83.00 103.00 0.47
87.00 103.00 0.50
91.00 103.00 0.47
95.00 103.00 0.45
99.00 103.00 0.38
103.00 103.00 0.32
107.00 103.00 0.40
111.00 103.00 0.47
115.00 103.00 0.50
119.00 103.00 0.50
123.00 103.00 0.47
127.00 103.00 0.45
131.00 103.00 0.38
135.00 103.00 0.32
139.00 103.00 0.24
143.00 103.00 0.16
147.00 103.00 0.00
151.00 103.00 0.00
155.00 103.00 0.00
159.00 103.00 0.00
-357.00 107.00 0.00
-353.00 107.00 0.00
-349.00 107.00 0.00
-345.00 107.00 0.00
-341.00 107.00 0.00
-337.00 107.00 0.00
-333.00 107.00 0.00
-329.00 107.00 0.00
-325.00 107.00 0.00
-321.00 107.00 0.00
-317.00 107.00 0.00
-313.00 107.00 0.00
-309.00 107.00 0.00
-305.00 107.00 0.00
-301.00 107.00 0.00
-297.00 107.00 0.00
-293.00 107.00 0.00
-289.00 107.00 0.00
-285.00 107.00 0.00
-281.00 107.00 0.00
-277.00 107.00 0.00
-273.00 107.00 0.00
-269.00 107.00 0.00
-265.00 107.00 0.00
-261.00 107.00 0.00
-257.00 107.00 0.00
-253.00 107.00 0.00
-249.00 107.00 0.00
-245.00 107.00 0.00
-241.00 107.00 0.00
-237.00 107.00 0.00
-233.00 107.00 0.00
-229.00 107.00 0.00
-225.00 107.00 0.00
-221.00 107.00 0.00
-217.00 107.00 0.00
-213.00 107.00 0.00
-209.00 107.00 0.00
-205.00 107.00 0.00
-201.00 107.00 0.00
-197.00 107.00 0.00
-193.00 107.00 0.00
-189.00 107.00 0.00
-185.00 107.00 0.00
-181.00 107.00 0.00
-177.00 107.00 0.00
-173.00 107.00 0.00
-169.00 107.00 0.00
-165.00 107.00 0.00
-161.00 107.00 0.00
-157.00 107.00 0.00
-153.00 107.00 0.00
-149.00 107.00 0.00
-145.00 107.00 0.00
-141.00 107.00 0.00
-137.00 107.00 0.00
-133.00 107.00 0.00
-129.00 107.00 0.12
-125.00 107.00 0.16
-121.00 107.00 0.19
-117.00 107.00 0.24
-113.00 107.00 0.32
-109.00 107.00 0.38
-105.00 107.00 0.40
-101.00 107.00 0.45
-97.00 107.00 0.47
-93.00 107.00 0.50
-89.00 107.00 0.50
-85.00 107.00 0.47
-81.00 107.00 0.45
-77.00 107.00 0.40
-73.00 107.00 0.38
-69.00 107.00 0.32
-65.00 107.00 0.24
-61.00 107.00 0.18
-57.00 107.00 0.12
-53.00 107.00 0.00
-49.00 107.00 0.00
-45.00 107.00 0.00
-41.00 107.00 0.00
-37.00 107.00 0.00
-33.00 107.00 0.00
-29.00 107.00 0.00
-25.00 107.00 0.00
-21.00 107.00 0.00
-17.00 107.00 0.00
-13.00 107.00 0.12
-9.00 107.00 0.21
-5.00 107.00 0.30
-1.00 107.00 0.40
3.00 107.00 0.47
7.00 107.00 0.50
11.00 107.00 0.47
15.00 107.00 0.47
19.00 107.00 0.45
23.00 107.00 0.40
27.00 107.00 0.38
31.00 107.00 0.32
35.00 107.00 0.29
39.00 107.00 0.24
43.00 107.00 0.19
47.00 107.00 0.16
51.00 107.00 0.12
55.00 107.00 0.00
59.00 107.00 0.00
63.00 107.00 0.00
67.00 107.00 0.12
71.00 107.00 0.21
75.00 107.00 0.30
79.00 107.00 0.40
83.00 107.00 0.47
87.00 107.00 0.50
91.00 107.00 0.50
95.00 107.00 0.47
99.00 107.00 0.40
103.00 107.00 0.30
107.00 107.00 0.38
111.00 107.00 0.45
115.00 107.00 0.47
119.00 107.00 0.50
123.00 107.00 0.50
127.00 107.00 0.47
131.00 107.00 0.45
135.00 107.00 0.38
139.00 107.00 0.29
143.00 107.00 0.19
147.00 107.00 0.12
151.00 107.00 0.00
155.00 107.00 0.00
159.00 107.00 0.00
-357.00 111.00 0.00
-353.00 111.00 0.00
-349.00 111.00 0.00
-345.00 111.00 0.00
-341.00 111.00 0.00
-337.00 111.00 0.00
-333.00 111.00 0.00
-329.00 111.00 0.00
-325.00 111.00 0.00
-321.00 111.00 0.00
-317.00 111.00 0.00
-313.00 111.00 0.00
-309.00 111.00 0.00
-305.00 111.00 0.00
-301.00 111.00 0.00
-297.00 111.00 0.00
-293.00 111.00 0.00
-289.00 111.00 0.00
-285.00 111.00 0.00
-281.00 111.00 0.00
-277.00 111.00 0.00
-273.00 111.00 0.00
-269.00 111.00 0.00
-265.00 111.00 0.00
-261.00 111.00 0.00
-257.00 111.00 0.00
-253.00 111.00 0.00
-249.00 111.00 0.00
-245.00 111.00 0.00
-241.00 111.00 0.00
-237.00 111.00 0.00
-233.00 111.00 0.00
-229.00 111.00 0.00
-225.00 111.00 0.00
-221.00 111.00 0.00
-217.00 111.00 0.00
-213.00 111.00 0.00
-209.00 111.00 0.00
-205.00 111.00 0.00
-201.00 111.00 0.00
-197.00 111.00 0.00
-193.00 111.00 0.00
-189.00 111.00 0.00
-185.00 111.00 0.00
-181.00 111.00 0.00
-177.00 111.00 0.00
-173.00 111.00 0.00
-169.00 111.00 0.00
-165.00 111.00 0.00
-161.00 111.00 0.00
-157.00 111.00 0.00
-153.00 111.00 0.00
-149.00 111.00 0.00
-145.00 111.00 0.00
-141.00 111.00 0.00
-137.00 111.00 0.00
-133.00 111.00 0.12
-129.00 111.00 0.18
-125.00 111.00 0.24
-121.00 111.00 0.29
-117.00 111.00 0.32
-113.00 111.00 0.38
-109.00 111.00 0.45
-105.00 111.00 0.47
-101.00 111.00 0.47
-97.00 111.00 0.50
-93.00 111.00 0.47
-89.00 111.00 0.47
-85.00 111.00 0.45
-81.00 111.00 0.38
-77.00 111.00 0.32
-73.00 111.00 0.29
-69.00 111.00 0.24
-65.00 111.00 0.18
-61.00 111.00 0.12
-57.00 111.00 0.00
-53.00 111.00 0.00
-49.00 111.00 0.00
-45.00 111.00 0.00
-41.00 111.00 0.00
-37.00 111.00 0.00
-33.00 111.00 0.00
-29.00 111.00 0.00
-25.00 111.00 0.00
-21.00 111.00 0.00
-17.00 111.00 0.00
-13.00 111.00 0.12
-9.00 111.00 0.21
-5.00 111.00 0.30
-1.00 111.00 0.40
3.00 111.00 0.47
7.00 111.00 0.50
11.00 111.00 0.50
15.00 111.00 0.47
19.00 111.00 0.45
23.00 111.00 0.38
27.00 111.00 0.29
31.00 111.00 0.24
35.00 111.00 0.19
39.00 111.00 0.16
43.00 111.00 0.12
47.00 111.00 0.00
51.00 111.00 0.00
55.00 111.00 0.00
59.00 111.00 0.00
63.00 111.00 0.00
67.00 111.00 0.12
71.00 111.00 0.19
75.00 111.00 0.29
79.00 111.00 0.38
83.00 111.00 0.45
87.00 111.00 0.47
91.00 111.00 0.50
95.00 111.00 0.47
99.00 111.00 0.40
103.00 111.00 0.30
107.00 111.00 0.32
111.00 111.00 0.38
115.00 111.00 0.45
119.00 111.00 0.47
123.00 111.00 0.50
127.00 111.00 0.50
131.00 111.00 0.47
135.00 111.00 0.40
139.00 111.00 0.32
143.00 111.00 0.24
147.00 111.00 0.16
151.00 111.00 0.00
155.00 111.00 0.00
159.00 111.00 0.00
-357.00 115.00 0.00
-353.00 115.00 0.00
-349.00 115.00 0.00
-345.00 115.00 0.00
-341.00 115.00 0.00
-337.00 115.00 0.00
-333.00 115.00 0.00
-329.00 115.00 0.00
-325.00 115.00 0.00
-321.00 115.00 0.00
-317.00 115.00 0.00
-313.00 115.00 0.00
-309.00 115.00 0.00
-305.00 115.00 0.00
-301.00 115.00 0.00
-297.00 115.00 0.00
-293.00 115.00 0.00
-289.00 115.00 0.00
-285.00 115.00 0.00
-281.00 115.00 0.00
-277.00 115.00 0.00
-273.00 115.00 0.00
-269.00 115.00 0.00
-265.00 115.00 0.00
-261.00 115.00 0.00
-257.00 115.00 0.00
-253.00 115.00 0.00
-249.00 115.00 0.00
-245.00 115.00 0.00
-241.00 115.00 0.00
-237.00 115.00 0.00
-233.00 115.00 0.00
-229.00 115.00 0.00
-225.00 115.00 0.00
-221.00 115.00 0.00
-217.00 115.00 0.00
-213.00 115.00 0.00
-209.00 115.00 0.00
-205.00 115.00 0.00
-201.00 115.00 0.00
-197.00 115.00 0.00
-193.00 115.00 0.00
-189.00 115.00 0.00
-185.00 115.00 0.00
-181.00 115.00 0.00
-177.00 115.00 0.00
-173.00 115.00 0.00
-169.00 115.00 0.00
-165.00 115.00 0.00
-161.00 115.00 0.00
-157.00 115.00 0.00
-153.00 115.00 0.00
-149.00 115.00 0.00
-145.00 115.00 0.00
-141.00 115.00 0.00
-137.00 115.00 0.12
-133.00 115.00 0.18
-129.00 115.00 0.24
-125.00 115.00 0.32
-121.00 115.00 0.38
-117.00 115.00 0.40
-113.00 115.00 0.45
-109.00 115.00 0.47
-105.00 115.00 0.50
-101.00 115.00 0.50
-97.00 115.00 0.47
-93.00 115.00 0.45
-89.00 115.00 0.40
-85.00 115.00 0.38
-81.00 115.00 0.32
-77.00 115.00 0.24
-73.00 115.00 0.19
-69.00 115.00 0.16
-65.00 115.00 0.12
-61.00 115.00 0.00
-57.00 115.00 0.00
-53.00 115.00 0.00
-49.00 115.00 0.00
-45.00 115.00 0.00
-41.00 115.00 0.00
-37.00 115.00 0.00
-33.00 115.00 0.00
-29.00 115.00 0.00
-25.00 115.00 0.00
-21.00 115.00 0.00
-17.00 115.00 0.00
-13.00 115.00 0.12
-9.00 115.00 0.19
-5.00 115.00 0.29
-1.00 115.00 0.38
3.00 115.00 0.45
7.00 115.00 0.47
11.00 115.00 0.50
15.00 115.00 0.50
19.00 115.00 0.47
23.00 115.00 0.40
27.00 115.00 0.32
31.00 115.00 0.24
35.00 115.00 0.16
39.00 115.00 0.00
43.00 115.00 0.00
47.00 115.00 0.00
51.00 115.00 0.00
55.00 115.00 0.00
59.00 115.00 0.00
63.00 115.00 0.00
67.00 115.00 0.00
71.00 115.00 0.16
75.00 115.00 0.24
79.00 115.00 0.32
83.00 115.00 0.38
87.00 115.00 0.45
91.00 115.00 0.47
95.00 115.00 0.45
99.00 115.00 0.38
103.00 115.00 0.29
107.00 115.00 0.24
111.00 115.00 0.32
115.00 115.00 0.38
119.00 115.00 0.45
123.00 115.00 0.47
127.00 115.00 0.50
131.00 115.00 0.47
135.00 115.00 0.45
139.00 115.00 0.38
143.00 115.00 0.29
147.00 115.00 0.19
151.00 115.00 0.12
155.00 115.00 0.00
159.00 115.00 0.00
-357.00 119.00 0.00
-353.00 119.00 0.00
-349.00 119.00 0.00
-345.00 119.00 0.00
-341.00 119.00 0.00
-337.00 119.00 0.00
-333.00 119.00 0.00
-329.00 119.00 0.00
-325.00 119.00 0.00
-321.00 119.00 0.00
-317.00 119.00 0.00
-313.00 119.00 0.00
-309.00 119.00 0.00
-305.00 119.00 0.00
-301.00 119.00 0.00
-297.00 119.00 0.00
-293.00 119.00 0.00
-289.00 119.00 0.00
-285.00 119.00 0.00
-281.00 119.00 0.00
-277.00 119.00 0.00
-273.00 119.00 0.00
-269.00 119.00 0.00
-265.00 119.00 0.00
-261.00 119.00 0.00
-257.00 119.00 0.00
-253.00 119.00 0.00
-249.00 119.00 0.00
-245.00 119.00 0.00
-241.00 119.00 0.00
-237.00 119.00 0.00
-233.00 119.00 0.00
-229.00 119.00 0.00
-225.00 119.00 0.00
-221.00 119.00 0.00
-217.00 119.00 0.00
-213.00 119.00 0.00
-209.00 119.00 0.00
-205.00 119.00 0.00
-201.00 119.00 0.00
-197.00 119.00 0.00
-193.00 119.00 0.00
-189.00 119.00 0.00
-185.00 119.00 0.00
-181.00 119.00 0.00
-177.00 119.00 0.00
-173.00 119.00 0.00
-169.00 119.00 0.00
-165.00 119.00 0.00
-161.00 119.00 0.00
-157.00 119.00 0.00
-153.00 119.00 0.00
-149.00 119.00 0.00
-145.00 119.00 0.12
-141.00 119.00 0.16
-137.00 119.00 0.19
-133.00 119.00 0.24
-129.00 119.00 0.32
-125.00 119.00 0.38
-121.00 119.00 0.45
-117.00 119.00 0.47
-113.00 119.00 0.47
-109.00 119.00 0.50
-105.00 119.00 0.50
-101.00 119.00 0.47
-97.00 119.00 0.45
-93.00 119.00 0.38
-89.00 119.00 0.32
-85.00 119.00 0.29
-81.00 119.00 0.24
-77.00 119.00 0.18
-73.00 119.00 0.12
-69.00 119.00 0.00
-65.00 119.00 0.00
-61.00 119.00 0.00
-57.00 119.00 0.00
-53.00 119.00 0.00
-49.00 119.00 0.00
-45.00 119.00 0.00
-41.00 119.00 0.00
-37.00 119.00 0.00
-33.00 119.00 0.00
-29.00 119.00 0.00
-25.00 119.00 0.00
-21.00 119.00 0.00
-17.00 119.00 0.00
-13.00 119.00 0.00
-9.00 119.00 0.16
-5.00 119.00 0.24
-1.00 119.00 0.32
3.00 119.00 0.38
7.00 119.00 0.45
11.00 119.00 0.47
15.00 119.00 0.50
19.00 119.00 0.47
23.00 119.00 0.45
27.00 119.00 0.38
31.00 119.00 0.29
35.00 119.00 0.19
39.00 119.00 0.12
43.00 119.00 0.00
47.00 119.00 0.00
51.00 119.00 0.00
55.00 119.00 0.00
59.00 119.00 0.00
63.00 119.00 0.00
67.00 119.00 0.00
71.00 119.00 0.12
75.00 119.00 0.18
79.00 119.00 0.24
83.00 119.00 0.32
87.00 119.00 0.38
91.00 119.00 0.40
95.00 119.00 0.38
99.00 119.00 0.32
103.00 119.00 0.24
107.00 119.00 0.18
111.00 119.00 0.24
115.00 119.00 0.32
119.00 119.00 0.38
123.00 119.00 0.45
127.00 119.00 0.47
131.00 119.00 0.50
135.00 119.00 0.47
139.00 119.00 0.40
143.00 119.00 0.30
147.00 119.00 0.21
151.00 119.00 0.12
155.00 119.00 0.00
159.00 119.00 0.00
-357.00 123.00 0.00
-353.00 123.00 0.00
-349.00 123.00 0.00
-345.00 123.00 0.00
-341.00 123.00 0.00
-337.00 123.00 0.00
-333.00 123.00 0.00
-329.00 123.00 0.00
-325.00 123.00 0.00
-321.00 123.00 0.00
-317.00 123.00 0.00
-313.00 123.00 0.00
-309.00 123.00 0.00
-305.00 123.00 0.00
-301.00 123.00 0.00
-297.00 123.00 0.00
-293.00 123.00 0.00
-289.00 123.00 0.00
-285.00 123.00 0.00
-281.00 123.00 0.00
-277.00 123.00 0.00
-273.00 123.00 0.00
-269.00 123.00 0.00
-265.00 123.00 0.00
-261.00 123.00 0.00
-257.00 123.00 0.00
-253.00 123.00 0.00
-249.00 123.00 0.00
-245.00 123.00 0.00
-241.00 123.00 0.00
-237.00 123.00 0.00
-233.00 123.00 0.00
-229.00 123.00 0.00
-225.00 123.00 0.00
-221.00 123.00 0.00
-217.00 123.00 0.00
-213.00 123.00 0.00
-209.00 123.00 0.00
-205.00 123.00 0.00
-201.00 123.00 0.00
-197.00 123.00 0.00
-193.00 123.00 0.00
-189.00 123.00 0.00
-185.00 123.00 0.00
-181.00 123.00 0.00
-177.00 123.00 0.00
-173.00 123.00 0.00
-169.00 123.00 0.00
-165.00 123.00 0.00
-161.00 123.00 0.00
-157.00 123.00 0.00
-153.00 123.00 0.00
-149.00 123.00 0.12
-145.00 123.00 0.18
-141.00 123.00 0.24
-137.00 123.00 0.29
-133.00 123.00 0.32
-129.00 123.00 0.38
-125.00 123.00 0.45
-121.00 123.00 0.47
-117.00 123.00 0.50
-113.00 123.00 0.50
-109.00 123.00 0.50
-105.00 123.00 0.47
-101.00 123.00 0.45
-97.00 123.00 0.38
-93.00 123.00 0.32
-89.00 123.00 0.24
-85.00 123.00 0.19
-81.00 123.00 0.16
-77.00 123.00 0.12
-73.00 123.00 0.00
-69.00 123.00 0.00
-65.00 123.00 0.00
-61.00 123.00 0.00
-57.00 123.00 0.00
-53.00 123.00 0.00
-49.00 123.00 0.00
-45.00 123.00 0.00
-41.00 123.00 0.00
-37.00 123.00 0.00
-33.00 123.00 0.00
-29.00 123.00 0.00
-25.00 123.00 0.00
-21.00 123.00 0.00
-17.00 123.00 0.00
-13.00 123.00 0.00
-9.00 123.00 0.12
-5.00 123.00 0.18
-1.00 123.00 0.24
3.00 123.00 0.32
7.00 123.00 0.38
11.00 123.00 0.45
15.00 123.00 0.47
19.00 123.00 0.50
23.00 123.00 0.47
27.00 123.00 0.40
31.00 123.00 0.30
35.00 123.00 0.21
39.00 123.00 0.12
43.00 123.00 0.00
47.00 123.00 0.00
51.00 123.00 0.00
55.00 123.00 0.00
59.00 123.00 0.00
63.00 123.00 0.00
67.00 123.00 0.00
71.00 123.00 0.00
75.00 123.00 0.12
79.00 123.00 0.18
83.00 123.00 0.24
87.00 123.00 0.29
91.00 123.00 0.30
95.00 123.00 0.29
99.00 123.00 0.24
103.00 123.00 0.18
107.00 123.00 0.12
111.00 123.00 0.18
115.00 123.00 0.24
119.00 123.00 0.32
123.00 123.00 0.38
127.00 123.00 0.45
131.00 123.00 0.47
135.00 123.00 0.45
139.00 123.00 0.38
143.00 123.00 0.29
147.00 123.00 0.19
151.00 123.00 0.12
155.00 123.00 0.00
159.00 123.00 0.00
-357.00 127.00 0.00
-353.00 127.00 0.00
-349.00 127.00 0.00
-345.00 127.00 0.00
-341.00 127.00 0.00
-337.00 127.00 0.00
-333.00 127.00 0.00
-329.00 127.00 0.00
-325.00 127.00 0.00
-321.00 127.00 0.00
-317.00 127.00 0.00
-313.00 127.00 0.00
-309.00 127.00 0.00
-305.00 127.00 0.00
-301.00 127.00 0.00
-297.00 127.00 0.00
-293.00 127.00 0.00
-289.00 127.00 0.00
-285.00 127.00 0.00
-281.00 127.00 0.00
-277.00 127.00 0.00
-273.00 127.00 0.00
-269.00 127.00 0.00
-265.00 127.00 0.00
-261.00 127.00 0.00
-257.00 127.00 0.00
-253.00 127.00 0.00
-249.00 127.00 0.00
-245.00 127.00 0.00
-241.00 127.00 0.00
-237.00 127.00 0.00
-233.00 127.00 0.00
-229.00 127.00 0.00
-225.00 127.00 0.00
-221.00 127.00 0.00
-217.00 127.00 0.00
-213.00 127.00 0.00
-209.00 127.00 0.00
-205.00 127.00 0.00
-201.00 127.00 0.00
-197.00 127.00 0.00
-193.00 127.00 0.00
-189.00 127.00 0.00
-185.00 127.00 0.00
-181.00 127.00 0.00
-177.00 127.00 0.00
-173.00 127.00 0.00
-169.00 127.00 0.00
-165.00 127.00 0.00
-161.00 127.00 0.00
-157.00 127.00 0.00
-153.00 127.00 0.00
-149.00 127.00 0.16
-145.00 127.00 0.24
-141.00 127.00 0.32
-137.00 127.00 0.38
-133.00 127.00 0.40
-129.00 127.00 0.45
-125.00 127.00 0.47
-121.00 127.00 0.50
-117.00 127.00 0.50
-113.00 127.00 0.47
-109.00 127.00 0.47
-105.00 127.00 0.45
-101.00 127.00 0.38
-97.00 127.00 0.32
-93.00 127.00 0.24
-89.00 127.00 0.18
-85.00 127.00 0.12
-81.00 127.00 0.00
-77.00 127.00 0.00
-73.00 127.00 0.00
-69.00 127.00 0.00
-65.00 127.00 0.00
-61.00 127.00 0.00
-57.00 127.00 0.00
-53.00 127.00 0.00
-49.00 127.00 0.00
-45.00 127.00 0.00
-41.00 127.00 0.00
-37.00 127.00 0.00
-33.00 127.00 0.00
-29.00 127.00 0.00
-25.00 127.00 0.00
-21.00 127.00 0.00
-17.00 127.00 0.00
-13.00 127.00 0.00
-9.00 127.00 0.00
-5.00 127.00 0.12
-1.00 127.00 0.18
3.00 127.00 0.24
7.00 127.00 0.32
11.00 127.00 0.40
15.00 127.00 0.47
19.00 127.00 0.50
23.00 127.00 0.47
27.00 127.00 0.40
31.00 127.00 0.30
35.00 127.00 0.21
39.00 127.00 0.12
43.00 127.00 0.00
47.00 127.00 0.00
51.00 127.00 0.00
55.00 127.00 0.00
59.00 127.00 0.00
63.00 127.00 0.00
67.00 127.00 0.00
71.00 127.00 0.00
75.00 127.00 0.00
79.00 127.00 0.12
83.00 127.00 0.16
87.00 127.00 0.19
91.00 127.00 0.21
95.00 127.00 0.19
99.00 127.00 0.16
103.00 127.00 0.12
107.00 127.00 0.00
111.00 127.00 0.12
115.00 127.00 0.18
119.00 127.00 0.24
123.00 127.00 0.32
127.00 127.00 0.38
131.00 127.00 0.40
135.00 127.00 0.38
139.00 127.00 0.32
143.00 127.00 0.24
147.00 127.00 0.16
151.00 127.00 0.00
155.00 127.00 0.00
159.00 127.00 0.00
-357.00 131.00 0.00
-353.00 131.00 0.00
-349.00 131.00 0.00
-345.00 131.00 0.00
-341.00 131.00 0.00
-337.00 131.00 0.00
-333.00 131.00 0.00
-329.00 131.00 0.00
-325.00 131.00 0.00
-321.00 131.00 0.00
-317.00 131.00 0.00
-313.00 131.00 0.00
-309.00 131.00 0.00
-305.00 131.00 0.00
-301.00 131.00 0.00
-297.00 131.00 0.00
-293.00 131.00 0.00
-289.00 131.00 0.00
-285.00 131.00 0.00
-281.00 131.00 0.00
-277.00 131.00 0.00
-273.00 131.00 0.00
-269.00 131.00 0.00
-265.00 131.00 0.00
-261.00 131.00 0.00
-257.00 131.00 0.00
-253.00 131.00 0.00
-249.00 131.00 0.00
-245.00 131.00 0.00
-241.00 131.00 0.00
-237.00 131.00 0.00
-233.00 131.00 0.00
-229.00 131.00 0.00
-225.00 131.00 0.00
-221.00 131.00 0.00
-217.00 131.00 0.00
-213.00 131.00 0.00
-209.00 131.00 0.00
-205.00 131.00 0.00
-201.00 131.00 0.00
-197.00 131.00 0.00
-193.00 131.00 0.00
-189.00 131.00 0.00
-185.00 131.00 0.00
-181.00 131.00 0.00
-177.00 131.00 0.00
-173.00 131.00 0.00
-169.00 131.00 0.00
-165.00 131.00 0.00
-161.00 131.00 0.00
-157.00 131.00 0.00
-153.00 131.00 0.12
-149.00 131.00 0.19
-145.00 131.00 0.29
-141.00 131.00 0.38
-137.00 131.00 0.45
-133.00 131.00 0.47
-129.00 131.00 0.47
-125.00 131.00 0.50
-121.00 131.00 0.50
-117.00 131.00 0.47
-113.00 131.00 0.45
-109.00 131.00 0.40
-105.00 131.00 0.38
-101.00 131.00 0.32
-97.00 131.00 0.24
-93.00 131.00 0.18
-89.00 131.00 0.12
-85.00 131.00 0.00
-81.00 131.00 0.00
-77.00 131.00 0.00
-73.00 131.00 0.00
-69.00 131.00 0.00
-65.00 131.00 0.00
-61.00 131.00 0.00
-57.00 131.00 0.00
-53.00 131.00 0.00
-49.00 131.00 0.00
-45.00 131.00 0.00
-41.00 131.00 0.00
-37.00 131.00 0.00
-33.00 131.00 0.00
-29.00 131.00 0.00
-25.00 131.00 0.00
-21.00 131.00 0.00
-17.00 131.00 0.00
-13.00 131.00 0.00
-9.00 131.00 0.00
-5.00 131.00 0.00
-1.00 131.00 0.12
3.00 131.00 0.21
7.00 131.00 0.30
11.00 131.00 0.40
15.00 131.00 0.47
19.00 131.00 0.50
23.00 131.00 0.47
27.00 131.00 0.40
31.00 131.00 0.32
35.00 131.00 0.24
39.00 131.00 0.16
43.00 131.00 0.00
47.00 131.00 0.00
51.00 131.00 0.00
55.00 131.00 0.00
59.00 131.00 0.00
63.00 131.00 0.00
67.00 131.00 0.00
71.00 131.00 0.00
75.00 131.00 0.00
79.00 131.00 0.00
83.00 131.00 0.00
87.00 131.00 0.12
91.00 131.00 0.12
95.00 131.00 0.12
99.00 131.00 0.00
103.00 131.00 0.00
107.00 131.00 0.00
111.00 131.00 0.00
115.00 131.00 0.12
119.00 131.00 0.18
123.00 131.00 0.24
127.00 131.00 0.29
131.00 131.00 0.30
135.00 131.00 0.29
139.00 131.00 0.24
143.00 131.00 0.18
147.00 131.00 0.12
151.00 131.00 0.00
155.00 131.00 0.00
159.00 131.00 0.00
-357.00 135.00 0.00
-353.00 135.00 0.00
-349.00 135.00 0.00
-345.00 135.00 0.00
-341.00 135.00 0.00
-337.00 135.00 0.00
-333.00 135.00 0.00
-329.00 135.00 0.00
-325.00 135.00 0.00
-321.00 135.00 0.00
-317.00 135.00 0.00
-313.00 135.00 0.00
-309.00 135.00 0.00
-305.00 135.00 0.00
-301.00 135.00 0.00
-297.00 135.00 0.00
-293.00 135.00 0.00
-289.00 135.00 0.00
-285.00 135.00 0.00
-281.00 135.00 0.00
-277.00 135.00 0.00
-273.00 135.00 0.00
-269.00 135.00 0.00
-265.00 135.00 0.00
-261.00 135.00 0.00
-257.00 135.00 0.00
-253.00 135.00 0.00
-249.00 135.00 0.00
-245.00 135.00 0.00
-241.00 135.00 0.00
-237.00 135.00 0.00
-233.00 135.00 0.00
-229.00 135.00 0.00
-225.00 135.00 0.00
-221.00 135.00 0.00
-217.00 135.00 0.00
-213.00 135.00 0.00
-209.00 135.00 0.00
-205.00 135.00 0.00
-201.00 135.00 0.00
-197.00 135.00 0.00
-193.00 135.00 0.00
-189.00 135.00 0.00
-185.00 135.00 0.00
-181.00 135.00 0.00
-177.00 135.00 0.00
-173.00 135.00 0.00
-169.00 135.00 0.00
-165.00 135.00 0.00
-161.00 135.00 0.00
-157.00 135.00 0.00
-153.00 135.00 0.12
-149.00 135.00 0.21
-145.00 135.00 0.30
-141.00 135.00 0.40
-137.00 135.00 0.47
-133.00 135.00 0.50
-129.00 135.00 0.50
-125.00 135.00 0.47
-121.00 135.00 0.47
-117.00 135.00 0.45
-113.00 135.00 0.38
-109.00 135.00 0.32
-105.00 135.00 0.29
-101.00 135.00 0.24
-97.00 135.00 0.18
-93.00 135.00 0.12
-89.00 135.00 0.00
-85.00 135.00 0.00
-81.00 135.00 0.00
-77.00 135.00 0.00
-73.00 135.00 0.00
-69.00 135.00 0.00
-65.00 135.00 0.00
-61.00 135.00 0.00
-57.00 135.00 0.00
-53.00 135.00 0.00
-49.00 135.00 0.00
-45.00 135.00 0.00
-41.00 135.00 0.00
-37.00 135.00 0.00
-33.00 135.00 0.00
-29.00 135.00 0.00
-25.00 135.00 0.00
-21.00 135.00 0.00
-17.00 135.00 0.00
-13.00 135.00 0.00
-9.00 135.00 0.00
-5.00 135.00 0.00
-1.00 135.00 0.12
3.00 135.00 0.21
7.00 135.00 0.30
11.00 135.00 0.40
15.00 135.00 0.47
19.00 135.00 0.50
23.00 135.00 0.47
27.00 135.00 0.45
31.00 135.00 0.38
35.00 135.00 0.29
39.00 135.00 0.19
43.00 135.00 0.12
47.00 135.00 0.00
51.00 135.00 0.00
55.00 135.00 0.00
59.00 135.00 0.00
63.00 135.00 0.00
67.00 135.00 0.00
71.00 135.00 0.00
75.00 135.00 0.00
79.00 135.00 0.00
83.00 135.00 0.00
87.00 135.00 0.00
91.00 135.00 0.00
95.00 135.00 0.00
99.00 135.00 0.00
103.00 135.00 0.00
107.00 135.00 0.00
111.00 135.00 0.00
115.00 135.00 0.00
119.00 135.00 0.12
123.00 135.00 0.16
127.00 135.00 0.19
131.00 135.00 0.21
135.00 135.00 0.19
139.00 135.00 0.16
143.00 135.00 0.12
147.00 135.00 0.00
151.00 135.00 0.00
155.00 135.00 0.00
159.00 135.00 0.00
-357.00 139.00 0.00
-353.00 139.00 0.00
-349.00 139.00 0.00
-345.00 139.00 0.00
-341.00 139.00 0.00
-337.00 139.00 0.00
-333.00 139.00 0.00
-329.00 139.00 0.00
-325.00 139.00 0.00
-321.00 139.00 0.00
-317.00 139.00 0.00
-313.00 139.00 0.00
-309.00 139.00 0.00
-305.00 139.00 0.00
-301.00 139.00 0.00
-297.00 139.00 0.00
-293.00 139.00 0.00
-289.00 139.00 0.00
-285.00 139.00 0.00
-281.00 139.00 0.00
-277.00 139.00 0.00
-273.00 139.00 0.00
-269.00 139.00 0.00
-265.00 139.00 0.00
-261.00 139.00 0.00
-257.00 139.00 0.00
-253.00 139.00 0.00
-249.00 139.00 0.00
-245.00 139.00 0.00
-241.00 139.00 0.00
-237.00 139.00 0.00
-233.00 139.00 0.00
-229.00 139.00 0.00
-225.00 139.00 0.00
-221.00 139.00 0.00
-217.00 139.00 0.00
-213.00 139.00 0.00
-209.00 139.00 0.00
-205.00 139.00 0.00
-201.00 139.00 0.00
-197.00 139.00 0.00
-193.00 139.00 0.00
-189.00 139.00 0.00
-185.00 139.00 0.00
-181.00 139.00 0.00
-177.00 139.00 0.00
-173.00 139.00 0.00
-169.00 139.00 0.00
-165.00 139.00 0.00
-161.00 139.00 0.00
-157.00 139.00 0.00
-153.00 139.00 0.12
-149.00 139.00 0.21
-145.00 139.00 0.30
-141.00 139.00 0.40
-137.00 139.00 0.47
-133.00 139.00 0.50
-129.00 139.00 0.47
-125.00 139.00 0.45
-121.00 139.00 0.40
-117.00 139.00 0.38
-113.00 139.00 0.32
-109.00 139.00 0.24
-105.00 139.00 0.19
-101.00 139.00 0.16
-97.00 139.00 0.12
-93.00 139.00 0.00
-89.00 139.00 0.00
-85.00 139.00 0.00
-81.00 139.00 0.00
-77.00 139.00 0.00
-73.00 139.00 0.00
-69.00 139.00 0.00
-65.00 139.00 0.00
-61.00 139.00 0.00
-57.00 139.00 0.00
-53.00 139.00 0.00
-49.00 139.00 0.00
-45.00 139.00 0.00
-41.00 139.00 0.00
-37.00 139.00 0.00
-33.00 139.00 0.00
-29.00 139.00 0.00
-25.00 139.00 0.00
-21.00 139.00 0.00
-17.00 139.00 0.00
-13.00 139.00 0.00
-9.00 139.00 0.00
-5.00 139.00 0.00
-1.00 139.00 0.12
3.00 139.00 0.19
7.00 139.00 0.29
11.00 139.00 0.38
15.00 139.00 0.45
19.00 139.00 0.47
23.00 139.00 0.50
27.00 139.00 0.47
31.00 139.00 0.40
35.00 139.00 0.30
39.00 139.00 0.21
43.00 139.00 0.12
47.00 139.00 0.00
51.00 139.00 0.00
55.00 139.00 0.00
59.00 139.00 0.00
63.00 139.00 0.00
67.00 139.00 0.00
71.00 139.00 0.00
75.00 139.00 0.00
79.00 139.00 0.00
83.00 139.00 0.00
87.00 139.00 0.00
91.00 139.00 0.00
95.00 139.00 0.00
99.00 139.00 0.00
103.00 139.00 0.00
107.00 139.00 0.00
111.00 139.00 0.00
115.00 139.00 0.00
119.00 139.00 0.00
123.00 139.00 0.00
127.00 139.00 0.12
131.00 139.00 0.12
135.00 139.00 0.12
139.00 139.00 0.00
143.00 139.00 0.00
147.00 139.00 0.00
151.00 139.00 0.00
155.00 139.00 0.00
159.00 139.00 0.00
-357.00 143.00 0.00
-353.00 143.00 0.00
-349.00 143.00 0.00
-345.00 143.00 0.00
-341.00 143.00 0.00
-337.00 143.00 0.00
-333.00 143.00 0.00
-329.00 143.00 0.00
-325.00 143.00 0.00
-321.00 143.00 0.00
-317.00 143.00 0.00
-313.00 143.00 0.00
-309.00 143.00 0.00
-305.00 143.00 0.00
-301.00 143.00 0.00
-297.00 143.00 0.00
-293.00 143.00 0.00
-289.00 143.00 0.00
-285.00 143.00 0.00
-281.00 143.00 0.00
-277.00 143.00 0.00
-273.00 143.00 0.00
-269.00 143.00 0.00
-265.00 143.00 0.00
-261.00 143.00 0.00
-257.00 143.00 0.00
-253.00 143.00 0.00
-249.00 143.00 0.00
-245.00 143.00 0.00
-241.00 143.00 0.00
-237.00 143.00 0.00
-233.00 143.00 0.00
-229.00 143.00 0.00
-225.00 143.00 0.00
-221.00 143.00 0.00
-217.00 143.00 0.00
-213.00 143.00 0.00
-209.00 143.00 0.00
-205.00 143.00 0.00
-201.00 143.00 0.00
-197.00 143.00 0.00
-193.00 143.00 0.00
-189.00 143.00 0.00
-185.00 143.00 0.00
-181.00 143.00 0.00
-177.00 143.00 0.00
-173.00 143.00 0.00
-169.00 143.00 0.00
-165.00 143.00 0.00
-161.00 143.00 0.00
-157.00 143.00 0.00
-153.00 143.00 0.12
-149.00 143.00 0.19
-145.00 143.00 0.29
-141.00 143.00 0.38
-137.00 143.00 0.45
-133.00 143.00 0.47
-129.00 143.00 0.45
-125.00 143.00 0.38
-121.00 143.00 0.32
-117.00 143.00 0.29
-113.00 143.00 0.24
-109.00 143.00 0.18
-105.00 143.00 0.12
-101.00 143.00 0.00
-97.00 143.00 0.00
-93.00 143.00 0.00
-89.00 143.00 0.00
-85.00 143.00 0.00
-81.00 143.00 0.00
-77.00 143.00 0.00
-73.00 143.00 0.00
-69.00 143.00 0.00
-65.00 143.00 0.00
-61.00 143.00 0.00
-57.00 143.00 0.00
-53.00 143.00 0.00
-49.00 143.00 0.00
-45.00 143.00 0.00
-41.00 143.00 0.00
-37.00 143.00 0.00
-33.00 143.00 0.00
-29.00 143.00 0.00
-25.00 143.00 0.00
-21.00 143.00 0.00
-17.00 143.00 0.00
-13.00 143.00 0.00
-9.00 143.00 0.00
-5.00 143.00 0.00
-1.00 143.00 0.00
3.00 143.00 0.16
7.00 143.00 0.24
11.00 143.00 0.32
15.00 143.00 0.40
19.00 143.00 0.47
23.00 143.00 0.50
27.00 143.00 0.47
31.00 143.00 0.40
35.00 143.00 0.30
39.00 143.00 0.21
43.00 143.00 0.12
47.00 143.00 0.00
51.00 143.00 0.00
55.00 143.00 0.00
59.00 143.00 0.00
63.00 143.00 0.00
67.00 143.00 0.00
71.00 143.00 0.00
75.00 143.00 0.00
79.00 143.00 0.00
83.00 143.00 0.00
87.00 143.00 0.00
91.00 143.00 0.00
95.00 143.00 0.00
99.00 143.00 0.00
103.00 143.00 0.00
107.00 143.00 0.00
111.00 143.00 0.00
115.00 143.00 0.00
119.00 143.00 0.00
123.00 143.00 0.00
127.00 143.00 0.00
131.00 143.00 0.00
135.00 143.00 0.00
139.00 143.00 0.00
143.00 143.00 0.00
147.00 143.00 0.00
151.00 143.00 0.00
155.00 143.00 0.00
159.00 143.00 0.00
-357.00 147.00 0.00
-353.00 147.00 0.00
-349.00 147.00 0.00
-345.00 147.00 0.00
-341.00 147.00 0.00
-337.00 147.00 0.00
-333.00 147.00 0.00
-329.00 147.00 0.00
-325.00 147.00 0.00
-321.00 147.00 0.00
-317.00 147.00 0.00
-313.00 147.00 0.00
-309.00 147.00 0.00
-305.00 147.00 0.00
-301.00 147.00 0.00
-297.00 147.00 0.00
-293.00 147.00 0.00
-289.00 147.00 0.00
-285.00 147.00 0.00
-281.00 147.00 0.00
-277.00 147.00 0.00
-273.00 147.00 0.00
-269.00 147.00 0.00
-265.00 147.00 0.00
-261.00 147.00 0.00
-257.00 147.00 0.00
-253.00 147.00 0.00
-249.00 147.00 0.00
-245.00 147.00 0.00
-241.00 147.00 0.00
-237.00 147.00 0.00
-233.00 147.00 0.00
-229.00 147.00 0.00
-225.00 147.00 0.00
-221.00 147.00 0.00
-217.00 147.00 0.00
-213.00 147.00 0.00
-209.00 147.00 0.00
-205.00 147.00 0.00
-201.00 147.00 0.00
-197.00 147.00 0.00
-193.00 147.00 0.00
-189.00 147.00 0.00
-185.00 147.00 0.00
-181.00 147.00 0.00
-177.00 147.00 0.00
-173.00 147.00 0.00
-169.00 147.00 0.00
-165.00 147.00 0.00
-161.00 147.00 0.00
-157.00 147.00 0.00
-153.00 147.00 0.00
-149.00 147.00 0.16
-145.00 147.00 0.24
-141.00 147.00 0.32
-137.00 147.00 0.38
-133.00 147.00 0.40
-129.00 147.00 0.38
-125.00 147.00 0.32
-121.00 147.00 0.24
-117.00 147.00 0.19
-113.00 147.00 0.16
-109.00 147.00 0.12
-105.00 147.00 0.00
-101.00 147.00 0.00
-97.00 147.00 0.00
-93.00 147.00 0.00
-89.00 147.00 0.00
-85.00 147.00 0.00
-81.00 147.00 0.00
-77.00 147.00 0.00
-73.00 147.00 0.00
-69.00 147.00 0.00
-65.00 147.00 0.00
-61.00 147.00 0.00
-57.00 147.00 0.00
-53.00 147.00 0.00
-49.00 147.00 0.00
-45.00 147.00 0.00
-41.00 147.00 0.00
-37.00 147.00 0.00
-33.00 147.00 0.00
-29.00 147.00 0.00
-25.00 147.00 0.00
-21.00 147.00 0.00
-17.00 147.00 0.00
-13.00 147.00 0.00
-9.00 147.00 0.00
-5.00 147.00 0.00
-1.00 147.00 0.00
3.00 147.00 0.12
7.00 147.00 0.21
11.00 147.00 0.30
15.00 147.00 0.40
19.00 147.00 0.47
23.00 147.00 0.50
27.00 147.00 0.47
31.00 147.00 0.40
35.00 147.00 0.30
39.00 147.00 0.21
43.00 147.00 0.12
47.00 147.00 0.00
51.00 147.00 0.00
55.00 147.00 0.00
59.00 147.00 0.00
63.00 147.00 0.00
67.00 147.00 0.00
71.00 147.00 0.00
75.00 147.00 0.00
79.00 147.00 0.00
83.00 147.00 0.00
87.00 147.00 0.00
91.00 147.00 0.00
95.00 147.00 0.00
99.00 147.00 0.00
103.00 147.00 0.00
107.00 147.00 0.00
111.00 147.00 0.00
115.00 147.00 0.00
119.00 147.00 0.00
123.00 147.00 0.00
127.00 147.00 0.00
131.00 147.00 0.00
135.00 147.00 0.00
139.00 147.00 0.00
143.00 147.00 0.00
147.00 147.00 0.00
151.00 147.00 0.00
155.00 147.00 0.00
159.00 147.00 0.00
-357.00 151.00 0.00
-353.00 151.00 0.00
-349.00 151.00 0.00
-345.00 151.00 0.00
-341.00 151.00 0.00
-337.00 151.00 0.00
-333.00 151.00 0.00
-329.00 151.00 0.00
-325.00 151.00 0.00
-321.00 151.00 0.00
-317.00 151.00 0.00
-313.00 151.00 0.00
-309.00 151.00 0.00
-305.00 151.00 0.00
-301.00 151.00 0.00
-297.00 151.00 0.00
-293.00 151.00 0.00
-289.00 151.00 0.00
-285.00 151.00 0.00
-281.00 151.00 0.00
-277.00 151.00 0.00
-273.00 151.00 0.00
-269.00 151.00 0.00
-265.00 151.00 0.00
-261.00 151.00 0.00
-257.00 151.00 0.00
-253.00 151.00 0.00
-249.00 151.00 0.00
-245.00 151.00 0.00
-241.00 151.00 0.00
-237.00 151.00 0.00
-233.00 151.00 0.00
-229.00 151.00 0.00
-225.00 151.00 0.00
-221.00 151.00 0.00
-217.00 151.00 0.00
-213.00 151.00 0.00
-209.00 151.00 0.00
-205.00 151.00 0.00
-201.00 151.00 0.00
-197.00 151.00 0.00
-193.00 151.00 0.00
-189.00 151.00 0.00
-185.00 151.00 0.00
-181.00 151.00 0.00
-177.00 151.00 0.00
-173.00 151.00 0.00
-169.00 151.00 0.00
-165.00 151.00 0.00
-161.00 151.00 0.00
-157.00 151.00 0.00
-153.00 151.00 0.00
-149.00 151.00 0.12
-145.00 151.00 0.18
-141.00 151.00 0.24
-137.00 151.00 0.29
-133.00 151.00 0.30
-129.00 151.00 0.29
-125.00 151.00 0.24
-121.00 151.00 0.18
-117.00 151.00 0.12
-113.00 151.00 0.00
-109.00 151.00 0.00
-105.00 151.00 0.00
-101.00 151.00 0.00
-97.00 151.00 0.00
-93.00 151.00 0.00
-89.00 151.00 0.00
-85.00 151.00 0.00
-81.00 151.00 0.00
-77.00 151.00 0.00
-73.00 151.00 0.00
-69.00 151.00 0.00
-65.00 151.00 0.00
-61.00 151.00 0.00
-57.00 151.00 0.00
-53.00 151.00 0.00
-49.00 151.00 0.00
-45.00 151.00 0.00
-41.00 151.00 0.00
-37.00 151.00 0.00
-33.00 151.00 0.00
-29.00 151.00 0.00
-25.00 151.00 0.00
-21.00 151.00 0.00
-17.00 151.00 0.00
-13.00 151.00 0.00
-9.00 151.00 0.00
-5.00 151.00 0.00
-1.00 151.00 0.00
3.00 151.00 0.12
7.00 151.00 0.21
11.00 151.00 0.30
15.00 151.00 0.40
19.00 151.00 0.47
23.00 151.00 0.50
27.00 151.00 0.47
31.00 151.00 0.40
35.00 151.00 0.32
39.00 151.00 0.24
43.00 151.00 0.16
47.00 151.00 0.00
51.00 151.00 0.00
55.00 151.00 0.00
59.00 151.00 0.00
63.00 151.00 0.00
67.00 151.00 0.00
71.00 151.00 0.00
75.00 151.00 0.00
79.00 151.00 0.00
83.00 151.00 0.00
87.00 151.00 0.00
91.00 151.00 0.00
95.00 151.00 0.00
99.00 151.00 0.00
103.00 151.00 0.00
107.00 151.00 0.00
111.00 151.00 0.00
115.00 151.00 0.00
119.00 151.00 0.00
123.00 151.00 0.00
127.00 151.00 0.00
131.00 151.00 0.00
135.00 151.00 0.00
139.00 151.00 0.00
143.00 151.00 0.00
147.00 151.00 0.00
151.00 151.00 0.00
155.00 151.00 0.00
159.00 151.00 0.00
-357.00 155.00 0.00
-353.00 155.00 0.00
-349.00 155.00 0.00
-345.00 155.00 0.00
-341.00 155.00 0.00
-337.00 155.00 0.00
-333.00 155.00 0.00
-329.00 155.00 0.00
-325.00 155.00 0.00
-321.00 155.00 0.00
-317.00 155.00 0.00
-313.00 155.00 0.00
-309.00 155.00 0.00
-305.00 155.00 0.00
-301.00 155.00 0.00
-297.00 155.00 0.00
-293.00 155.00 0.00
-289.00 155.00 0.00
-285.00 155.00 0.00
-281.00 155.00 0.00
-277.00 155.00 0.00
-273.00 155.00 0.00
-269.00 155.00 0.00
-265.00 155.00 0.00
-261.00 155.00 0.00
-257.00 155.00 0.00
-253.00 155.00 0.00
-249.00 155.00 0.00
-245.00 155.00 0.00
-241.00 155.00 0.00
-237.00 155.00 0.00
-233.00 155.00 0.00
-229.00 155.00 0.00
-225.00 155.00 0.00
-221.00 155.00 0.00
-217.00 155.00 0.00
-213.00 155.00 0.00
-209.00 155.00 0.00
-205.00 155.00 0.00
-201.00 155.00 0.00
-197.00 155.00 0.00
-193.00 155.00 0.00
-189.00 155.00 0.00
-185.00 155.00 0.00
-181.00 155.00 0.00
-177.00 155.00 0.00
-173.00 155.00 0.00
-169.00 155.00 0.00
-165.00 155.00 0.00
-161.00 155.00 0.00
-157.00 155.00 0.00
-153.00 155.00 0.00
-149.00 155.00 0.00
-145.00 155.00 0.12
-141.00 155.00 0.16
-137.00 155.00 0.19
-133.00 155.00 0.21
-129.00 155.00 0.19
-125.00 155.00 0.16
-121.00 155.00 0.12
-117.00 155.00 0.00
-113.00 155.00 0.00
-109.00 155.00 0.00
-105.00 155.00 0.00
-101.00 155.00 0.00
-97.00 155.00 0.00
-93.00 155.00 0.00
-89.00 155.00 0.00
-85.00 155.00 0.00
-81.00 155.00 0.00
-77.00 155.00 0.00
-73.00 155.00 0.00
-69.00 155.00 0.00
-65.00 155.00 0.00
-61.00 155.00 0.00
-57.00 155.00 0.00
-53.00 155.00 0.00
-49.00 155.00 0.00
-45.00 155.00 0.00
-41.00 155.00 0.00
-37.00 155.00 0.00
-33.00 155.00 0.00
-29.00 155.00 0.00
-25.00 155.00 0.00
-21.00 155.00 0.00
-17.00 155.00 0.00
-13.00 155.00 0.00
-9.00 155.00 0.00
-5.00 155.00 0.00
-1.00 155.00 0.00
3.00 155.00 0.12
7.00 155.00 0.21
11.00 155.00 0.30
15.00 155.00 0.40
19.00 155.00 0.47
23.00 155.00 0.50
27.00 155.00 0.47
31.00 155.00 0.45
35.00 155.00 0.38
39.00 155.00 0.29
43.00 155.00 0.19
47.00 155.00 0.12
51.00 155.00 0.00
55.00 155.00 0.00
59.00 155.00 0.00
63.00 155.00 0.00
67.00 155.00 0.00
71.00 155.00 0.00
75.00 155.00 0.00
79.00 155.00 0.00
83.00 155.00 0.00
87.00 155.00 0.00
91.00 155.00 0.00
95.00 155.00 0.00
99.00 155.00 0.00
103.00 155.00 0.00
107.00 155.00 0.00
111.00 155.00 0.00
115.00 155.00 0.00
119.00 155.00 0.00
123.00 155.00 0.00
127.00 155.00 0.00
131.00 155.00 0.00
135.00 155.00 0.00
139.00 155.00 0.00
143.00 155.00 0.00
147.00 155.00 0.00
151.00 155.00 0.00
155.00 155.00 0.00
159.00 155.00 0.00
-357.00 159.00 0.00
-353.00 159.00 0.00
-349.00 159.00 0.00
-345.00 159.00 0.00
-341.00 159.00 0.00
-337.00 159.00 0.00
-333.00 159.00 0.00
-329.00 159.00 0.00
-325.00 159.00 0.00
-321.00 159.00 0.00
-317.00 159.00 0.00
-313.00 159.00 0.00
-309.00 159.00 0.00
-305.00 159.00 0.00
-301.00 159.00 0.00
-297.00 159.00 0.00
-293.00 159.00 0.00
-289.00 159.00 0.00
-285.00 159.00 0.00
-281.00 159.00 0.00
-277.00 159.00 0.00
-273.00 159.00 0.00
-269.00 159.00 0.00
-265.00 159.00 0.00
-261.00 159.00 0.00
-257.00 159.00 0.00
-253.00 159.00 0.00
-249.00 159.00 0.00
-245.00 159.00 0.00
-241.00 159.00 0.00
-237.00 159.00 0.00
-233.00 159.00 0.00
-229.00 159.00 0.00
-225.00 159.00 0.00
-221.00 159.00 0.00
-217.00 159.00 0.00
-213.00 159.00 0.00
-209.00 159.00 0.00
-205.00 159.00 0.00
-201.00 159.00 0.00
-197.00 159.00 0.00
-193.00 159.00 0.00
-189.00 159.00 0.00
-185.00 159.00 0.00
-181.00 159.00 0.00
-177.00 159.00 0.00
-173.00 159.00 0.00
-169.00 159.00 0.00
-165.00 159.00 0.00
-161.00 159.00 0.00
-157.00 159.00 0.00
-153.00 159.00 0.00
-149.00 159.00 0.00
-145.00 159.00 0.00
-141.00 159.00 0.00
-137.00 159.00 0.12
-133.00 159.00 0.12
-129.00 159.00 0.12
-125.00 159.00 0.00
-121.00 159.00 0.00
-117.00 159.00 0.00
-113.00 159.00 0.00
-109.00 159.00 0.00
-105.00 159.00 0.00
-101.00 159.00 0.00
-97.00 159.00 0.00
-93.00 159.00 0.00
-89.00 159.00 0.00
-85.00 159.00 0.00
-81.00 159.00 0.00
-77.00 159.00 0.00
-73.00 159.00 0.00
-69.00 159.00 0.00
-65.00 159.00 0.00
-61.00 159.00 0.00
-57.00 159.00 0.00
-53.00 159.00 0.00
-49.00 159.00 0.00
-45.00 159.00 0.00
-41.00 159.00 0.00
-37.00 159.00 0.00
-33.00 159.00 0.00
-29.00 159.00 0.00
-25.00 159.00 0.00
-21.00 159.00 0.00
-17.00 159.00 0.00
-13.00 159.00 0.00
-9.00 159.00 0.00
-5.00 159.00 0.00
-1.00 159.00 0.00
3.00 159.00 0.12
7.00 159.00 0.19
11.00 159.00 0.29
15.00 159.00 0.38
19.00 159.00 0.45
23.00 159.00 0.47
27.00 159.00 0.50
31.00 159.00 0.47
35.00 159.00 0.40
39.00 159.00 0.30
43.00 159.00 0.21
47.00 159.00 0.12
51.00 159.00 0.00
55.00 159.00 0.00
59.00 159.00 0.00
63.00 159.00 0.00
67.00 159.00 0.00
71.00 159.00 0.00
75.00 159.00 0.00
79.00 159.00 0.00
83.00 159.00 0.00
87.00 159.00 0.00
91.00 159.00 0.00
95.00 159.00 0.00
99.00 159.00 0.00
103.00 159.00 0.00
107.00 159.00 0.00
111.00 159.00 0.00
115.00 159.00 0.00
119.00 159.00 0.00
123.00 159.00 0.00
127.00 159.00 0.00
131.00 159.00 0.00
135.00 159.00 0.00
139.00 159.00 0.00
143.00 159.00 0.00
147.00 159.00 0.00
151.00 159.00 0.00
155.00 159.00 0.00
159.00 159.00 0.00
-357.00 163.00 0.00
-353.00 163.00 0.00
-349.00 163.00 0.00
-345.00 163.00 0.00
-341.00 163.00 0.00
-337.00 163.00 0.00
-333.00 163.00 0.00
-329.00 163.00 0.00
-325.00 163.00 0.00
-321.00 163.00 0.00
-317.00 163.00 0.00
-313.00 163.00 0.00
-309.00 163.00 0.00
-305.00 163.00 0.00
-301.00 163.00 0.00
-297.00 163.00 0.00
-293.00 163.00 0.00
-289.00 163.00 0.00
-285.00 163.00 0.00
-281.00 163.00 0.00
-277.00 163.00 0.00
-273.00 163.00 0.00
-269.00 163.00 0.00
-265.00 163.00 0.00
-261.00 163.00 0.00
-257.00 163.00 0.00
-253.00 163.00 0.00
-249.00 163.00 0.00
-245.00 163.00 0.00
-241.00 163.00 0.00
-237.00 163.00 0.00
-233.00 163.00 0.00
-229.00 163.00 0.00
-225.00 163.00 0.00
-221.00 163.00 0.00
-217.00 163.00 0.00
-213.00 163.00 0.00
-209.00 163.00 0.00
-205.00 163.00 0.00
-201.00 163.00 0.00
-197.00 163.00 0.00
-193.00 163.00 0.00
-189.00 163.00 0.00
-185.00 163.00 0.00
-181.00 163.00 0.00
-177.00 163.00 0.00
-173.00 163.00 0.00
-169.00 163.00 0.00
-165.00 163.00 0.00
-161.00 163.00 0.00
-157.00 163.00 0.00
-153.00 163.00 0.00
-149.00 163.00 0.00
-145.00 163.00 0.00
-141.00 163.00 0.00
-137.00 163.00 0.00
-133.00 163.00 0.00
-129.00 163.00 0.00
-125.00 163.00 0.00
-121.00 163.00 0.00
-117.00 163.00 0.00
-113.00 163.00 0.00
-109.00 163.00 0.00
-105.00 163.00 0.00
-101.00 163.00 0.00
-97.00 163.00 0.00
-93.00 163.00 0.00
-89.00 163.00 0.00
-85.00 163.00 0.00
-81.00 163.00 0.00
-77.00 163.00 0.00
-73.00 163.00 0.00
-69.00 163.00 0.00
-65.00 163.00 0.00
-61.00 163.00 0.00
-57.00 163.00 0.00
-53.00 163.00 0.00
-49.00 163.00 0.00
-45.00 163.00 0.00
-41.00 163.00 0.00
-37.00 163.00 0.00
-33.00 163.00 0.00
-29.00 163.00 0.00
-25.00 163.00 0.00
-21.00 163.00 0.00
-17.00 163.00 0.00
-13.00 163.00 0.00
-9.00 163.00 0.00
-5.00 163.00 0.00
-1.00 163.00 0.00
3.00 163.00 0.00
7.00 163.00 0.16
11.00 163.00 0.24
15.00 163.00 0.32
19.00 163.00 0.40
23.00 163.00 0.47
27.00 163.00 0.50
31.00 163.00 0.47
35.00 163.00 0.40
39.00 163.00 0.30
43.00 163.00 0.21
47.00 163.00 0.12
51.00 163.00 0.00
55.00 163.00 0.00
59.00 163.00 0.00
63.00 163.00 0.00
67.00 163.00 0.00
71.00 163.00 0.00
75.00 163.00 0.00
79.00 163.00 0.00
83.00 163.00 0.00
87.00 163.00 0.00
91.00 163.00 0.00
95.00 163.00 0.00
99.00 163.00 0.00
103.00 163.00 0.00
107.00 163.00 0.00
111.00 163.00 0.00
115.00 163.00 0.00
119.00 163.00 0.00
123.00 163.00 0.00
127.00 163.00 0.00
131.00 163.00 0.00
135.00 163.00 0.00
139.00 163.00 0.00
143.00 163.00 0.00
147.00 163.00 0.00
151.00 163.00 0.00
155.00 163.00 0.00
159.00 163.00 0.00
-357.00 167.00 0.00
-353.00 167.00 0.00
-349.00 167.00 0.00
-345.00 167.00 0.00
-341.00 167.00 0.00
-337.00 167.00 0.00
-333.00 167.00 0.00
-329.00 167.00 0.00
-325.00 167.00 0.00
-321.00 167.00 0.00
-317.00 167.00 0.00
-313.00 167.00 0.00
-309.00 167.00 0.00
-305.00 167.00 0.00
-301.00 167.00 0.00
-297.00 167.00 0.00
-293.00 167.00 0.00
-289.00 167.00 0.00
-285.00 167.00 0.00
-281.00 167.00 0.00
-277.00 167.00 0.00
-273.00 167.00 0.00
-269.00 167.00 0.00
-265.00 167.00 0.00
-261.00 167.00 0.00
-257.00 167.00 0.00
-253.00 167.00 0.00
-249.00 167.00 0.00
-245.00 167.00 0.00
-241.00 167.00 0.00
-237.00 167.00 0.00
-233.00 167.00 0.00
-229.00 167.00 0.00
-225.00 167.00 0.00
-221.00 167.00 0.00
-217.00 167.00 0.00
-213.00 167.00 0.00
-209.00 167.00 0.00
-205.00 167.00 0.00
-201.00 167.00 0.00
-197.00 167.00 0.00
-193.00 167.00 0.00
-189.00 167.00 0.00
-185.00 167.00 0.00
-181.00 167.00 0.00
-177.00 167.00 0.00
-173.00 167.00 0.00
-169.00 167.00 0.00
-165.00 167.00 0.00
-161.00 167.00 0.00
-157.00 167.00 0.00
-153.00 167.00 0.00
-149.00 167.00 0.00
-145.00 167.00 0.00
-141.00 167.00 0.00
-137.00 167.00 0.00
-133.00 167.00 0.00
-129.00 167.00 0.00
-125.00 167.00 0.00
-121.00 167.00 0.00
-117.00 167.00 0.00
-113.00 167.00 0.00
-109.00 167.00 0.00
-105.00 167.00 0.00
-101.00 167.00 0.00
-97.00 167.00 0.00
-93.00 167.00 0.00
-89.00 167.00 0.00
-85.00 167.00 0.00
-81.00 167.00 0.00
-77.00 167.00 0.00
-73.00 167.00 0.00
-69.00 167.00 0.00
-65.00 167.00 0.00
-61.00 167.00 0.00
-57.00 167.00 0.00
-53.00 167.00 0.00
-49.00 167.00 0.00
-45.00 167.00 0.00
-41.00 167.00 0.00
-37.00 167.00 0.00
-33.00 167.00 0.00
-29.00 167.00 0.00
-25.00 167.00 0.00
-21.00 167.00 0.00
-17.00 167.00 0.00
-13.00 167.00 0.00
-9.00 167.00 0.00
-5.00 167.00 0.00
-1.00 167.00 0.00
3.00 167.00 0.00
7.00 167.00 0.12
11.00 167.00 0.21
15.00 167.00 0.30
19.00 167.00 0.40
23.00 167.00 0.47
27.00 167.00 0.50
31.00 167.00 0.47
35.00 167.00 0.40
39.00 167.00 0.30
43.00 167.00 0.21
47.00 167.00 0.12
51.00 167.00 0.00
55.00 167.00 0.00
59.00 167.00 0.00
63.00 167.00 0.00
67.00 167.00 0.00
71.00 167.00 0.00
75.00 167.00 0.00
79.00 167.00 0.00
83.00 167.00 0.00
87.00 167.00 0.00
91.00 167.00 0.00
95.00 167.00 0.00
99.00 167.00 0.00
103.00 167.00 0.00
107.00 167.00 0.00
111.00 167.00 0.00
115.00 167.00 0.00
119.00 167.00 0.00
123.00 167.00 0.00
127.00 167.00 0.00
131.00 167.00 0.00
135.00 167.00 0.00
139.00 167.00 0.00
143.00 167.00 0.00
147.00 167.00 0.00
151.00 167.00 0.00
155.00 167.00 0.00
159.00 167.00 0.00
-357.00 171.00 0.00
-353.00 171.00 0.00
-349.00 171.00 0.00
-345.00 171.00 0.00
-341.00 171.00 0.00
-337.00 171.00 0.00
-333.00 171.00 0.00
-329.00 171.00 0.00
-325.00 171.00 0.00
-321.00 171.00 0.00
-317.00 171.00 0.00
-313.00 171.00 0.00
-309.00 171.00 0.00
-305.00 171.00 0.00
-301.00 171.00 0.00
-297.00 171.00 0.00
-293.00 171.00 0.00
-289.00 171.00 0.00
-285.00 171.00 0.00
-281.00 171.00 0.00
-277.00 171.00 0.00
-273.00 171.00 0.00
-269.00 171.00 0.00
-265.00 171.00 0.00
-261.00 171.00 0.00
-257.00 171.00 0.00
-253.00 171.00 0.00
-249.00 171.00 0.00
-245.00 171.00 0.00
-241.00 171.00 0.00
-237.00 171.00 0.00
-233.00 171.00 0.00
-229.00 171.00 0.00
-225.00 171.00 0.00
-221.00 171.00 0.00
-217.00 171.00 0.00
-213.00 171.00 0.00
-209.00 171.00 0.00
-205.00 171.00 0.00
-201.00 171.00 0.00
-197.00 171.00 0.00
-193.00 171.00 0.00
-189.00 171.00 0.00
-185.00 171.00 0.00
-181.00 171.00 0.00
-177.00 171.00 0.00
-173.00 171.00 0.00
-169.00 171.00 0.00
-165.00 171.00 0.00
-161.00 171.00 0.00
-157.00 171.00 0.00
-153.00 171.00 0.00
-149.00 171.00 0.00
-145.00 171.00 0.00
-141.00 171.00 0.00
-137.00 171.00 0.00
-133.00 171.00 0.00
-129.00 171.00 0.00
-125.00 171.00 0.00
-121.00 171.00 0.00
-117.00 171.00 0.00
-113.00 171.00 0.00
-109.00 171.00 0.00
-105.00 171.00 0.00
-101.00 171.00 0.00
-97.00 171.00 0.00
-93.00 171.00 0.00
-89.00 171.00 0.00
-85.00 171.00 0.00
-81.00 171.00 0.00
-77.00 171.00 0.00
-73.00 171.00 0.00
-69.00 171.00 0.00
-65.00 171.00 0.00
-61.00 171.00 0.00
-57.00 171.00 0.00
-53.00 171.00 0.00
-49.00 171.00 0.00
-45.00 171.00 0.00
-41.00 171.00 0.00
-37.00 171.00 0.00
-33.00 171.00 0.00
-29.00 171.00 0.00
-25.00 171.00 0.00
-21.00 171.00 0.00
-17.00 171.00 0.00
-13.00 171.00 0.00
-9.00 171.00 0.00
-5.00 171.00 0.00
-1.00 171.00 0.00
3.00 171.00 0.00
7.00 171.00 0.12
11.00 171.00 0.21
15.00 171.00 0.30
19.00 171.00 0.40
23.00 171.00 0.47
27.00 171.00 0.50
31.00 171.00 0.47
35.00 171.00 0.40
39.00 171.00 0.30
43.00 171.00 0.21
47.00 171.00 0.12
51.00 171.00 0.00
55.00 171.00 0.00
59.00 171.00 0.00
63.00 171.00 0.00
67.00 171.00 0.00
71.00 171.00 0.00
75.00 171.00 0.00
79.00 171.00 0.00
83.00 171.00 0.00
87.00 171.00 0.00
91.00 171.00 0.00
95.00 171.00 0.00
99.00 171.00 0.00
103.00 171.00 0.00
107.00 171.00 0.00
111.00 171.00 0.00
115.00 171.00 0.00
119.00 171.00 0.00
123.00 171.00 0.00
127.00 171.00 0.00
131.00 171.00 0.00
135.00 171.00 0.00
139.00 171.00 0.00
143.00 171.00 0.00
147.00 171.00 0.00
151.00 171.00 0.00
155.00 171.00 0.00
159.00 171.00 0.00
-357.00 175.00 0.00
-353.00 175.00 0.00
-349.00 175.00 0.00
-345.00 175.00 0.00
-341.00 175.00 0.00
-337.00 175.00 0.00
-333.00 175.00 0.00
-329.00 175.00 0.00
-325.00 175.00 0.00
-321.00 175.00 0.00
-317.00 175.00 0.00
-313.00 175.00 0.00
-309.00 175.00 0.00
-305.00 175.00 0.00
-301.00 175.00 0.00
-297.00 175.00 0.00
-293.00 175.00 0.00
-289.00 175.00 0.00
-285.00 175.00 0.00
-281.00 175.00 0.00
-277.00 175.00 0.00
-273.00 175.00 0.00
-269.00 175.00 0.00
-265.00 175.00 0.00
-261.00 175.00 0.00
-257.00 175.00 0.00
-253.00 175.00 0.00
-249.00 175.00 0.00
-245.00 175.00 0.00
-241.00 175.00 0.00
-237.00 175.00 0.00
-233.00 175.00 0.00
-229.00 175.00 0.00
-225.00 175.00 0.00
-221.00 175.00 0.00
-217.00 175.00 0.00
-213.00 175.00 0.00
-209.00 175.00 0.00
-205.00 175.00 0.00
-201.00 175.00 0.00
-197.00 175.00 0.00
-193.00 175.00 0.00
-189.00 175.00 0.00
-185.00 175.00 0.00
-181.00 175.00 0.00
-177.00 175.00 0.00
-173.00 175.00 0.00
-169.00 175.00 0.00
-165.00 175.00 0.00
-161.00 175.00 0.00
-157.00 175.00 0.00
-153.00 175.00 0.00
-149.00 175.00 0.00
-145.00 175.00 0.00
-141.00 175.00 0.00
-137.00 175.00 0.00
-133.00 175.00 0.00
-129.00 175.00 0.00
-125.00 175.00 0.00
-121.00 175.00 0.00
-117.00 175.00 0.00
-113.00 175.00 0.00
-109.00 175.00 0.00
-105.00 175.00 0.00
-101.00 175.00 0.00
-97.00 175.00 0.00
-93.00 175.00 0.00
-89.00 175.00 0.00
-85.00 175.00 0.00
-81.00 175.00 0.00
-77.00 175.00 0.00
-73.00 175.00 0.00
-69.00 175.00 0.00
-65.00 175.00 0.00
-61.00 175.00 0.00
-57.00 175.00 0.00
-53.00 175.00 0.00
-49.00 175.00 0.00
-45.00 175.00 0.00
-41.00 175.00 0.00
-37.00 175.00 0.00
-33.00 175.00 0.00
-29.00 175.00 0.00
-25.00 175.00 0.00
-21.00 175.00 0.00
-17.00 175.00 0.00
-13.00 175.00 0.00
-9.00 175.00 0.00
-5.00 175.00 0.00
-1.00 175.00 0.00
3.00 175.00 0.00
7.00 175.00 0.12
11.00 175.00 0.21
15.00 175.00 0.30
19.00 175.00 0.40
23.00 175.00 0.47
27.00 175.00 0.50
31.00 175.00 0.47
35.00 175.00 0.40
39.00 175.00 0.32
43.00 175.00 0.24
47.00 175.00 0.16
51.00 175.00 0.00
55.00 175.00 0.00
59.00 175.00 0.00
63.00 175.00 0.00
67.00 175.00 0.00
71.00 175.00 0.00
75.00 175.00 0.00
79.00 175.00 0.00
83.00 175.00 0.00
87.00 175.00 0.00
91.00 175.00 0.00
95.00 175.00 0.00
99.00 175.00 0.00
103.00 175.00 0.00
107.00 175.00 0.00
111.00 175.00 0.00
115.00 175.00 0.00
119.00 175.00 0.00
123.00 175.00 0.00
127.00 175.00 0.00
131.00 175.00 0.00
135.00 175.00 0.00
139.00 175.00 0.00
143.00 175.00 0.00
147.00 175.00 0.00
151.00 175.00 0.00
155.00 175.00 0.00
159.00 175.00 0.00
-357.00 179.00 0.00
-353.00 179.00 0.00
-349.00 179.00 0.00
-345.00 179.00 0.00
-341.00 179.00 0.00
-337.00 179.00 0.00
-333.00 179.00 0.00
-329.00 179.00 0.00
-325.00 179.00 0.00
-321.00 179.00 0.00
-317.00 179.00 0.00
-313.00 179.00 0.00
-309.00 179.00 0.00
-305.00 179.00 0.00
-301.00 179.00 0.00
-297.00 179.00 0.00
-293.00 179.00 0.00
-289.00 179.00 0.00
-285.00 179.00 0.00
-281.00 179.00 0.00
-277.00 179.00 0.00
-273.00 179.00 0.00
-269.00 179.00 0.00
-265.00 179.00 0.00
-261.00 179.00 0.00
-257.00 179.00 0.00
-253.00 179.00 0.00
-249.00 179.00 0.00
-245.00 179.00 0.00
-241.00 179.00 0.00
-237.00 179.00 0.00
-233.00 179.00 0.00
-229.00 179.00 0.00
-225.00 179.00 0.00
-221.00 179.00 0.00
-217.00 179.00 0.00
-213.00 179.00 0.00
-209.00 179.00 0.00
-205.00 179.00 0.00
-201.00 179.00 0.00
-197.00 179.00 0.00
-193.00 179.00 0.00
-189.00 179.00 0.00
-185.00 179.00 0.00
-181.00 179.00 0.00
-177.00 179.00 0.00
-173.00 179.00 0.00
-169.00 179.00 0.00
-165.00 179.00 0.00
-161.00 179.00 0.00
-157.00 179.00 0.00
-153.00 179.00 0.00
-149.00 179.00 0.00
-145.00 179.00 0.00
-141.00 179.00 0.00
-137.00 179.00 0.00
-133.00 179.00 0.00
-129.00 179.00 0.00
-125.00 179.00 0.00
-121.00 179.00 0.00
-117.00 179.00 0.00
-113.00 179.00 0.00
-109.00 179.00 0.00
-105.00 179.00 0.00
-101.00 179.00 0.00
-97.00 179.00 0.00
-93.00 179.00 0.00
-89.00 179.00 0.00
-85.00 179.00 0.00
-81.00 179.00 0.00
-77.00 179.00 0.00
-73.00 179.00 0.00
-69.00 179.00 0.00
-65.00 179.00 0.00
-61.00 179.00 0.00
-57.00 179.00 0.00
-53.00 179.00 0.00
-49.00 179.00 0.00
-45.00 179.00 0.00
-41.00 179.00 0.00
-37.00 179.00 0.00
-33.00 179.00 0.00
-29.00 179.00 0.00
-25.00 179.00 0.00
-21.00 179.00 0.00
-17.00 179.00 0.00
-13.00 179.00 0.00
-9.00 179.00 0.00
-5.00 179.00 0.00
-1.00 179.00 0.00
3.00 179.00 0.00
7.00 179.00 0.12
11.00 179.00 0.21
15.00 179.00 0.30
19.00 179.00 0.40
23.00 179.00 0.47
27.00 179.00 0.50
31.00 179.00 0.47
35.00 179.00 0.45
39.00 179.00 0.38
43.00 179.00 0.29
47.00 179.00 0.19
51.00 179.00 0.12
55.00 179.00 0.00
59.00 179.00 0.00
63.00 179.00 0.00
67.00 179.00 0.00
71.00 179.00 0.00
75.00 179.00 0.00
79.00 179.00 0.00
83.00 179.00 0.00
87.00 179.00 0.00
91.00 179.00 0.00
95.00 179.00 0.00
99.00 179.00 0.00
103.00 179.00 0.00
107.00 179.00 0.00
111.00 179.00 0.00
115.00 179.00 0.00
119.00 179.00 0.00
123.00 179.00 0.00
127.00 179.00 0.00
131.00 179.00 0.00
135.00 179.00 0.00
139.00 179.00 0.00
143.00 179.00 0.00
147.00 179.00 0.00
151.00 179.00 0.00
155.00 179.00 0.00
159.00 179.00 0.00
-357.00 183.00 0.00
-353.00 183.00 0.00
-349.00 183.00 0.00
-345.00 183.00 0.00
-341.00 183.00 0.00
-337.00 183.00 0.00
-333.00 183.00 0.00
-329.00 183.00 0.00
-325.00 183.00 0.00
-321.00 183.00 0.00
-317.00 183.00 0.00
-313.00 183.00 0.00
-309.00 183.00 0.00
-305.00 183.00 0.00
-301.00 183.00 0.00
-297.00 183.00 0.00
-293.00 183.00 0.00
-289.00 183.00 0.00
-285.00 183.00 0.00
-281.00 183.00 0.00
-277.00 183.00 0.00
-273.00 183.00 0.00
-269.00 183.00 0.00
-265.00 183.00 0.00
-261.00 183.00 0.00
-257.00 183.00 0.00
-253.00 183.00 0.00
-249.00 183.00 0.00
-245.00 183.00 0.00
-241.00 183.00 0.00
-237.00 183.00 0.00
-233.00 183.00 0.00
-229.00 183.00 0.00
-225.00 183.00 0.00
-221.00 183.00 0.00
-217.00 183.00 0.00
-213.00 183.00 0.00
-209.00 183.00 0.00
-205.00 183.00 0.00
-201.00 183.00 0.00
-197.00 183.00 0.00
-193.00 183.00 0.00
-189.00 183.00 0.00
-185.00 183.00 0.00
-181.00 183.00 0.00
-177.00 183.00 0.00
-173.00 183.00 0.00
-169.00 183.00 0.00
-165.00 183.00 0.00
-161.00 183.00 0.00
-157.00 183.00 0.00
-153.00 183.00 0.00
-149.00 183.00 0.00
-145.00 183.00 0.00
-141.00 183.00 0.00
-137.00 183.00 0.00
-133.00 183.00 0.00
-129.00 183.00 0.00
-125.00 183.00 0.00
-121.00 183.00 0.00
-117.00 183.00 0.00
-113.00 183.00 0.00
-109.00 183.00 0.00
-105.00 183.00 0.00
-101.00 183.00 0.00
-97.00 183.00 0.00
-93.00 183.00 0.00
-89.00 183.00 0.00
-85.00 183.00 0.00
-81.00 183.00 0.00
-77.00 183.00 0.00
-73.00 183.00 0.00
-69.00 183.00 0.00
-65.00 183.00 0.00
-61.00 183.00 0.00
-57.00 183.00 0.00
-53.00 183.00 0.00
-49.00 183.00 0.00
-45.00 183.00 0.00
-41.00 183.00 0.00
-37.00 183.00 0.00
-33.00 183.00 0.00
-29.00 183.00 0.00
-25.00 183.00 0.00
-21.00 183.00 0.00
-17.00 183.00 0.00
-13.00 183.00 0.00
-9.00 183.00 0.00
-5.00 183.00 0.00
-1.00 183.00 0.00
3.00 183.00 0.00
7.00 183.00 0.12
11.00 183.00 0.19
15.00 183.00 0.29
19.00 183.00 0.38
23.00 183.00 0.45
27.00 183.00 0.47
31.00 183.00 0.50
35.00 183.00 0.47
39.00 183.00 0.40
43.00 183.00 0.30
47.00 183.00 0.21
51.00 183.00 0.12
55.00 183.00 0.00
59.00 183.00 0.00
63.00 183.00 0.00
67.00 183.00 0.00
71.00 183.00 0.00
75.00 183.00 0.00
79.00 183.00 0.00
83.00 183.00 0.00
87.00 183.00 0.00
91.00 183.00 0.00
95.00 183.00 0.00
99.00 183.00 0.00
103.00 183.00 0.00
107.00 183.00 0.00
111.00 183.00 0.00
115.00 183.00 0.00
119.00 183.00 0.00
123.00 183.00 0.00
127.00 183.00 0.00
131.00 183.00 0.00
135.00 183.00 0.00
139.00 183.00 0.00
143.00 183.00 0.00
147.00 183.00 0.00
151.00 183.00 0.00
155.00 183.00 0.00
159.00 183.00 0.00
-357.00 187.00 0.00
-353.00 187.00 0.00
-349.00 187.00 0.00
-345.00 187.00 0.00
-341.00 187.00 0.00
-337.00 187.00 0.00
-333.00 187.00 0.00
-329.00 187.00 0.00
-325.00 187.00 0.00
-321.00 187.00 0.00
-317.00 187.00 0.00
-313.00 187.00 0.00
-309.00 187.00 0.00
-305.00 187.00 0.00
-301.00 187.00 0.00
-297.00 187.00 0.00
-293.00 187.00 0.00
-289.00 187.00 0.00
-285.00 187.00 0.00
-281.00 187.00 0.00
-277.00 187.00 0.00
-273.00 187.00 0.00
-269.00 187.00 0.00
-265.00 187.00 0.00
-261.00 187.00 0.00
-257.00 187.00 0.00
-253.00 187.00 0.00
-249.00 187.00 0.00
-245.00 187.00 0.00
-241.00 187.00 0.00
-237.00 187.00 0.00
-233.00 187.00 0.00
-229.00 187.00 0.00
-225.00 187.00 0.00
-221.00 187.00 0.00
-217.00 187.00 0.00
-213.00 187.00 0.00
-209.00 187.00 0.00
-205.00 187.00 0.00
-201.00 187.00 0.00
-197.00 187.00 0.00
-193.00 187.00 0.00
-189.00 187.00 0.00
-185.00 187.00 0.00
-181.00 187.00 0.00
-177.00 187.00 0.00
-173.00 187.00 0.00
-169.00 187.00 0.00
-165.00 187.00 0.00
-161.00 187.00 0.00
-157.00 187.00 0.00
-153.00 187.00 0.00
-149.00 187.00 0.00
-145.00 187.00 0.00
-141.00 187.00 0.00
-137.00 187.00 0.00
-133.00 187.00 0.00
-129.00 187.00 0.00
-125.00 187.00 0.00
-121.00 187.00 0.00
-117.00 187.00 0.00
-113.00 187.00 0.00
-109.00 187.00 0.00
-105.00 187.00 0.00
-101.00 187.00 0.00
-97.00 187.00 0.00
-93.00 187.00 0.00
-89.00 187.00 0.00
-85.00 187.00 0.00
-81.00 187.00 0.00
-77.00 187.00 0.00
-73.00 187.00 0.00
-69.00 187.00 0.00
-65.00 187.00 0.00
-61.00 187.00 0.00
-57.00 187.00 0.00
-53.00 187.00 0.00
-49.00 187.00 0.00
-45.00 187.00 0.00
-41.00 187.00 0.00
-37.00 187.00 0.00
-33.00 187.00 0.00
-29.00 187.00 0.00
-25.00 187.00 0.00
-21.00 187.00 0.00
-17.00 187.00 0.00
-13.00 187.00 0.00
-9.00 187.00 0.00
-5.00 187.00 0.00
-1.00 187.00 0.00
3.00 187.00 0.00
7.00 187.00 0.00
11.00 187.00 0.16
15.00 187.00 0.24
19.00 187.00 0.32
23.00 187.00 0.40
27.00 187.00 0.47
31.00 187.00 0.50
35.00 187.00 0.47
39.00 187.00 0.40
43.00 187.00 0.30
47.00 187.00 0.21
51.00 187.00 0.12
55.00 187.00 0.00
59.00 187.00 0.00
63.00 187.00 0.00
67.00 187.00 0.00
71.00 187.00 0.00
75.00 187.00 0.00
79.00 187.00 0.00
83.00 187.00 0.00
87.00 187.00 0.00
91.00 187.00 0.00
95.00 187.00 0.00
99.00 187.00 0.00
103.00 187.00 0.00
107.00 187.00 0.00
111.00 187.00 0.00
115.00 187.00 0.00
119.00 187.00 0.00
123.00 187.00 0.00
127.00 187.00 0.00
131.00 187.00 0.00
135.00 187.00 0.00
139.00 187.00 0.00
143.00 187.00 0.00
147.00 187.00 0.00
151.00 187.00 0.00
155.00 187.00 0.00
159.00 187.00 0.00
-357.00 191.00 0.00
-353.00 191.00 0.00
-349.00 191.00 0.00
-345.00 191.00 0.00
-341.00 191.00 0.00
-337.00 191.00 0.00
-333.00 191.00 0.00
-329.00 191.00 0.00
-325.00 191.00 0.00
-321.00 191.00 0.00
-317.00 191.00 0.00
-313.00 191.00 0.00
-309.00 191.00 0.00
-305.00 191.00 0.00
-301.00 191.00 0.00
-297.00 191.00 0.00
-293.00 191.00 0.00
-289.00 191.00 0.00
-285.00 191.00 0.00
-281.00 191.00 0.00
-277.00 191.00 0.00
-273.00 191.00 0.00
-269.00 191.00 0.00
-265.00 191.00 0.00
-261.00 191.00 0.00
-257.00 191.00 0.00
-253.00 191.00 0.00
-249.00 191.00 0.00
-245.00 191.00 0.00
-241.00 191.00 0.00
-237.00 191.00 0.00
-233.00 191.00 0.00
-229.00 191.00 0.00
-225.00 191.00 0.00
-221.00 191.00 0.00
-217.00 191.00 0.00
-213.00 191.00 0.00
-209.00 191.00 0.00
-205.00 191.00 0.00
-201.00 191.00 0.00
-197.00 191.00 0.00
-193.00 191.00 0.00
-189.00 191.00 0.00
-185.00 191.00 0.00
-181.00 191.00 0.00
-177.00 191.00 0.00
-173.00 191.00 0.00
-169.00 191.00 0.00
-165.00 191.00 0.00
-161.00 191.00 0.00
-157.00 191.00 0.00
-153.00 191.00 0.00
-149.00 191.00 0.00
-145.00 191.00 0.00
-141.00 191.00 0.00
-137.00 191.00 0.00
-133.00 191.00 0.00
-129.00 191.00 0.00
-125.00 191.00 0.00
-121.00 191.00 0.00
-117.00 191.00 0.00
-113.00 191.00 0.00
-109.00 191.00 0.00
-105.00 191.00 0.00
-101.00 191.00 0.00
-97.00 191.00 0.00
-93.00 191.00 0.00
-89.00 191.00 0.00
-85.00 191.00 0.00
-81.00 191.00 0.00
-77.00 191.00 0.00
-73.00 191.00 0.00
-69.00 191.00 0.00
-65.00 191.00 0.00
-61.00 191.00 0.00
-57.00 191.00 0.00
-53.00 191.00 0.00
-49.00 191.00 0.00
-45.00 191.00 0.00
-41.00 191.00 0.00
-37.00 191.00 0.00
-33.00 191.00 0.00
-29.00 191.00 0.00
-25.00 191.00 0.00
-21.00 191.00 0.00
-17.00 191.00 0.00
-13.00 191.00 0.00
-9.00 191.00 0.00
-5.00 191.00 0.00
-1.00 191.00 0.00
3.00 191.00 0.00
7.00 191.00 0.00
11.00 191.00 0.12
15.00 191.00 0.21
19.00 191.00 0.30
23.00 191.00 0.40
27.00 191.00 0.47
31.00 191.00 0.50
35.00 191.00 0.47
39.00 191.00 0.40
43.00 191.00 0.30
47.00 191.00 0.21
51.00 191.00 0.12
55.00 191.00 0.00
59.00 191.00 0.00
63.00 191.00 0.00
67.00 191.00 0.00
71.00 191.00 0.00
75.00 191.00 0.00
79.00 191.00 0.00
83.00 191.00 0.00
87.00 191.00 0.00
91.00 191.00 0.00
95.00 191.00 0.00
99.00 191.00 0.00
103.00 191.00 0.00
107.00 191.00 0.00
111.00 191.00 0.00
115.00 191.00 0.00
119.00 191.00 0.00
123.00 191.00 0.00
127.00 191.00 0.00
131.00 191.00 0.00
135.00 191.00 0.00
139.00 191.00 0.00
143.00 191.00 0.00
147.00 191.00 0.00
151.00 191.00 0.00
155.00 191.00 0.00
159.00 191.00 0.00
-357.00 195.00 0.00
-353.00 195.00 0.00
-349.00 195.00 0.00
-345.00 195.00 0.00
-341.00 195.00 0.00
-337.00 195.00 0.00
-333.00 195.00 0.00
-329.00 195.00 0.00
-325.00 195.00 0.00
-321.00 195.00 0.00
-317.00 195.00 0.00
-313.00 195.00 0.00
-309.00 195.00 0.00
-305.00 195.00 0.00
-301.00 195.00 0.00
-297.00 195.00 0.00
-293.00 195.00 0.00
-289.00 195.00 0.00
-285.00 195.00 0.00
-281.00 195.00 0.00
-277.00 195.00 0.00
-273.00 195.00 0.00
-269.00 195.00 0.00
-265.00 195.00 0.00
-261.00 195.00 0.00
-257.00 195.00 0.00
-253.00 195.00 0.00
-249.00 195.00 0.00
-245.00 195.00 0.00
-241.00 195.00 0.00
-237.00 195.00 0.00
-233.00 195.00 0.00
-229.00 195.00 0.00
-225.00 195.00 0.00
-221.00 195.00 0.00
-217.00 195.00 0.00
-213.00 195.00 0.00
-209.00 195.00 0.00
-205.00 195.00 0.00
-201.00 195.00 0.00
-197.00 195.00 0.00
-193.00 195.00 0.00
-189.00 195.00 0.00
-185.00 195.00 0.00
-181.00 195.00 0.00
-177.00 195.00 0.00
-173.00 195.00 0.00
-169.00 195.00 0.00
-165.00 195.00 0.00
-161.00 195.00 0.00
-157.00 195.00 0.00
-153.00 195.00 0.00
-149.00 195.00 0.00
-145.00 195.00 0.00
-141.00 195.00 0.00
-137.00 195.00 0.00
-133.00 195.00 0.00
-129.00 195.00 0.00
-125.00 195.00 0.00
-121.00 195.00 0.00
-117.00 195.00 0.00
-113.00 195.00 0.00
-109.00 195.00 0.00
-105.00 195.00 0.00
-101.00 195.00 0.00
-97.00 195.00 0.00
-93.00 195.00 0.00
-89.00 195.00 0.00
-85.00 195.00 0.00
-81.00 195.00 0.00
-77.00 195.00 0.00
-73.00 195.00 0.00
-69.00 195.00 0.00
-65.00 195.00 0.00
-61.00 195.00 0.00
-57.00 195.00 0.00
-53.00 195.00 0.00
-49.00 195.00 0.00
-45.00 195.00 0.00
-41.00 195.00 0.00
-37.00 195.00 0.00
-33.00 195.00 0.00
-29.00 195.00 0.00
-25.00 195.00 0.00
-21.00 195.00 0.00
-17.00 195.00 0.00
-13.00 195.00 0.00
-9.00 195.00 0.00
-5.00 195.00 0.00
-1.00 195.00 0.00
3.00 195.00 0.00
7.00 195.00 0.00
11.00 195.00 0.12
15.00 195.00 0.21
19.00 195.00 0.30
23.00 195.00 0.40
27.00 195.00 0.47
31.00 195.00 0.50
35.00 195.00 0.47
39.00 195.00 0.40
43.00 195.00 0.32
47.00 195.00 0.24
51.00 195.00 0.16
55.00 195.00 0.00
59.00 195.00 0.00
63.00 195.00 0.00
67.00 195.00 0.00
71.00 195.00 0.00
75.00 195.00 0.00
79.00 195.00 0.00
83.00 195.00 0.00
87.00 195.00 0.00
91.00 195.00 0.00
95.00 195.00 0.00
99.00 195.00 0.00
103.00 195.00 0.00
107.00 195.00 0.00
111.00 195.00 0.00
115.00 195.00 0.00
119.00 195.00 0.00
123.00 195.00 0.00
127.00 195.00 0.00
131.00 195.00 0.00
135.00 195.00 0.00
139.00 195.00 0.00
143.00 195.00 0.00
147.00 195.00 0.00
151.00 195.00 0.00
155.00 195.00 0.00
159.00 195.00 0.00
-357.00 199.00 0.00
-353.00 199.00 0.00
-349.00 199.00 0.00
-345.00 199.00 0.00
-341.00 199.00 0.00
-337.00 199.00 0.00
-333.00 199.00 0.00
-329.00 199.00 0.00
-325.00 199.00 0.00
-321.00 199.00 0.00
-317.00 199.00 0.00
-313.00 199.00 0.00
-309.00 199.00 0.00
-305.00 199.00 0.00
-301.00 199.00 0.00
-297.00 199.00 0.00
-293.00 199.00 0.00
-289.00 199.00 0.00
-285.00 199.00 0.00
-281.00 199.00 0.00
-277.00 199.00 0.00
-273.00 199.00 0.00
-269.00 199.00 0.00
-265.00 199.00 0.00
-261.00 199.00 0.00
-257.00 199.00 0.00
-253.00 199.00 0.00
-249.00 199.00 0.00
-245.00 199.00 0.00
-241.00 199.00 0.00
-237.00 199.00 0.00
-233.00 199.00 0.00
-229.00 199.00 0.00
-225.00 199.00 0.00
-221.00 199.00 0.00
-217.00 199.00 0.00
-213.00 199.00 0.00
-209.00 199.00 0.00
-205.00 199.00 0.00
-201.00 199.00 0.00
-197.00 199.00 0.00
-193.00 199.00 0.00
-189.00 199.00 0.00
-185.00 199.00 0.00
-181.00 199.00 0.00
-177.00 199.00 0.00
-173.00 199.00 0.00
-169.00 199.00 0.00
-165.00 199.00 0.00
-161.00 199.00 0.00
-157.00 199.00 0.00
-153.00 199.00 0.00
-149.00 199.00 0.00
-145.00 199.00 0.00
-141.00 199.00 0.00
-137.00 199.00 0.00
-133.00 199.00 0.00
-129.00 199.00 0.00
-125.00 199.00 0.00
-121.00 199.00 0.00
-117.00 199.00 0.00
-113.00 199.00 0.00
-109.00 199.00 0.00
-105.00 199.00 0.00
-101.00 199.00 0.00
-97.00 199.00 0.00
-93.00 199.00 0.00
-89.00 199.00 0.00
-85.00 199.00 0.00
-81.00 199.00 0.00
-77.00 199.00 0.00
-73.00 199.00 0.00
-69.00 199.00 0.00
-65.00 199.00 0.00
-61.00 199.00 0.00
-57.00 199.00 0.00
-53.00 199.00 0.00
-49.00 199.00 0.00
-45.00 199.00 0.00
-41.00 199.00 0.00
-37.00 199.00 0.00
-33.00 199.00 0.00
-29.00 199.00 0.00
-25.00 199.00 0.00
-21.00 199.00 0.00
-17.00 199.00 0.00
-13.00 199.00 0.00
-9.00 199.00 0.00
-5.00 199.00 0.00
-1.00 199.00 0.00
3.00 199.00 0.00
7.00 199.00 0.00
11.00 199.00 0.12
15.00 199.00 0.21
19.00 199.00 0.30
23.00 199.00 0.40
27.00 199.00 0.47
31.00 199.00 0.50
35.00 199.00 0.47
39.00 199.00 0.45
43.00 199.00 0.38
47.00 199.00 0.29
51.00 199.00 0.19
55.00 199.00 0.12
59.00 199.00 0.00
63.00 199.00 0.00
67.00 199.00 0.00
71.00 199.00 0.00
75.00 199.00 0.00
79.00 199.00 0.00
83.00 199.00 0.00
87.00 199.00 0.00
91.00 199.00 0.00
95.00 199.00 0.00
99.00 199.00 0.00
103.00 199.00 0.00
107.00 199.00 0.00
111.00 199.00 0.00
115.00 199.00 0.00
119.00 199.00 0.00
123.00 199.00 0.00
127.00 199.00 0.00
131.00 199.00 0.00
135.00 199.00 0.00
139.00 199.00 0.00
143.00 199.00 0.00
147.00 199.00 0.00
151.00 199.00 0.00
155.00 199.00 0.00
159.00 199.00 0.00
-357.00 203.00 0.00
-353.00 203.00 0.00
-349.00 203.00 0.00
-345.00 203.00 0.00
-341.00 203.00 0.00
-337.00 203.00 0.00
-333.00 203.00 0.00
-329.00 203.00 0.00
-325.00 203.00 0.00
-321.00 203.00 0.00
-317.00 203.00 0.00
-313.00 203.00 0.00
-309.00 203.00 0.00
-305.00 203.00 0.00
-301.00 203.00 0.00
-297.00 203.00 0.00
-293.00 203.00 0.00
-289.00 203.00 0.00
-285.00 203.00 0.00
-281.00 203.00 0.00
-277.00 203.00 0.00
-273.00 203.00 0.00
-269.00 203.00 0.00
-265.00 203.00 0.00
-261.00 203.00 0.00
-257.00 203.00 0.00
-253.00 203.00 0.00
-249.00 203.00 0.00
-245.00 203.00 0.00
-241.00 203.00 0.00
-237.00 203.00 0.00
-233.00 203.00 0.00
-229.00 203.00 0.00
-225.00 203.00 0.00
-221.00 203.00 0.00
-217.00 203.00 0.00
-213.00 203.00 0.00
-209.00 203.00 0.00
-205.00 203.00 0.00
-201.00 203.00 0.00
-197.00 203.00 0.00
-193.00 203.00 0.00
-189.00 203.00 0.00
-185.00 203.00 0.00
-181.00 203.00 0.00
-177.00 203.00 0.00
-173.00 203.00 0.00
-169.00 203.00 0.00
-165.00 203.00 0.00
-161.00 203.00 0.00
-157.00 203.00 0.00
-153.00 203.00 0.00
-149.00 203.00 0.00
-145.00 203.00 0.00
-141.00 203.00 0.00
-137.00 203.00 0.00
-133.00 203.00 0.00
-129.00 203.00 0.00
-125.00 203.00 0.00
-121.00 203.00 0.00
-117.00 203.00 0.00
-113.00 203.00 0.00
-109.00 203.00 0.00
-105.00 203.00 0.00
-101.00 203.00 0.00
-97.00 203.00 0.00
-93.00 203.00 0.00
-89.00 203.00 0.00
-85.00 203.00 0.00
-81.00 203.00 0.00
-77.00 203.00 0.00
-73.00 203.00 0.00
-69.00 203.00 0.00
-65.00 203.00 0.00
-61.00 203.00 0.00
-57.00 203.00 0.00
-53.00 203.00 0.00
-49.00 203.00 0.00
-45.00 203.00 0.00
-41.00 203.00 0.00
-37.00 203.00 0.00
-33.00 203.00 0.00
-29.00 203.00 0.00
-25.00 203.00 0.00
-21.00 203.00 0.00
-17.00 203.00 0.00
-13.00 203.00 0.00
-9.00 203.00 0.00
-5.00 203.00 0.00
-1.00 203.00 0.12
3.00 203.00 0.12
7.00 203.00 0.12
11.00 203.00 0.12
15.00 203.00 0.19
19.00 203.00 0.29
23.00 203.00 0.38
27.00 203.00 0.45
31.00 203.00 0.47
35.00 203.00 0.50
39.00 203.00 0.47
43.00 203.00 0.40
47.00 203.00 0.30
51.00 203.00 0.21
55.00 203.00 0.12
59.00 203.00 0.00
63.00 203.00 0.00
67.00 203.00 0.00
71.00 203.00 0.00
75.00 203.00 0.00
79.00 203.00 0.00
83.00 203.00 0.00
87.00 203.00 0.00
91.00 203.00 0.00
95.00 203.00 0.00
99.00 203.00 0.00
103.00 203.00 0.00
107.00 203.00 0.00
111.00 203.00 0.00
115.00 203.00 0.00
119.00 203.00 0.00
123.00 203.00 0.00
127.00 203.00 0.00
131.00 203.00 0.00
135.00 203.00 0.00
139.00 203.00 0.00
143.00 203.00 0.00
147.00 203.00 0.00
151.00 203.00 0.00
155.00 203.00 0.00
159.00 203.00 0.00
-357.00 207.00 0.00
-353.00 207.00 0.00
-349.00 207.00 0.00
-345.00 207.00 0.00
-341.00 207.00 0.00
-337.00 207.00 0.00
-333.00 207.00 0.00
-329.00 207.00 0.00
-325.00 207.00 0.00
-321.00 207.00 0.00
-317.00 207.00 0.00
-313.00 207.00 0.00
-309.00 207.00 0.00
-305.00 207.00 0.00
-301.00 207.00 0.00
-297.00 207.00 0.00
-293.00 207.00 0.00
-289.00 207.00 0.00
-285.00 207.00 0.00
-281.00 207.00 0.00
-277.00 207.00 0.00
-273.00 207.00 0.00
-269.00 207.00 0.00
-265.00 207.00 0.00
-261.00 207.00 0.00
-257.00 207.00 0.00
-253.00 207.00 0.00
-249.00 207.00 0.00
-245.00 207.00 0.00
-241.00 207.00 0.00
-237.00 207.00 0.00
-233.00 207.00 0.00
-229.00 207.00 0.00
-225.00 207.00 0.00
-221.00 207.00 0.00
-217.00 207.00 0.00
-213.00 207.00 0.00
-209.00 207.00 0.00
-205.00 207.00 0.00
-201.00 207.00 0.00
-197.00 207.00 0.00
-193.00 207.00 0.00
-189.00 207.00 0.00
-185.00 207.00 0.00
-181.00 207.00 0.00
-177.00 207.00 0.00
-173.00 207.00 0.00
-169.00 207.00 0.00
-165.00 207.00 0.00
-161.00 207.00 0.00
-157.00 207.00 0.00
-153.00 207.00 0.00
-149.00 207.00 0.00
-145.00 207.00 0.00
-141.00 207.00 0.00
-137.00 207.00 0.00
-133.00 207.00 0.00
-129.00 207.00 0.00
-125.00 207.00 0.00
-121.00 207.00 0.00
-117.00 207.00 0.00
-113.00 207.00 0.00
-109.00 207.00 0.00
-105.00 207.00 0.00
-101.00 207.00 0.00
-97.00 207.00 0.00
-93.00 207.00 0.00
-89.00 207.00 0.00
-85.00 207.00 0.00
-81.00 207.00 0.00
-77.00 207.00 0.00
-73.00 207.00 0.00
-69.00 207.00 0.00
-65.00 207.00 0.00
-61.00 207.00 0.00
-57.00 207.00 0.00
-53.00 207.00 0.00
-49.00 207.00 0.00
-45.00 207.00 0.00
-41.00 207.00 0.00
-37.00 207.00 0.00
-33.00 207.00 0.00
-29.00 207.00 0.00
-25.00 207.00 0.00
-21.00 207.00 0.00
-17.00 207.00 0.00
-13.00 207.00 0.00
-9.00 207.00 0.12
-5.00 207.00 0.16
-1.00 207.00 0.19
3.00 207.00 0.21
7.00 207.00 0.21
11.00 207.00 0.19
15.00 207.00 0.24
19.00 207.00 0.32
23.00 207.00 0.40
27.00 207.00 0.47
31.00 207.00 0.50
35.00 207.00 0.50
39.00 207.00 0.47
43.00 207.00 0.40
47.00 207.00 0.30
51.00 207.00 0.21
55.00 207.00 0.12
59.00 207.00 0.00
63.00 207.00 0.00
67.00 207.00 0.00
71.00 207.00 0.00
75.00 207.00 0.00
79.00 207.00 0.00
83.00 207.00 0.00
87.00 207.00 0.00
91.00 207.00 0.00
95.00 207.00 0.00
99.00 207.00 0.00
103.00 207.00 0.00
107.00 207.00 0.00
111.00 207.00 0.00
115.00 207.00 0.00
119.00 207.00 0.00
123.00 207.00 0.00
127.00 207.00 0.00
131.00 207.00 0.00
135.00 207.00 0.00
139.00 207.00 0.00
143.00 207.00 0.00
147.00 207.00 0.00
151.00 207.00 0.00
155.00 207.00 0.00
159.00 207.00 0.00
-357.00 211.00 0.00
-353.00 211.00 0.00
-349.00 211.00 0.00
-345.00 211.00 0.00
-341.00 211.00 0.00
-337.00 211.00 0.00
-333.00 211.00 0.00
-329.00 211.00 0.00
-325.00 211.00 0.00
-321.00 211.00 0.00
-317.00 211.00 0.00
-313.00 211.00 0.00
-309.00 211.00 0.00
-305.00 211.00 0.00
-301.00 211.00 0.00
-297.00 211.00 0.00
-293.00 211.00 0.00
-289.00 211.00 0.00
-285.00 211.00 0.00
-281.00 211.00 0.00
-277.00 211.00 0.00
-273.00 211.00 0.00
-269.00 211.00 0.00
-265.00 211.00 0.00
-261.00 211.00 0.00
-257.00 211.00 0.00
-253.00 211.00 0.00
-249.00 211.00 0.00
-245.00 211.00 0.00
-241.00 211.00 0.00
-237.00 211.00 0.00
-233.00 211.00 0.00
-229.00 211.00 0.00
-225.00 211.00 0.00
-221.00 211.00 0.00
-217.00 211.00 0.00
-213.00 211.00 0.00
-209.00 211.00 0.00
-205.00 211.00 0.00
-201.00 211.00 0.00
-197.00 211.00 0.00
-193.00 211.00 0.00
-189.00 211.00 0.00
-185.00 211.00 0.00
-181.00 211.00 0.00
-177.00 211.00 0.00
-173.00 211.00 0.00
-169.00 211.00 0.00
-165.00 211.00 0.00
-161.00 211.00 0.00
-157.00 211.00 0.00
-153.00 211.00 0.00
-149.00 211.00 0.00
-145.00 211.00 0.00
-141.00 211.00 0.00
-137.00 211.00 0.00
-133.00 211.00 0.00
-129.00 211.00 0.00
-125.00 211.00 0.00
-121.00 211.00 0.00
-117.00 211.00 0.00
-113.00 211.00 0.00
-109.00 211.00 0.00
-105.00 211.00 0.00
-101.00 211.00 0.00
-97.00 211.00 0.00
-93.00 211.00 0.00
-89.00 211.00 0.00
-85.00 211.00 0.00
-81.00 211.00 0.00
-77.00 211.00 0.00
-73.00 211.00 0.00
-69.00 211.00 0.00
-65.00 211.00 0.00
-61.00 211.00 0.00
-57.00 211.00 0.00
-53.00 211.00 0.00
-49.00 211.00 0.00
-45.00 211.00 0.00
-41.00 211.00 0.00
-37.00 211.00 0.00
-33.00 211.00 0.00
-29.00 211.00 0.00
-25.00 211.00 0.00
-21.00 211.00 0.00
-17.00 211.00 0.00
-13.00 211.00 0.12
-9.00 211.00 0.18
-5.00 211.00 0.24
-1.00 211.00 0.29
3.00 211.00 0.30
7.00 211.00 0.30
11.00 211.00 0.29
15.00 211.00 0.32
19.00 211.00 0.38
23.00 211.00 0.45
27.00 211.00 0.47
31.00 211.00 0.50
35.00 211.00 0.47
39.00 211.00 0.45
43.00 211.00 0.38
47.00 211.00 0.29
51.00 211.00 0.19
55.00 211.00 0.12
59.00 211.00 0.00
63.00 211.00 0.00
67.00 211.00 0.00
71.00 211.00 0.00
75.00 211.00 0.00
79.00 211.00 0.00
83.00 211.00 0.00
87.00 211.00 0.00
91.00 211.00 0.00
95.00 211.00 0.00
99.00 211.00 0.00
103.00 211.00 0.00
107.00 211.00 0.00
111.00 211.00 0.00
115.00 211.00 0.00
119.00 211.00 0.00
123.00 211.00 0.00
127.00 211.00 0.00
131.00 211.00 0.00
135.00 211.00 0.00
139.00 211.00 0.00
143.00 211.00 0.00
147.00 211.00 0.00
151.00 211.00 0.00
155.00 211.00 0.00
159.00 211.00 0.00
-357.00 215.00 0.00
-353.00 215.00 0.00
-349.00 215.00 0.00
-345.00 215.00 0.00
-341.00 215.00 0.00
-337.00 215.00 0.00
-333.00 215.00 0.00
-329.00 215.00 0.00
-325.00 215.00 0.00
-321.00 215.00 0.00
-317.00 215.00 0.00
-313.00 215.00 0.00
-309.00 215.00 0.00
-305.00 215.00 0.00
-301.00 215.00 0.00
-297.00 215.00 0.00
-293.00 215.00 0.00
-289.00 215.00 0.00
-285.00 215.00 0.00
-281.00 215.00 0.00
-277.00 215.00 0.00
-273.00 215.00 0.00
-269.00 215.00 0.00
-265.00 215.00 0.00
-261.00 215.00 0.00
-257.00 215.00 0.00
-253.00 215.00 0.00
-249.00 215.00 0.00
-245.00 215.00 0.00
-241.00 215.00 0.00
-237.00 215.00 0.00
-233.00 215.00 0.00
-229.00 215.00 0.00
-225.00 215.00 0.00
-221.00 215.00 0.00
-217.00 215.00 0.00
-213.00 215.00 0.00
-209.00 215.00 0.00
-205.00 215.00 0.00
-201.00 215.00 0.00
-197.00 215.00 0.00
-193.00 215.00 0.00
-189.00 215.00 0.00
-185.00 215.00 0.00
-181.00 215.00 0.00
-177.00 215.00 0.00
-173.00 215.00 0.00
-169.00 215.00 0.00
-165.00 215.00 0.00
-161.00 215.00 0.00
-157.00 215.00 0.00
-153.00 215.00 0.00
-149.00 215.00 0.00
-145.00 215.00 0.00
-141.00 215.00 0.00
-137.00 215.00 0.00
-133.00 215.00 0.00
-129.00 215.00 0.00
-125.00 215.00 0.00
-121.00 215.00 0.00
-117.00 215.00 0.00
-113.00 215.00 0.00
-109.00 215.00 0.00
-105.00 215.00 0.00
-101.00 215.00 0.00
-97.00 215.00 0.00
-93.00 215.00 0.00
-89.00 215.00 0.00
-85.00 215.00 0.00
-81.00 215.00 0.00
-77.00 215.00 0.00
-73.00 215.00 0.00
-69.00 215.00 0.00
-65.00 215.00 0.00
-61.00 215.00 0.00
-57.00 215.00 0.00
-53.00 215.00 0.00
-49.00 215.00 0.00
-45.00 215.00 0.00
-41.00 215.00 0.00
-37.00 215.00 0.00
-33.00 215.00 0.00
-29.00 215.00 0.00
-25.00 215.00 0.00
-21.00 215.00 0.00
-17.00 215.00 0.00
-13.00 215.00 0.16
-9.00 215.00 0.24
-5.00 215.00 0.32
-1.00 215.00 0.38
3.00 215.00 0.40
7.00 215.00 0.40
11.00 215.00 0.38
15.00 215.00 0.38
19.00 215.00 0.45
23.00 215.00 0.47
27.00 215.00 0.50
31.00 215.00 0.47
35.00 215.00 0.45
39.00 215.00 0.38
43.00 215.00 0.32
47.00 215.00 0.24
51.00 215.00 0.16
55.00 215.00 0.00
59.00 215.00 0.00
63.00 215.00 0.00
67.00 215.00 0.00
71.00 215.00 0.00
75.00 215.00 0.00
79.00 215.00 0.00
83.00 215.00 0.00
87.00 215.00 0.00
91.00 215.00 0.00
95.00 215.00 0.00
99.00 215.00 0.00
103.00 215.00 0.00
107.00 215.00 0.00
111.00 215.00 0.00
115.00 215.00 0.00
119.00 215.00 0.00
123.00 215.00 0.00
127.00 215.00 0.00
131.00 215.00 0.00
135.00 215.00 0.00
139.00 215.00 0.00
143.00 215.00 0.00
147.00 215.00 0.00
151.00 215.00 0.00
155.00 215.00 0.00
159.00 215.00 0.00
-357.00 219.00 0.00
-353.00 219.00 0.00
-349.00 219.00 0.00
-345.00 219.00 0.00
-341.00 219.00 0.00
-337.00 219.00 0.00
-333.00 219.00 0.00
-329.00 219.00 0.00
-325.00 219.00 0.00
-321.00 219.00 0.00
-317.00 219.00 0.00
-313.00 219.00 0.00
-309.00 219.00 0.00
-305.00 219.00 0.00
-301.00 219.00 0.00
-297.00 219.00 0.00
-293.00 219.00 0.00
-289.00 219.00 0.00
-285.00 219.00 0.00
-281.00 219.00 0.00
-277.00 219.00 0.00
-273.00 219.00 0.00
-269.00 219.00 0.00
-265.00 219.00 0.00
-261.00 219.00 0.00
-257.00 219.00 0.00
-253.00 219.00 0.00
-249.00 219.00 0.00
-245.00 219.00 0.00
-241.00 219.00 0.00
-237.00 219.00 0.00
-233.00 219.00 0.00
-229.00 219.00 0.00
-225.00 219.00 0.00
-221.00 219.00 0.00
-217.00 219.00 0.00
-213.00 219.00 0.00
-209.00 219.00 0.00
-205.00 219.00 0.00
-201.00 219.00 0.00
-197.00 219.00 0.00
-193.00 219.00 0.00
-189.00 219.00 0.00
-185.00 219.00 0.00
-181.00 219.00 0.00
-177.00 219.00 0.00
-173.00 219.00 0.00
-169.00 219.00 0.00
-165.00 219.00 0.00
-161.00 219.00 0.00
-157.00 219.00 0.00
-153.00 219.00 0.00
-149.00 219.00 0.00
-145.00 219.00 0.00
-141.00 219.00 0.00
-137.00 219.00 0.00
-133.00 219.00 0.00
-129.00 219.00 0.00
-125.00 219.00 0.00
-121.00 219.00 0.00
-117.00 219.00 0.00
-113.00 219.00 0.00
-109.00 219.00 0.00
-105.00 219.00 0.00
-101.00 219.00 0.00
-97.00 219.00 0.00
-93.00 219.00 0.00
-89.00 219.00 0.00
-85.00 219.00 0.00
-81.00 219.00 0.00
-77.00 219.00 0.00
-73.00 219.00 0.00
-69.00 219.00 0.00
-65.00 219.00 0.00
-61.00 219.00 0.00
-57.00 219.00 0.00
-53.00 219.00 0.00
-49.00 219.00 0.00
-45.00 219.00 0.00
-41.00 219.00 0.00
-37.00 219.00 0.00
-33.00 219.00 0.00
-29.00 219.00 0.00
-25.00 219.00 0.00
-21.00 219.00 0.12
-17.00 219.00 0.16
-13.00 219.00 0.19
-9.00 219.00 0.29
-5.00 219.00 0.38
-1.00 219.00 0.45
3.00 219.00 0.47
7.00 219.00 0.47
11.00 219.00 0.45
15.00 219.00 0.45
19.00 219.00 0.47
23.00 219.00 0.50
27.00 219.00 0.47
31.00 219.00 0.45
35.00 219.00 0.38
39.00 219.00 0.32
43.00 219.00 0.24
47.00 219.00 0.18
51.00 219.00 0.12
55.00 219.00 0.00
59.00 219.00 0.00
63.00 219.00 0.00
67.00 219.00 0.00
71.00 219.00 0.00
75.00 219.00 0.00
79.00 219.00 0.00
83.00 219.00 0.00
87.00 219.00 0.00
91.00 219.00 0.00
95.00 219.00 0.00
99.00 219.00 0.00
103.00 219.00 0.00
107.00 219.00 0.00
111.00 219.00 0.00
115.00 219.00 0.00
119.00 219.00 0.00
123.00 219.00 0.00
127.00 219.00 0.00
131.00 219.00 0.00
135.00 219.00 0.00
139.00 219.00 0.00
143.00 219.00 0.00
147.00 219.00 0.00
151.00 219.00 0.00
155.00 219.00 0.00
159.00 219.00 0.00
-357.00 223.00 0.00
-353.00 223.00 0.00
-349.00 223.00 0.00
-345.00 223.00 0.00
-341.00 223.00 0.00
-337.00 223.00 0.00
-333.00 223.00 0.00
-329.00 223.00 0.00
-325.00 223.00 0.00
-321.00 223.00 0.00
-317.00 223.00 0.00
-313.00 223.00 0.00
-309.00 223.00 0.00
-305.00 223.00 0.00
-301.00 223.00 0.00
-297.00 223.00 0.00
-293.00 223.00 0.00
-289.00 223.00 0.00
-285.00 223.00 0.00
-281.00 223.00 0.00
-277.00 223.00 0.00
-273.00 223.00 0.00
-269.00 223.00 0.00
-265.00 223.00 0.00
-261.00 223.00 0.00
-257.00 223.00 0.00
-253.00 223.00 0.00
-249.00 223.00 0.00
-245.00 223.00 0.00
-241.00 223.00 0.00
-237.00 223.00 0.00
-233.00 223.00 0.00
-229.00 223.00 0.00
-225.00 223.00 0.00
-221.00 223.00 0.00
-217.00 223.00 0.00
-213.00 223.00 0.00
-209.00 223.00 0.00
-205.00 223.00 0.00
-201.00 223.00 0.00
-197.00 223.00 0.00
-193.00 223.00 0.00
-189.00 223.00 0.00
-185.00 223.00 0.00
-181.00 223.00 0.00
-177.00 223.00 0.00
-173.00 223.00 0.00
-169.00 223.00 0.00
-165.00 223.00 0.00
-161.00 223.00 0.00
-157.00 223.00 0.00
-153.00 223.00 0.00
-149.00 223.00 0.00
-145.00 223.00 0.00
-141.00 223.00 0.00
-137.00 223.00 0.00
-133.00 223.00 0.00
-129.00 223.00 0.00
-125.00 223.00 0.00
-121.00 223.00 0.00
-117.00 223.00 0.00
-113.00 223.00 0.00
-109.00 223.00 0.00
-105.00 223.00 0.00
-101.00 223.00 0.00
-97.00 223.00 0.00
-93.00 223.00 0.00
-89.00 223.00 0.00
-85.00 223.00 0.00
-81.00 223.00 0.00
-77.00 223.00 0.00
-73.00 223.00 0.00
-69.00 223.00 0.00
-65.00 223.00 0.00
-61.00 223.00 0.00
-57.00 223.00 0.00
-53.00 223.00 0.00
-49.00 223.00 0.00
-45.00 223.00 0.00
-41.00 223.00 0.00
-37.00 223.00 0.00
-33.00 223.00 0.00
-29.00 223.00 0.00
-25.00 223.00 0.12
-21.00 223.00 0.18
-17.00 223.00 0.24
-13.00 223.00 0.29
-9.00 223.00 0.30
-5.00 223.00 0.40
-1.00 223.00 0.47
3.00 223.00 0.50
7.00 223.00 0.50
11.00 223.00 0.47
15.00 223.00 0.47
19.00 223.00 0.50
23.00 223.00 0.47
27.00 223.00 0.45
31.00 223.00 0.38
35.00 223.00 0.32
39.00 223.00 0.24
43.00 223.00 0.18
47.00 223.00 0.12
51.00 223.00 0.00
55.00 223.00 0.00
59.00 223.00 0.00
63.00 223.00 0.00
67.00 223.00 0.00
71.00 223.00 0.00
75.00 223.00 0.00
79.00 223.00 0.00
83.00 223.00 0.00
87.00 223.00 0.00
91.00 223.00 0.00
95.00 223.00 0.00
99.00 223.00 0.00
103.00 223.00 0.00
107.00 223.00 0.00
111.00 223.00 0.00
115.00 223.00 0.00
119.00 223.00 0.00
123.00 223.00 0.00
127.00 223.00 0.00
131.00 223.00 0.00
135.00 223.00 0.00
139.00 223.00 0.00
143.00 223.00 0.00
147.00 223.00 0.00
151.00 223.00 0.00
155.00 223.00 0.00
159.00 223.00 0.00
-357.00 227.00 0.00
-353.00 227.00 0.00
-349.00 227.00 0.00
-345.00 227.00 0.00
-341.00 227.00 0.00
-337.00 227.00 0.00
-333.00 227.00 0.00
-329.00 227.00 0.00
-325.00 227.00 0.00
-321.00 227.00 0.00
-317.00 227.00 0.00
-313.00 227.00 0.00
-309.00 227.00 0.00
-305.00 227.00 0.00
-301.00 227.00 0.00
-297.00 227.00 0.00
-293.00 227.00 0.00
-289.00 227.00 0.00
-285.00 227.00 0.00
-281.00 227.00 0.00
-277.00 227.00 0.00
-273.00 227.00 0.00
-269.00 227.00 0.00
-265.00 227.00 0.00
-261.00 227.00 0.00
-257.00 227.00 0.00
-253.00 227.00 0.00
-249.00 227.00 0.00
-245.00 227.00 0.00
-241.00 227.00 0.00
-237.00 227.00 0.00
-233.00 227.00 0.00
-229.00 227.00 0.00
-225.00 227.00 0.00
-221.00 227.00 0.00
-217.00 227.00 0.00
-213.00 227.00 0.00
-209.00 227.00 0.00
-205.00 227.00 0.00
-201.00 227.00 0.00
-197.00 227.00 0.00
-193.00 227.00 0.00
-189.00 227.00 0.00
-185.00 227.00 0.00
-181.00 227.00 0.00
-177.00 227.00 0.00
-173.00 227.00 0.00
-169.00 227.00 0.00
-165.00 227.00 0.00
-161.00 227.00 0.00
-157.00 227.00 0.00
-153.00 227.00 0.00
-149.00 227.00 0.00
-145.00 227.00 0.00
-141.00 227.00 0.00
-137.00 227.00 0.00
-133.00 227.00 0.00
-129.00 227.00 0.00
-125.00 227.00 0.00
-121.00 227.00 0.00
-117.00 227.00 0.00
-113.00 227.00 0.00
-109.00 227.00 0.00
-105.00 227.00 0.00
-101.00 227.00 0.00
-97.00 227.00 0.00
-93.00 227.00 0.00
-89.00 227.00 0.00
-85.00 227.00 0.00
-81.00 227.00 0.00
-77.00 227.00 0.00
-73.00 227.00 0.00
-69.00 227.00 0.00
-65.00 227.00 0.00
-61.00 227.00 0.00
-57.00 227.00 0.00
-53.00 227.00 0.00
-49.00 227.00 0.00
-45.00 227.00 0.00
-41.00 227.00 0.00
-37.00 227.00 0.00
-33.00 227.00 0.00
-29.00 227.00 0.00
-25.00 227.00 0.16
-21.00 227.00 0.24
-17.00 227.00 0.32
-13.00 227.00 0.38
-9.00 227.00 0.40
-5.00 227.00 0.40
-1.00 227.00 0.45
3.00 227.00 0.47
7.00 227.00 0.50
11.00 227.00 0.47
15.00 227.00 0.47
19.00 227.00 0.50
23.00 227.00 0.47
27.00 227.00 0.40
31.00 227.00 0.32
35.00 227.00 0.24
39.00 227.00 0.18
43.00 227.00 0.12
47.00 227.00 0.00
51.00 227.00 0.00
55.00 227.00 0.00
59.00 227.00 0.00
63.00 227.00 0.00
67.00 227.00 0.00
71.00 227.00 0.00
75.00 227.00 0.00
79.00 227.00 0.00
83.00 227.00 0.00
87.00 227.00 0.00
91.00 227.00 0.00
95.00 227.00 0.00
99.00 227.00 0.00
103.00 227.00 0.00
107.00 227.00 0.00
111.00 227.00 0.00
115.00 227.00 0.00
119.00 227.00 0.00
123.00 227.00 0.00
127.00 227.00 0.00
131.00 227.00 0.00
135.00 227.00 0.00
139.00 227.00 0.00
143.00 227.00 0.00
147.00 227.00 0.00
151.00 227.00 0.00
155.00 227.00 0.00
159.00 227.00 0.00
-357.00 231.00 0.00
-353.00 231.00 0.00
-349.00 231.00 0.00
-345.00 231.00 0.00
-341.00 231.00 0.00
-337.00 231.00 0.00
-333.00 231.00 0.00
-329.00 231.00 0.00
-325.00 231.00 0.00
-321.00 231.00 0.00
-317.00 231.00 0.00
-313.00 231.00 0.00
-309.00 231.00 0.00
-305.00 231.00 0.00
-301.00 231.00 0.00
-297.00 231.00 0.00
-293.00 231.00 0.00
-289.00 231.00 0.00
-285.00 231.00 0.00
-281.00 231.00 0.00
-277.00 231.00 0.00
-273.00 231.00 0.00
-269.00 231.00 0.00
-265.00 231.00 0.00
-261.00 231.00 0.00
-257.00 231.00 0.00
-253.00 231.00 0.00
-249.00 231.00 0.00
-245.00 231.00 0.00
-241.00 231.00 0.00
-237.00 231.00 0.00
-233.00 231.00 0.00
-229.00 231.00 0.00
-225.00 231.00 0.00
-221.00 231.00 0.00
-217.00 231.00 0.00
-213.00 231.00 0.00
-209.00 231.00 0.00
-205.00 231.00 0.00
-201.00 231.00 0.00
-197.00 231.00 0.00
-193.00 231.00 0.00
-189.00 231.00 0.00
-185.00 231.00 0.00
-181.00 231.00 0.00
-177.00 231.00 0.00
-173.00 231.00 0.00
-169.00 231.00 0.00
-165.00 231.00 0.00
-161.00 231.00 0.00
-157.00 231.00 0.00
-153.00 231.00 0.00
-149.00 231.00 0.00
-145.00 231.00 0.00
-141.00 231.00 0.00
-137.00 231.00 0.00
-133.00 231.00 0.00
-129.00 231.00 0.00
-125.00 231.00 0.00
-121.00 231.00 0.00
-117.00 231.00 0.00
-113.00 231.00 0.00
-109.00 231.00 0.00
-105.00 231.00 0.00
-101.00 231.00 0.00
-97.00 231.00 0.00
-93.00 231.00 0.00
-89.00 231.00 0.00
-85.00 231.00 0.00
-81.00 231.00 0.00
-77.00 231.00 0.00
-73.00 231.00 0.00
-69.00 231.00 0.00
-65.00 231.00 0.00
-61.00 231.00 0.00
-57.00 231.00 0.00
-53.00 231.00 0.00
-49.00 231.00 0.00
-45.00 231.00 0.00
-41.00 231.00 0.00
-37.00 231.00 0.00
-33.00 231.00 0.00
-29.00 231.00 0.12
-25.00 231.00 0.19
-21.00 231.00 0.29
-17.00 231.00 0.38
-13.00 231.00 0.45
-9.00 231.00 0.47
-5.00 231.00 0.47
-1.00 231.00 0.45
3.00 231.00 0.47
7.00 231.00 0.50
11.00 231.00 0.50
15.00 231.00 0.47
19.00 231.00 0.50
23.00 231.00 0.47
27.00 231.00 0.40
31.00 231.00 0.30
35.00 231.00 0.21
39.00 231.00 0.12
43.00 231.00 0.00
47.00 231.00 0.00
51.00 231.00 0.00
55.00 231.00 0.00
59.00 231.00 0.00
63.00 231.00 0.00
67.00 231.00 0.00
71.00 231.00 0.00
75.00 231.00 0.00
79.00 231.00 0.00
83.00 231.00 0.00
87.00 231.00 0.00
91.00 231.00 0.00
95.00 231.00 0.00
99.00 231.00 0.00
103.00 231.00 0.00
107.00 231.00 0.00
111.00 231.00 0.00
115.00 231.00 0.00
119.00 231.00 0.00
123.00 231.00 0.00
127.00 231.00 0.00
131.00 231.00 0.00
135.00 231.00 0.00
139.00 231.00 0.00
143.00 231.00 0.00
147.00 231.00 0.00
151.00 231.00 0.00
155.00 231.00 0.00
159.00 231.00 0.00
-357.00 235.00 0.00
-353.00 235.00 0.00
-349.00 235.00 0.00
-345.00 235.00 0.00
-341.00 235.00 0.00
-337.00 235.00 0.00
-333.00 235.00 0.00
-329.00 235.00 0.00
-325.00 235.00 0.00
-321.00 235.00 0.00
-317.00 235.00 0.00
-313.00 235.00 0.00
-309.00 235.00 0.00
-305.00 235.00 0.00
-301.00 235.00 0.00
-297.00 235.00 0.00
-293.00 235.00 0.00
-289.00 235.00 0.00
-285.00 235.00 0.00
-281.00 235.00 0.00
-277.00 235.00 0.00
-273.00 235.00 0.00
-269.00 235.00 0.00
-265.00 235.00 0.00
-261.00 235.00 0.00
-257.00 235.00 0.00
-253.00 235.00 0.00
-249.00 235.00 0.00
-245.00 235.00 0.00
-241.00 235.00 0.00
-237.00 235.00 0.00
-233.00 235.00 0.00
-229.00 235.00 0.00
-225.00 235.00 0.00
-221.00 235.00 0.00
-217.00 235.00 0.00
-213.00 235.00 0.00
-209.00 235.00 0.00
-205.00 235.00 0.00
-201.00 235.00 0.00
-197.00 235.00 0.00
-193.00 235.00 0.00
-189.00 235.00 0.00
-185.00 235.00 0.00
-181.00 235.00 0.00
-177.00 235.00 0.00
-173.00 235.00 0.00
-169.00 235.00 0.00
-165.00 235.00 0.00
-161.00 235.00 0.00
-157.00 235.00 0.00
-153.00 235.00 0.00
-149.00 235.00 0.00
-145.00 235.00 0.00
-141.00 235.00 0.00
-137.00 235.00 0.00
-133.00 235.00 0.00
-129.00 235.00 0.00
-125.00 235.00 0.00
-121.00 235.00 0.00
-117.00 235.00 0.00
-113.00 235.00 0.00
-109.00 235.00 0.00
-105.00 235.00 0.00
-101.00 235.00 0.00
-97.00 235.00 0.00
-93.00 235.00 0.00
-89.00 235.00 0.00
-85.00 235.00 0.00
-81.00 235.00 0.00
-77.00 235.00 0.00
-73.00 235.00 0.00
-69.00 235.00 0.00
-65.00 235.00 0.00
-61.00 235.00 0.00
-57.00 235.00 0.00
-53.00 235.00 0.00
-49.00 235.00 0.00
-45.00 235.00 0.00
-41.00 235.00 0.00
-37.00 235.00 0.00
-33.00 235.00 0.00
-29.00 235.00 0.12
-25.00 235.00 0.21
-21.00 235.00 0.30
-17.00 235.00 0.40
-13.00 235.00 0.47
-9.00 235.00 0.50
-5.00 235.00 0.50
-1.00 235.00 0.47
3.00 235.00 0.50
7.00 235.00 0.47
11.00 235.00 0.47
15.00 235.00 0.50
19.00 235.00 0.47
23.00 235.00 0.45
27.00 235.00 0.38
31.00 235.00 0.29
35.00 235.00 0.19
39.00 235.00 0.12
43.00 235.00 0.00
47.00 235.00 0.00
51.00 235.00 0.00
55.00 235.00 0.00
59.00 235.00 0.00
63.00 235.00 0.00
67.00 235.00 0.00
71.00 235.00 0.00
75.00 235.00 0.00
79.00 235.00 0.00
83.00 235.00 0.00
87.00 235.00 0.00
91.00 235.00 0.00
95.00 235.00 0.00
99.00 235.00 0.00
103.00 235.00 0.00
107.00 235.00 0.00
111.00 235.00 0.00
115.00 235.00 0.00
119.00 235.00 0.00
123.00 235.00 0.00
127.00 235.00 0.00
131.00 235.00 0.00
135.00 235.00 0.00
139.00 235.00 0.00
143.00 235.00 0.00
147.00 235.00 0.00
151.00 235.00 0.00
155.00 235.00 0.00
159.00 235.00 0.00
-357.00 239.00 0.00
-353.00 239.00 0.00
-349.00 239.00 0.00
-345.00 239.00 0.00
-341.00 239.00 0.00
-337.00 239.00 0.00
-333.00 239.00 0.00
-329.00 239.00 0.00
-325.00 239.00 0.00
-321.00 239.00 0.00
-317.00 239.00 0.00
-313.00 239.00 0.00
-309.00 239.00 0.00
-305.00 239.00 0.00
-301.00 239.00 0.00
-297.00 239.00 0.00
-293.00 239.00 0.00
-289.00 239.00 0.00
-285.00 239.00 0.00
-281.00 239.00 0.00
-277.00 239.00 0.00
-273.00 239.00 0.00
-269.00 239.00 0.00
-265.00 239.00 0.00
-261.00 239.00 0.00
-257.00 239.00 0.00
-253.00 239.00 0.00
-249.00 239.00 0.00
-245.00 239.00 0.00
-241.00 239.00 0.00
-237.00 239.00 0.00
-233.00 239.00 0.00
-229.00 239.00 0.00
-225.00 239.00 0.00
-221.00 239.00 0.00
-217.00 239.00 0.00
-213.00 239.00 0.00
-209.00 239.00 0.00
-205.00 239.00 0.00
-201.00 239.00 0.00
-197.00 239.00 0.00
-193.00 239.00 0.00
-189.00 239.00 0.00
-185.00 239.00 0.00
-181.00 239.00 0.00
-177.00 239.00 0.00
-173.00 239.00 0.00
-169.00 239.00 0.00
-165.00 239.00 0.00
-161.00 239.00 0.00
-157.00 239.00 0.00
-153.00 239.00 0.00
-149.00 239.00 0.00
-145.00 239.00 0.00
-141.00 239.00 0.00
-137.00 239.00 0.00
-133.00 239.00 0.00
-129.00 239.00 0.00
-125.00 239.00 0.00
-121.00 239.00 0.00
-117.00 239.00 0.00
-113.00 239.00 0.00
-109.00 239.00 0.00
-105.00 239.00 0.00
-101.00 239.00 0.00
-97.00 239.00 0.00
-93.00 239.00 0.00
-89.00 239.00 0.00
-85.00 239.00 0.00
-81.00 239.00 0.00
-77.00 239.00 0.00
-73.00 239.00 0.00
-69.00 239.00 0.00
-65.00 239.00 0.00
-61.00 239.00 0.00
-57.00 239.00 0.00
-53.00 239.00 0.00
-49.00 239.00 0.00
-45.00 239.00 0.00
-41.00 239.00 0.00
-37.00 239.00 0.00
-33.00 239.00 0.12
-29.00 239.00 0.18
-25.00 239.00 0.24
-21.00 239.00 0.32
-17.00 239.00 0.38
-13.00 239.00 0.45
-9.00 239.00 0.47
-5.00 239.00 0.47
-1.00 239.00 0.50
3.00 239.00 0.50
7.00 239.00 0.47
11.00 239.00 0.45
15.00 239.00 0.47
19.00 239.00 0.45
23.00 239.00 0.38
27.00 239.00 0.32
31.00 239.00 0.24
35.00 239.00 0.16
39.00 239.00 0.00
43.00 239.00 0.00
47.00 239.00 0.00
51.00 239.00 0.00
55.00 239.00 0.00
59.00 239.00 0.00
63.00 239.00 0.00
67.00 239.00 0.00
71.00 239.00 0.00
75.00 239.00 0.00
79.00 239.00 0.00
83.00 239.00 0.00
87.00 239.00 0.00
91.00 239.00 0.00
95.00 239.00 0.00
99.00 239.00 0.00
103.00 239.00 0.00
107.00 239.00 0.00
111.00 239.00 0.00
115.00 239.00 0.00
119.00 239.00 0.00
123.00 239.00 0.00
127.00 239.00 0.00
131.00 239.00 0.00
135.00 239.00 0.00
139.00 239.00 0.00
143.00 239.00 0.00
147.00 239.00 0.00
151.00 239.00 0.00
155.00 239.00 0.00
159.00 239.00 0.00
-357.00 243.00 0.00
-353.00 243.00 0.00
-349.00 243.00 0.00
-345.00 243.00 0.00
-341.00 243.00 0.00
-337.00 243.00 0.00
-333.00 243.00 0.00
-329.00 243.00 0.00
-325.00 243.00 0.00
-321.00 243.00 0.00
-317.00 243.00 0.00
-313.00 243.00 0.00
-309.00 243.00 0.00
-305.00 243.00 0.00
-301.00 243.00 0.00
-297.00 243.00 0.00
-293.00 243.00 0.00
-289.00 243.00 0.00
-285.00 243.00 0.00
-281.00 243.00 0.00
-277.00 243.00 0.00
-273.00 243.00 0.00
-269.00 243.00 0.00
-265.00 243.00 0.00
-261.00 243.00 0.00
-257.00 243.00 0.00
-253.00 243.00 0.00
-249.00 243.00 0.00
-245.00 243.00 0.00
-241.00 243.00 0.00
-237.00 243.00 0.00
-233.00 243.00 0.00
-229.00 243.00 0.00
-225.00 243.00 0.00
-221.00 243.00 0.00
-217.00 243.00 0.00
-213.00 243.00 0.00
-209.00 243.00 0.00
-205.00 243.00 0.00
-201.00 243.00 0.00
-197.00 243.00 0.00
-193.00 243.00 0.00
-189.00 243.00 0.00
-185.00 243.00 0.00
-181.00 243.00 0.00
-177.00 243.00 0.00
-173.00 243.00 0.00
-169.00 243.00 0.00
-165.00 243.00 0.00
-161.00 243.00 0.00
-157.00 243.00 0.00
-153.00 243.00 0.00
-149.00 243.00 0.00
-145.00 243.00 0.00
-141.00 243.00 0.00
-137.00 243.00 0.00
-133.00 243.00 0.00
-129.00 243.00 0.00
-125.00 243.00 0.00
-121.00 243.00 0.00
-117.00 243.00 0.00
-113.00 243.00 0.00
-109.00 243.00 0.00
-105.00 243.00 0.00
-101.00 243.00 0.00
-97.00 243.00 0.00
-93.00 243.00 0.00
-89.00 243.00 0.00
-85.00 243.00 0.00
-81.00 243.00 0.00
-77.00 243.00 0.00
-73.00 243.00 0.00
-69.00 243.00 0.00
-65.00 243.00 0.00
-61.00 243.00 0.00
-57.00 243.00 0.00
-53.00 243.00 0.00
-49.00 243.00 0.00
-45.00 243.00 0.00
-41.00 243.00 0.00
-37.00 243.00 0.00
-33.00 243.00 0.16
-29.00 243.00 0.24
-25.00 243.00 0.32
-21.00 243.00 0.38
-17.00 243.00 0.45
-13.00 243.00 0.47
-9.00 243.00 0.47
-5.00 243.00 0.47
-1.00 243.00 0.47
3.00 243.00 0.50
7.00 243.00 0.47
11.00 243.00 0.40
15.00 243.00 0.40
19.00 243.00 0.38
23.00 243.00 0.32
27.00 243.00 0.24
31.00 243.00 0.18
35.00 243.00 0.12
39.00 243.00 0.00
43.00 243.00 0.00
47.00 243.00 0.00
51.00 243.00 0.00
55.00 243.00 0.00
59.00 243.00 0.00
63.00 243.00 0.00
67.00 243.00 0.00
71.00 243.00 0.00
75.00 243.00 0.00
79.00 243.00 0.00
83.00 243.00 0.00
87.00 243.00 0.00
91.00 243.00 0.00
95.00 243.00 0.00
99.00 243.00 0.00
103.00 243.00 0.00
107.00 243.00 0.00
111.00 243.00 0.00
115.00 243.00 0.00
119.00 243.00 0.00
123.00 243.00 0.00
127.00 243.00 0.00
131.00 243.00 0.00
135.00 243.00 0.00
139.00 243.00 0.00
143.00 243.00 0.00
147.00 243.00 0.00
151.00 243.00 0.00
155.00 243.00 0.00
159.00 243.00 0.00
-357.00 247.00 0.00
-353.00 247.00 0.00
-349.00 247.00 0.00
-345.00 247.00 0.00
-341.00 247.00 0.00
-337.00 247.00 0.00
-333.00 247.00 0.00
-329.00 247.00 0.00
-325.00 247.00 0.00
-321.00 247.00 0.00
-317.00 247.00 0.00
-313.00 247.00 0.00
-309.00 247.00 0.00
-305.00 247.00 0.00
-301.00 247.00 0.00
-297.00 247.00 0.00
-293.00 247.00 0.00
-289.00 247.00 0.00
-285.00 247.00 0.00
-281.00 247.00 0.00
-277.00 247.00 0.00
-273.00 247.00 0.00
-269.00 247.00 0.00
-265.00 247.00 0.00
-261.00 247.00 0.00
-257.00 247.00 0.00
-253.00 247.00 0.00
-249.00 247.00 0.00
-245.00 247.00 0.00
-241.00 247.00 0.00
-237.00 247.00 0.00
-233.00 247.00 0.00
-229.00 247.00 0.00
-225.00 247.00 0.00
-221.00 247.00 0.00
-217.00 247.00 0.00
-213.00 247.00 0.00
-209.00 247.00 0.00
-205.00 247.00 0.00
-201.00 247.00 0.00
-197.00 247.00 0.00
-193.00 247.00 0.00
-189.00 247.00 0.00
-185.00 247.00 0.00
-181.00 247.00 0.00
-177.00 247.00 0.00
-173.00 247.00 0.00
-169.00 247.00 0.00
-165.00 247.00 0.00
-161.00 247.00 0.00
-157.00 247.00 0.00
-153.00 247.00 0.00
-149.00 247.00 0.00
-145.00 247.00 0.00
-141.00 247.00 0.00
-137.00 247.00 0.00
-133.00 247.00 0.00
-129.00 247.00 0.00
-125.00 247.00 0.00
-121.00 247.00 0.00
-117.00 247.00 0.00
-113.00 247.00 0.00
-109.00 247.00 0.00
-105.00 247.00 0.00
-101.00 247.00 0.00
-97.00 247.00 0.00
-93.00 247.00 0.00
-89.00 247.00 0.00
-85.00 247.00 0.00
-81.00 247.00 0.00
-77.00 247.00 0.00
-73.00 247.00 0.00
-69.00 247.00 0.00
-65.00 247.00 0.00
-61.00 247.00 0.00
-57.00 247.00 0.00
-53.00 247.00 0.00
-49.00 247.00 0.00
-45.00 247.00 0.00
-41.00 247.00 0.00
-37.00 247.00 0.12
-33.00 247.00 0.19
-29.00 247.00 0.29
-25.00 247.00 0.38
-21.00 247.00 0.45
-17.00 247.00 0.47
-13.00 247.00 0.50
-9.00 247.00 0.50
-5.00 247.00 0.50
-1.00 247.00 0.50
3.00 247.00 0.50
7.00 247.00 0.47
11.00 247.00 0.40
15.00 247.00 0.30
19.00 247.00 0.29
23.00 247.00 0.24
27.00 247.00 0.18
31.00 247.00 0.12
35.00 247.00 0.00
39.00 247.00 0.00
43.00 247.00 0.00
47.00 247.00 0.00
51.00 247.00 0.00
55.00 247.00 0.00
59.00 247.00 0.00
63.00 247.00 0.00
67.00 247.00 0.00
71.00 247.00 0.00
75.00 247.00 0.00
79.00 247.00 0.00
83.00 247.00 0.00
87.00 247.00 0.00
91.00 247.00 0.00
95.00 247.00 0.00
99.00 247.00 0.00
103.00 247.00 0.00
107.00 247.00 0.00
111.00 247.00 0.00
115.00 247.00 0.00
119.00 247.00 0.00
123.00 247.00 0.00
127.00 247.00 0.00
131.00 247.00 0.00
135.00 247.00 0.00
139.00 247.00 0.00
143.00 247.00 0.00
147.00 247.00 0.00
151.00 247.00 0.00
155.00 247.00 0.00
159.00 247.00 0.00
-357.00 251.00 0.00
-353.00 251.00 0.00
-349.00 251.00 0.00
-345.00 251.00 0.00
-341.00 251.00 0.00
-337.00 251.00 0.00
-333.00 251.00 0.00
-329.00 251.00 0.00
-325.00 251.00 0.00
-321.00 251.00 0.00
-317.00 251.00 0.00
-313.00 251.00 0.00
-309.00 251.00 0.00
-305.00 251.00 0.00
-301.00 251.00 0.00
-297.00 251.00 0.00
-293.00 251.00 0.00
-289.00 251.00 0.00
-285.00 251.00 0.00
-281.00 251.00 0.00
-277.00 251.00 0.00
-273.00 251.00 0.00
-269.00 251.00 0.00
-265.00 251.00 0.00
-261.00 251.00 0.00
-257.00 251.00 0.00
-253.00 251.00 0.00
-249.00 251.00 0.00
-245.00 251.00 0.00
-241.00 251.00 0.00
-237.00 251.00 0.00
-233.00 251.00 0.00
-229.00 251.00 0.00
-225.00 251.00 0.00
-221.00 251.00 0.00
-217.00 251.00 0.00
-213.00 251.00 0.00
-209.00 251.00 0.00
-205.00 251.00 0.00
-201.00 251.00 0.00
-197.00 251.00 0.00
-193.00 251.00 0.00
-189.00 251.00 0.00
-185.00 251.00 0.00
-181.00 251.00 0.00
-177.00 251.00 0.00
-173.00 251.00 0.00
-169.00 251.00 0.00
-165.00 251.00 0.00
-161.00 251.00 0.00
-157.00 251.00 0.00
-153.00 251.00 0.00
-149.00 251.00 0.00
-145.00 251.00 0.00
-141.00 251.00 0.00
-137.00 251.00 0.00
-133.00 251.00 0.00
-129.00 251.00 0.00
-125.00 251.00 0.00
-121.00 251.00 0.00
-117.00 251.00 0.00
-113.00 251.00 0.00
-109.00 251.00 0.00
-105.00 251.00 0.00
-101.00 251.00 0.00
-97.00 251.00 0.00
-93.00 251.00 0.00
-89.00 251.00 0.00
-85.00 251.00 0.00
-81.00 251.00 0.00
-77.00 251.00 0.00
-73.00 251.00 0.00
-69.00 251.00 0.00
-65.00 251.00 0.00
-61.00 251.00 0.00
-57.00 251.00 0.00
-53.00 251.00 0.00
-49.00 251.00 0.00
-45.00 251.00 0.00
-41.00 251.00 0.00
-37.00 251.00 0.12
-33.00 251.00 0.21
-29.00 251.00 0.30
-25.00 251.00 0.40
-21.00 251.00 0.47
-17.00 251.00 0.50
-13.00 251.00 0.47
-9.00 251.00 0.47
-5.00 251.00 0.47
-1.00 251.00 0.50
3.00 251.00 0.47
7.00 251.00 0.45
11.00 251.00 0.38
15.00 251.00 0.29
19.00 251.00 0.19
23.00 251.00 0.16
27.00 251.00 0.12
31.00 251.00 0.00
35.00 251.00 0.00
39.00 251.00 0.00
43.00 251.00 0.00
47.00 251.00 0.00
51.00 251.00 0.00
55.00 251.00 0.00
59.00 251.00 0.00
63.00 251.00 0.00
67.00 251.00 0.00
71.00 251.00 0.00
75.00 251.00 0.00
79.00 251.00 0.00
83.00 251.00 0.00
87.00 251.00 0.00
91.00 251.00 0.00
95.00 251.00 0.00
99.00 251.00 0.00
103.00 251.00 0.00
107.00 251.00 0.00
111.00 251.00 0.00
115.00 251.00 0.00
119.00 251.00 0.00
123.00 251.00 0.00
127.00 251.00 0.00
131.00 251.00 0.00
135.00 251.00 0.00
139.00 251.00 0.00
143.00 251.00 0.00
147.00 251.00 0.00
151.00 251.00 0.00
155.00 251.00 0.00
159.00 251.00 0.00
-357.00 255.00 0.00
-353.00 255.00 0.00
-349.00 255.00 0.00
-345.00 255.00 0.00
-341.00 255.00 0.00
-337.00 255.00 0.00
-333.00 255.00 0.00
-329.00 255.00 0.00
-325.00 255.00 0.00
-321.00 255.00 0.00
-317.00 255.00 0.00
-313.00 255.00 0.00
-309.00 255.00 0.00
-305.00 255.00 0.00
-301.00 255.00 0.00
-297.00 255.00 0.00
-293.00 255.00 0.00
-289.00 255.00 0.00
-285.00 255.00 0.00
-281.00 255.00 0.00
-277.00 255.00 0.00
-273.00 255.00 0.00
-269.00 255.00 0.00
-265.00 255.00 0.00
-261.00 255.00 0.00
-257.00 255.00 0.00
-253.00 255.00 0.00
-249.00 255.00 0.00
-245.00 255.00 0.00
-241.00 255.00 0.00
-237.00 255.00 0.00
-233.00 255.00 0.00
-229.00 255.00 0.00
-225.00 255.00 0.00
-221.00 255.00 0.00
-217.00 255.00 0.00
-213.00 255.00 0.00
-209.00 255.00 0.00
-205.00 255.00 0.00
-201.00 255.00 0.00
-197.00 255.00 0.00
-193.00 255.00 0.00
-189.00 255.00 0.00
-185.00 255.00 0.00
-181.00 255.00 0.00
-177.00 255.00 0.00
-173.00 255.00 0.00
-169.00 255.00 0.00
-165.00 255.00 0.00
-161.00 255.00 0.00
-157.00 255.00 0.00
-153.00 255.00 0.00
-149.00 255.00 0.00
-145.00 255.00 0.00
-141.00 255.00 0.00
-137.00 255.00 0.00
-133.00 255.00 0.00
-129.00 255.00 0.00
-125.00 255.00 0.00
-121.00 255.00 0.00
-117.00 255.00 0.00
-113.00 255.00 0.00
-109.00 255.00 0.00
-105.00 255.00 0.00
-101.00 255.00 0.00
-97.00 255.00 0.00
-93.00 255.00 0.00
-89.00 255.00 0.00
-85.00 255.00 0.00
-81.00 255.00 0.00
-77.00 255.00 0.00
-73.00 255.00 0.00
-69.00 255.00 0.00
-65.00 255.00 0.00
-61.00 255.00 0.00
-57.00 255.00 0.00
-53.00 255.00 0.00
-49.00 255.00 0.00
-45.00 255.00 0.00
-41.00 255.00 0.00
-37.00 255.00 0.12
-33.00 255.00 0.19
-29.00 255.00 0.29
-25.00 255.00 0.38
-21.00 255.00 0.45
-17.00 255.00 0.47
-13.00 255.00 0.45
-9.00 255.00 0.40
-5.00 255.00 0.47
-1.00 255.00 0.50
3.00 255.00 0.47
7.00 255.00 0.40
11.00 255.00 0.32
15.00 255.00 0.24
19.00 255.00 0.16
23.00 255.00 0.00
27.00 255.00 0.00
31.00 255.00 0.00
35.00 255.00 0.00
39.00 255.00 0.00
43.00 255.00 0.00
47.00 255.00 0.00
51.00 255.00 0.00
55.00 255.00 0.00
59.00 255.00 0.00
63.00 255.00 0.00
67.00 255.00 0.00
71.00 255.00 0.00
75.00 255.00 0.00
79.00 255.00 0.00
83.00 255.00 0.00
87.00 255.00 0.00
91.00 255.00 0.00
95.00 255.00 0.00
99.00 255.00 0.00
103.00 255.00 0.00
107.00 255.00 0.00
111.00 255.00 0.00
115.00 255.00 0.00
119.00 255.00 0.00
123.00 255.00 0.00
127.00 255.00 0.00
131.00 255.00 0.00
135.00 255.00 0.00
139.00 255.00 0.00
143.00 255.00 0.00
147.00 255.00 0.00
151.00 255.00 0.00
155.00 255.00 0.00
159.00 255.00 0.00
-357.00 259.00 0.00
-353.00 259.00 0.00
-349.00 259.00 0.00
-345.00 259.00 0.00
-341.00 259.00 0.00
-337.00 259.00 0.00
-333.00 259.00 0.00
-329.00 259.00 0.00
-325.00 259.00 0.00
-321.00 259.00 0.00
-317.00 259.00 0.00
-313.00 259.00 0.00
-309.00 259.00 0.00
-305.00 259.00 0.00
-301.00 259.00 0.00
-297.00 259.00 0.00
-293.00 259.00 0.00
-289.00 259.00 0.00
-285.00 259.00 0.00
-281.00 259.00 0.00
-277.00 259.00 0.00
-273.00 259.00 0.00
-269.00 259.00 0.00
-265.00 259.00 0.00
-261.00 259.00 0.00
-257.00 259.00 0.00
-253.00 259.00 0.00
-249.00 259.00 0.00
-245.00 259.00 0.00
-241.00 259.00 0.00
-237.00 259.00 0.00
-233.00 259.00 0.00
-229.00 259.00 0.00
-225.00 259.00 0.00
-221.00 259.00 0.00
-217.00 259.00 0.00
-213.00 259.00 0.00
-209.00 259.00 0.00
-205.00 259.00 0.00
-201.00 259.00 0.00
-197.00 259.00 0.00
-193.00 259.00 0.00
-189.00 259.00 0.00
-185.00 259.00 0.00
-181.00 259.00 0.00
-177.00 259.00 0.00
-173.00 259.00 0.00
-169.00 259.00 0.00
-165.00 259.00 0.00
-161.00 259.00 0.00
-157.00 259.00 0.00
-153.00 259.00 0.00
-149.00 259.00 0.00
-145.00 259.00 0.00
-141.00 259.00 0.00
-137.00 259.00 0.00
-133.00 259.00 0.00
-129.00 259.00 0.00
-125.00 259.00 0.00
-121.00 259.00 0.00
-117.00 259.00 0.00
-113.00 259.00 0.00
-109.00 259.00 0.00
-105.00 259.00 0.00
-101.00 259.00 0.00
-97.00 259.00 0.00
-93.00 259.00 0.00
-89.00 259.00 0.00
-85.00 259.00 0.00
-81.00 259.00 0.00
-77.00 259.00 0.00
-73.00 259.00 0.00
-69.00 259.00 0.00
-65.00 259.00 0.00
-61.00 259.00 0.00
-57.00 259.00 0.00
-53.00 259.00 0.00
-49.00 259.00 0.00
-45.00 259.00 0.00
-41.00 259.00 0.00
-37.00 259.00 0.00
-33.00 259.00 0.16
-29.00 259.00 0.24
-25.00 259.00 0.32
-21.00 259.00 0.38
-17.00 259.00 0.40
-13.00 259.00 0.38
-9.00 259.00 0.38
-5.00 259.00 0.45
-1.00 259.00 0.47
3.00 259.00 0.45
7.00 259.00 0.38
11.00 259.00 0.29
15.00 259.00 0.19
19.00 259.00 0.12
23.00 259.00 0.00
27.00 259.00 0.00
31.00 259.00 0.00
35.00 259.00 0.00
39.00 259.00 0.00
43.00 259.00 0.00
47.00 259.00 0.00
51.00 259.00 0.00
55.00 259.00 0.00
59.00 259.00 0.00
63.00 259.00 0.00
67.00 259.00 0.00
71.00 259.00 0.00
75.00 259.00 0.00
79.00 259.00 0.00
83.00 259.00 0.00
87.00 259.00 0.00
91.00 259.00 0.00
95.00 259.00 0.00
99.00 259.00 0.00
103.00 259.00 0.00
107.00 259.00 0.00
111.00 259.00 0.00
115.00 259.00 0.00
119.00 259.00 0.00
123.00 259.00 0.00
127.00 259.00 0.00
131.00 259.00 0.00
135.00 259.00 0.00
139.00 259.00 0.00
143.00 259.00 0.00
147.00 259.00 0.00
151.00 259.00 0.00
155.00 259.00 0.00
159.00 259.00 0.00
-357.00 263.00 0.00
-353.00 263.00 0.00
-349.00 263.00 0.00
-345.00 263.00 0.00
-341.00 263.00 0.00
-337.00 263.00 0.00
-333.00 263.00 0.00
-329.00 263.00 0.00
-325.00 263.00 0.00
-321.00 263.00 0.00
-317.00 263.00 0.00
-313.00 263.00 0.00
-309.00 263.00 0.00
-305.00 263.00 0.00
-301.00 263.00 0.00
-297.00 263.00 0.00
-293.00 263.00 0.00
-289.00 263.00 0.00
-285.00 263.00 0.00
-281.00 263.00 0.00
-277.00 263.00 0.00
-273.00 263.00 0.00
-269.00 263.00 0.00
-265.00 263.00 0.00
-261.00 263.00 0.00
-257.00 263.00 0.00
-253.00 263.00 0.00
-249.00 263.00 0.00
-245.00 263.00 0.00
-241.00 263.00 0.00
-237.00 263.00 0.00
-233.00 263.00 0.00
-229.00 263.00 0.00
-225.00 263.00 0.00
-221.00 263.00 0.00
-217.00 263.00 0.00
-213.00 263.00 0.00
-209.00 263.00 0.00
-205.00 263.00 0.00
-201.00 263.00 0.00
-197.00 263.00 0.00
-193.00 263.00 0.00
-189.00 263.00 0.00
-185.00 263.00 0.00
-181.00 263.00 0.00
-177.00 263.00 0.00
-173.00 263.00 0.00
-169.00 263.00 0.00
-165.00 263.00 0.00
-161.00 263.00 0.00
-157.00 263.00 0.00
-153.00 263.00 0.00
-149.00 263.00 0.00
-145.00 263.00 0.00
-141.00 263.00 0.00
-137.00 263.00 0.00
-133.00 263.00 0.00
-129.00 263.00 0.00
-125.00 263.00 0.00
-121.00 263.00 0.00
-117.00 263.00 0.00
-113.00 263.00 0.00
-109.00 263.00 0.00
-105.00 263.00 0.00
-101.00 263.00 0.00
-97.00 263.00 0.00
-93.00 263.00 0.00
-89.00 263.00 0.00
-85.00 263.00 0.00
-81.00 263.00 0.00
-77.00 263.00 0.00
-73.00 263.00 0.00
-69.00 263.00 0.00
-65.00 263.00 0.00
-61.00 263.00 0.00
-57.00 263.00 0.00
-53.00 263.00 0.00
-49.00 263.00 0.00
-45.00 263.00 0.00
-41.00 263.00 0.00
-37.00 263.00 0.00
-33.00 263.00 0.12
-29.00 263.00 0.18
-25.00 263.00 0.24
-21.00 263.00 0.29
-17.00 263.00 0.30
-13.00 263.00 0.29
-9.00 263.00 0.32
-5.00 263.00 0.38
-1.00 263.00 0.40
3.00 263.00 0.38
7.00 263.00 0.32
11.00 263.00 0.24
15.00 263.00 0.16
19.00 263.00 0.00
23.00 263.00 0.00
27.00 263.00 0.00
31.00 263.00 0.00
35.00 263.00 0.00
39.00 263.00 0.00
43.00 263.00 0.00
47.00 263.00 0.00
51.00 263.00 0.00
55.00 263.00 0.00
59.00 263.00 0.00
63.00 263.00 0.00
67.00 263.00 0.00
71.00 263.00 0.00
75.00 263.00 0.00
79.00 263.00 0.00
83.00 263.00 0.00
87.00 263.00 0.00
91.00 263.00 0.00
95.00 263.00 0.00
99.00 263.00 0.00
103.00 263.00 0.00
107.00 263.00 0.00
111.00 263.00 0.00
115.00 263.00 0.00
119.00 263.00 0.00
123.00 263.00 0.00
127.00 263.00 0.00
131.00 263.00 0.00
135.00 263.00 0.00
139.00 263.00 0.00
143.00 263.00 0.00
147.00 263.00 0.00
151.00 263.00 0.00
155.00 263.00 0.00
159.00 263.00 0.00
-357.00 267.00 0.00
-353.00 267.00 0.00
-349.00 267.00 0.00
-345.00 267.00 0.00
-341.00 267.00 0.00
-337.00 267.00 0.00
-333.00 267.00 0.00
-329.00 267.00 0.00
-325.00 267.00 0.00
-321.00 267.00 0.00
-317.00 267.00 0.00
-313.00 267.00 0.00
-309.00 267.00 0.00
-305.00 267.00 0.00
-301.00 267.00 0.00
-297.00 267.00 0.00
-293.00 267.00 0.00
-289.00 267.00 0.00
-285.00 267.00 0.00
-281.00 267.00 0.00
-277.00 267.00 0.00
-273.00 267.00 0.00
-269.00 267.00 0.00
-265.00 267.00 0.00
-261.00 267.00 0.00
-257.00 267.00 0.00
-253.00 267.00 0.00
-249.00 267.00 0.00
-245.00 267.00 0.00
-241.00 267.00 0.00
-237.00 267.00 0.00
-233.00 267.00 0.00
-229.00 267.00 0.00
-225.00 267.00 0.00
-221.00 267.00 0.00
-217.00 267.00 0.00
-213.00 267.00 0.00
-209.00 267.00 0.00
-205.00 267.00 0.00
-201.00 267.00 0.00
-197.00 267.00 0.00
-193.00 267.00 0.00
-189.00 267.00 0.00
-185.00 267.00 0.00
-181.00 267.00 0.00
-177.00 267.00 0.00
-173.00 267.00 0.00
-169.00 267.00 0.00
-165.00 267.00 0.00
-161.00 267.00 0.00
-157.00 267.00 0.00
-153.00 267.00 0.00
-149.00 267.00 0.00
-145.00 267.00 0.00
-141.00 267.00 0.00
-137.00 267.00 0.00
-133.00 267.00 0.00
-129.00 267.00 0.00
-125.00 267.00 0.00
-121.00 267.00 0.00
-117.00 267.00 0.00
-113.00 267.00 0.00
-109.00 267.00 0.00
-105.00 267.00 0.00
-101.00 267.00 0.00
-97.00 267.00 0.00
-93.00 267.00 0.00
-89.00 267.00 0.00
-85.00 267.00 0.00
-81.00 267.00 0.00
-77.00 267.00 0.00
-73.00 267.00 0.00
-69.00 267.00 0.00
-65.00 267.00 0.00
-61.00 267.00 0.00
-57.00 267.00 0.00
-53.00 267.00 0.00
-49.00 267.00 0.00
-45.00 267.00 0.00
-41.00 267.00 0.00
-37.00 267.00 0.00
-33.00 267.00 0.00
-29.00 267.00 0.12
-25.00 267.00 0.16
-21.00 267.00 0.19
-17.00 267.00 0.21
-13.00 267.00 0.19
-9.00 267.00 0.24
-5.00 267.00 0.29
-1.00 267.00 0.30
3.00 267.00 0.29
7.00 267.00 0.24
11.00 267.00 0.18
15.00 267.00 0.12
19.00 267.00 0.00
23.00 267.00 0.00
27.00 267.00 0.00
31.00 267.00 0.00
35.00 267.00 0.00
39.00 267.00 0.00
43.00 267.00 0.00
47.00 267.00 0.00
51.00 267.00 0.00
55.00 267.00 0.00
59.00 267.00 0.00
63.00 267.00 0.00
67.00 267.00 0.00
71.00 267.00 0.00
75.00 267.00 0.00
79.00 267.00 0.00
83.00 267.00 0.00
87.00 267.00 0.00
91.00 267.00 0.00
95.00 267.00 0.00
99.00 267.00 0.00
103.00 267.00 0.00
107.00 267.00 0.00
111.00 267.00 0.00
115.00 267.00 0.00
119.00 267.00 0.00
123.00 267.00 0.00
127.00 267.00 0.00
131.00 267.00 0.00
135.00 267.00 0.00
139.00 267.00 0.00
143.00 267.00 0.00
147.00 267.00 0.00
151.00 267.00 0.00
155.00 267.00 0.00
159.00 267.00 0.00
-357.00 271.00 0.00
-353.00 271.00 0.00
-349.00 271.00 0.00
-345.00 271.00 0.00
-341.00 271.00 0.00
-337.00 271.00 0.00
-333.00 271.00 0.00
-329.00 271.00 0.00
-325.00 271.00 0.00
-321.00 271.00 0.00
-317.00 271.00 0.00
-313.00 271.00 0.00
-309.00 271.00 0.00
-305.00 271.00 0.00
-301.00 271.00 0.00
-297.00 271.00 0.00
-293.00 271.00 0.00
-289.00 271.00 0.00
-285.00 271.00 0.00
-281.00 271.00 0.00
-277.00 271.00 0.00
-273.00 271.00 0.00
-269.00 271.00 0.00
-265.00 271.00 0.00
-261.00 271.00 0.00
-257.00 271.00 0.00
-253.00 271.00 0.00
-249.00 271.00 0.00
-245.00 271.00 0.00
-241.00 271.00 0.00
-237.00 271.00 0.00
-233.00 271.00 0.00
-229.00 271.00 0.00
-225.00 271.00 0.00
-221.00 271.00 0.00
-217.00 271.00 0.00
-213.00 271.00 0.00
-209.00 271.00 0.00
-205.00 271.00 0.00
-201.00 271.00 0.00
-197.00 271.00 0.00
-193.00 271.00 0.00
-189.00 271.00 0.00
-185.00 271.00 0.00
-181.00 271.00 0.00
-177.00 271.00 0.00
-173.00 271.00 0.00
-169.00 271.00 0.00
-165.00 271.00 0.00
-161.00 271.00 0.00
-157.00 271.00 0.00
-153.00 271.00 0.00
-149.00 271.00 0.00
-145.00 271.00 0.00
-141.00 271.00 0.00
-137.00 271.00 0.00
-133.00 271.00 0.00
-129.00 271.00 0.00
-125.00 271.00 0.00
-121.00 271.00 0.00
-117.00 271.00 0.00
-113.00 271.00 0.00
-109.00 271.00 0.00
-105.00 271.00 0.00
-101.00 271.00 0.00
-97.00 271.00 0.00
-93.00 271.00 0.00
-89.00 271.00 0.00
-85.00 271.00 0.00
-81.00 271.00 0.00
-77.00 271.00 0.00
-73.00 271.00 0.00
-69.00 271.00 0.00
-65.00 271.00 0.00
-61.00 271.00 0.00
-57.00 271.00 0.00
-53.00 271.00 0.00
-49.00 271.00 0.00
-45.00 271.00 0.00
-41.00 271.00 0.00
-37.00 271.00 0.00
-33.00 271.00 0.00
-29.00 271.00 0.00
-25.00 271.00 0.00
-21.00 271.00 0.12
-17.00 271.00 0.12
-13.00 271.00 0.12
-9.00 271.00 0.16
-5.00 271.00 0.19
-1.00 271.00 0.21
3.00 271.00 0.19
7.00 271.00 0.16
11.00 271.00 0.12
15.00 271.00 0.00
19.00 271.00 0.00
23.00 271.00 0.00
27.00 271.00 0.00
31.00 271.00 0.00
35.00 271.00 0.00
39.00 271.00 0.00
43.00 271.00 0.00
47.00 271.00 0.00
51.00 271.00 0.00
55.00 271.00 0.00
59.00 271.00 0.00
63.00 271.00 0.00
67.00 271.00 0.00
71.00 271.00 0.00
75.00 271.00 0.00
79.00 271.00 0.00
83.00 271.00 0.00
87.00 271.00 0.00
91.00 271.00 0.00
95.00 271.00 0.00
99.00 271.00 0.00
103.00 271.00 0.00
107.00 271.00 0.00
111.00 271.00 0.00
115.00 271.00 0.00
119.00 271.00 0.00
123.00 271.00 0.00
127.00 271.00 0.00
131.00 271.00 0.00
135.00 271.00 0.00
139.00 271.00 0.00
143.00 271.00 0.00
147.00 271.00 0.00
151.00 271.00 0.00
155.00 271.00 0.00
159.00 271.00 0.00
-357.00 275.00 0.00
-353.00 275.00 0.00
-349.00 275.00 0.00
-345.00 275.00 0.00
-341.00 275.00 0.00
-337.00 275.00 0.00
-333.00 275.00 0.00
-329.00 275.00 0.00
-325.00 275.00 0.00
-321.00 275.00 0.00
-317.00 275.00 0.00
-313.00 275.00 0.00
-309.00 275.00 0.00
-305.00 275.00 0.00
-301.00 275.00 0.00
-297.00 275.00 0.00
-293.00 275.00 0.00
-289.00 275.00 0.00
-285.00 275.00 0.00
-281.00 275.00 0.00
-277.00 275.00 0.00
-273.00 275.00 0.00
-269.00 275.00 0.00
-265.00 275.00 0.00
-261.00 275.00 0.00
-257.00 275.00 0.00
-253.00 275.00 0.00
-249.00 275.00 0.00
-245.00 275.00 0.00
-241.00 275.00 0.00
-237.00 275.00 0.00
-233.00 275.00 0.00
-229.00 275.00 0.00
-225.00 275.00 0.00
-221.00 275.00 0.00
-217.00 275.00 0.00
-213.00 275.00 0.00
-209.00 275.00 0.00
-205.00 275.00 0.00
-201.00 275.00 0.00
-197.00 275.00 0.00
-193.00 275.00 0.00
-189.00 275.00 0.00
-185.00 275.00 0.00
-181.00 275.00 0.00
-177.00 275.00 0.00
-173.00 275.00 0.00
-169.00 275.00 0.00
-165.00 275.00 0.00
-161.00 275.00 0.00
-157.00 275.00 0.00
-153.00 275.00 0.00
-149.00 275.00 0.00
-145.00 275.00 0.00
-141.00 275.00 0.00
-137.00 275.00 0.00
-133.00 275.00 0.00
-129.00 275.00 0.00
-125.00 275.00 0.00
-121.00 275.00 0.00
-117.00 275.00 0.00
-113.00 275.00 0.00
-109.00 275.00 0.00
-105.00 275.00 0.00
-101.00 275.00 0.00
-97.00 275.00 0.00
-93.00 275.00 0.00
-89.00 275.00 0.00
-85.00 275.00 0.00
-81.00 275.00 0.00
-77.00 275.00 0.00
-73.00 275.00 0.00
-69.00 275.00 0.00
-65.00 275.00 0.00
-61.00 275.00 0.00
-57.00 275.00 0.00
-53.00 275.00 0.00
-49.00 275.00 0.00
-45.00 275.00 0.00
-41.00 275.00 0.00
-37.00 275.00 0.00
-33.00 275.00 0.00
-29.00 275.00 0.00
-25.00 275.00 0.00
-21.00 275.00 0.00
-17.00 275.00 0.00
-13.00 275.00 0.00
-9.00 275.00 0.00
-5.00 275.00 0.12
-1.00 275.00 0.12
3.00 275.00 0.12
7.00 275.00 0.00
11.00 275.00 0.00
15.00 275.00 0.00
19.00 275.00 0.00
23.00 275.00 0.00
27.00 275.00 0.00
31.00 275.00 0.00
35.00 275.00 0.00
39.00 275.00 0.00
43.00 275.00 0.00
47.00 275.00 0.00
51.00 275.00 0.00
55.00 275.00 0.00
59.00 275.00 0.00
63.00 275.00 0.00
67.00 275.00 0.00
71.00 275.00 0.00
75.00 275.00 0.00
79.00 275.00 0.00
83.00 275.00 0.00
87.00 275.00 0.00
91.00 275.00 0.00
95.00 275.00 0.00
99.00 275.00 0.00
103.00 275.00 0.00
107.00 275.00 0.00
111.00 275.00 0.00
115.00 275.00 0.00
119.00 275.00 0.00
123.00 275.00 0.00
127.00 275.00 0.00
131.00 275.00 0.00
135.00 275.00 0.00
139.00 275.00 0.00
143.00 275.00 0.00
147.00 275.00 0.00
151.00 275.00 0.00
155.00 275.00 0.00
159.00 275.00 0.00
